tree
version=v4
num_class=1
num_tree_per_iteration=1
label_index=0
max_feature_idx=31
objective=lambdarank
feature_names=word char description filter bm_title bm_description bm_params coverage_title coverage_description coverage_params geo same_location location_probability micro bm_hybrid log_reviews rating log_price log_distance has_center phone_hidden message_forbidden title_length query_length history_count exact_title_phrase bm_relative word_relative char_relative bm_title_relative micro_confidence log_location_inventory
feature_infos=[0:0.717762291431427] [0:1.0000003576278687] [0:1] [0:1] [0:1.5790195465087891] [0:2.1527988910675049] [0:2.134838342666626] [0:1] [0:1] [0:1] [0:1] [0:1] [0:1] [0:1] [0:5.0521440505981445] [0:9.8142194747924805] [0:5] [0:26.820091247558594] [0:9.6034755706787109] [0:1] [0:1] [0:1] [3:100] [1:8] [0:8.7852334976196289] [0:1] [0:1] [0:1] [0:1] [0:1] [0:7.9027218818664551] [0:9.8804235458374023]
tree_sizes=2671 2672 2671 2681 2688 2669 2685 2683 2672 2673 2676 2678 2687 2685 2679 2686 2677 2686 2683 2681 2688 2685 2694 2674 2675 2683 2672 2684 2671 2684 2677 2689 2687 2677 2675 2676 2681 2682 2683 2683 2679 2692 2678 2676 2686 2684 2683 2691 2689 2700 2688 2678 2684 2666 2697 2688 2687 2685 2685 2689 2696 2682 2691 2685 2671 2689 2687 2692 2685 2689 2690 2689 2694 2671 2694 2696 2688 2686 2692 2694 2689 2695 2679 2690 2677 2697 2683 2692 2696 2698 2690 2685 2674 2682 2694 2703 2684 2677 2685 2678 2688 2701 2690 2702 2713 2686 2690 2693 2689 2687 2698 2678 2704 2708 2694 2701 2706 2679 2692 2685 2706 2693 2696 2693 2693 2705 2712 2688 2696 2690 2698 2702 2693 2695 2692 2704 2706 2686 2698 2701 2686 2695 2704 2690 2686 2692 2702 2697 2688 2678 2699 2698 2687 2700 2702 2691 2690 2668 2694 2695 2699 2686 2691 2685 2694 2690 2688 2709 2698 2680 2693 2700 2700 2686 2722 2717 2681 2686 2671 2675 2703 2682 2675 2696 2673 2674 2653 2674 2694 2713 2712 2694 2709 2690 2674 2663 2686 2652 2686 2713 2698 2684 2660 2700 2700 2681 2693 2682 2689 2675 2671 2691 2676 2666 2681 2714 2645 2696 2659 2676 2676 2691 2687 2664 2667 2666 2699 2689 2698 2694 2686 2677 2675 2715 2682 2659 2694 2681 2674 2643 2651 2689 2686 2689 2691 2691 2701 2708 2675 2664

Tree=0
num_leaves=23
num_cat=0
split_feature=10 26 26 13 8 31 31 18 12 26 13 12 0 31 8 8 2 8 1 7 26 8
split_gain=6332.01 3590.2 314.843 255.468 123.866 124.217 111.595 98.9511 86.7347 63.6143 44.917 40.4294 40.0634 31.6261 31.2683 30.9643 27.4005 24.874 20.9508 18.2873 17.7863 17.0977
threshold=0.0053777841385453948 0.50981926918029796 0.67737483978271495 0.01953974645584822 0.85778120160102855 8.3079695701599139 8.0437264442443865 4.2030684947967538 0.81036999821662914 0.93302914500236522 0.0045427088625729093 0.82693237066268932 0.096934027969837203 7.0630114078521737 0.73941960930824291 0.99376392364501964 0.088561065495014205 0.59740149974823009 0.40489807724952703 0.55045935511589061 0.44369977712631231 0.53107997775077831
decision_type=2 2 2 2 2 2 2 2 2 2 2 2 2 2 2 2 2 2 2 2 2 2
left_child=7 3 4 14 5 10 8 15 17 -9 19 21 18 -10 -2 -1 -8 -5 -7 -3 -15 -12
right_child=1 2 -4 6 -6 12 16 9 13 -11 11 -13 -14 20 -16 -17 -18 -19 -20 -21 -22 -23
leaf_value=-0.038453085414044644 -0.071269257254869947 -0.035820842561488528 0.071046653571110965 -0.038448371931125956 0.061055076728164577 -0.035921306155990873 -0.053975040243806068 -0.075297026590535068 0.039257090682965304 0.0074039719196143175 -0.010329440103631819 0.052634659707005177 0.02431621212797519 -0.022890290526691698 -0.0040012357384327504 0.023633575115775522 0.013541215714861698 0.015270788894430426 0.013451116200266991 0.021891298979136598 0.020561601216683514 0.029408115681025641
leaf_weight=12.211895423915847 337.2784934776264 13.221650261533798 1523.1621724576326 62.116702746225201 144.90697334177821 75.447944602423377 95.481836910605125 1232.3117675110698 66.362592708828743 13.332561269871801 29.190935800979787 123.30599226317281 21.251175546523882 22.962073739468906 12.687483557427184 20.611787519432255 6.6812737805448696 11.31716818505083 10.99714003135159 5.8186618145555249 17.959414021752309 22.471193196106469
leaf_count=7378 241301 8013 50287 28093 8173 34849 48303 720105 9437 3572 10199 11636 3436 10060 3661 3639 1039 2040 1916 437 3557 3060
internal_value=-4.37143e-11 0.0357879 0.0623495 -0.0465704 0.0317817 0.0162142 -0.0174016 -0.072567 0.00194482 -0.0743599 0.0347098 0.0409077 -0.0172228 0.0240284 -0.0690095 -0.00305088 -0.048746 -0.0293315 -0.0288969 -0.0167191 -0.00352741 0.00892114
internal_weight=3881.09 2602.62 1969.77 632.847 446.612 301.705 282.881 1278.47 180.718 1245.64 194.008 174.968 107.696 107.284 349.966 32.8237 102.163 73.4339 86.4451 19.0403 40.9215 51.6621
internal_count=1214191 479497 132006 347491 81719 73546 102529 734694 53187 723677 33345 24895 40201 23054 244962 11017 49342 30133 36765 8450 13617 13259
is_linear=0
shrinkage=0.04


Tree=1
num_leaves=23
num_cat=0
split_feature=10 26 26 8 13 31 18 18 13 23 26 7 31 26 26 8 29 27 8 30 9 12
split_gain=11268 6752.9 1488.46 575.296 572.28 399.286 228.28 185.719 192.419 169.167 187.643 147.765 140.483 133.815 133.728 126.146 123.604 102.574 100.243 99.6861 88.0424 86.6108
threshold=0.0046083058696240195 0.50981926918029796 0.85254633426666271 0.99376392364501964 0.01953974645584822 8.9077382087707537 4.5545287132263192 3.0378198623657231 0.056803386658430106 2.5000000000000004 0.30855594575405126 0.59866300225257885 6.9275536537170419 0.5958346724510194 0.97964814305305492 0.73941960930824291 0.93374615907669078 0.29179558157920843 0.62064233422279369 0.94543319940567028 0.55316811800003063 0.61206930875778209
decision_type=2 2 2 2 2 2 2 2 2 2 2 2 2 2 2 2 2 2 2 2 2 2
left_child=6 4 3 5 15 7 13 8 -3 10 -6 -7 -10 -1 -4 -2 -8 -14 20 -12 -11 -5
right_child=1 2 14 21 9 11 16 -9 12 18 19 -13 17 -15 -16 -17 -18 -19 -20 -21 -22 -23
leaf_value=-0.05503800979696459 -0.068674409638059569 -0.019209915610462754 0.0512968015184085 0.019892566276596964 -0.052255984718329158 -0.023585217900191548 -0.071449654125975218 -0.0021466252423577819 0.052750313787697699 -0.054697146939638445 -0.031062173546373129 0.022412978996087442 0.012010878695223355 0.030458442831573531 0.068867898278037784 0.0053807526993053566 -0.018073109154611904 0.043425619170822043 0.015621495039193531 0.016336142317504177 0.020623035747445867 0.045146716493032105
leaf_weight=42.153136983324657 974.24895127697528 116.12890529772267 1751.4644108975772 284.86002142808866 101.00247265311191 570.64914546450018 2764.5141729500829 418.45539369509788 393.72833185779746 299.63978531415341 80.521116652031196 129.94853784536826 501.73381367994443 57.188500855845632 1480.8991592102102 36.780371350003406 79.355659966589883 247.98226611272548 38.598368129169103 322.93380204313144 21.941132448671851 1386.9204293319053
leaf_count=9917 241611 10133 10127 6058 14287 49122 704684 22097 3071 50554 11900 2696 12069 4161 3372 3691 12870 2252 2669 22723 1501 12626
internal_value=5.51044e-10 0.0218878 0.0393143 0.0230709 -0.0456247 0.0103597 -0.0679521 0.0209141 0.0285319 -0.0213711 -0.00616858 -0.014858 0.033505 -0.00753554 0.0595345 -0.065954 -0.0700288 0.0228367 -0.0419216 0.00635395 -0.0490912 0.0409875
internal_weight=12101.6 9158.44 7282.77 4050.41 1875.67 2378.63 2943.21 1678.03 1259.57 864.637 504.457 700.598 1143.44 99.3416 3232.36 1011.03 2843.87 749.716 360.179 403.455 321.581 1671.78
internal_count=1214191 482559 133623 120124 348936 101440 731632 49622 27525 103634 48910 51818 17392 14078 13499 245302 717554 14321 54724 34623 52055 18684
is_linear=0
shrinkage=0.04


Tree=2
num_leaves=23
num_cat=0
split_feature=26 10 10 26 26 8 31 13 18 26 13 9 31 18 8 31 7 3 9 31 18 8
split_gain=11323.7 4369.63 1440.15 1353.66 336.519 319.202 271.806 251.162 159.302 154.551 153.25 122.763 117.641 100.853 100.154 96.6667 96.1523 85.5186 78.3311 71.3654 62.3106 61.1891
threshold=0.63466134667396557 0.0024403325514867906 0.0046083058696240195 0.44167290627956396 0.78283172845840465 0.85778120160102855 7.8824751377105722 0.17075557261705401 4.5545287132263192 0.93302914500236522 0.005590044893324376 0.70159596204757702 8.3079695701599139 4.2030684947967538 0.72192299365997326 8.9077382087707537 0.53197160363197338 0.12835847586393359 0.58152645826339733 7.2631113529205331 3.1146284341812138 0.59179851412773143
decision_type=2 2 2 2 2 2 2 2 2 2 2 2 2 2 2 2 2 2 2 2 2 2
left_child=2 9 -1 7 14 6 8 17 10 13 -5 -8 -6 -2 15 20 -10 -4 -9 -12 -3 -14
right_child=1 4 3 5 12 -7 11 18 16 -11 19 -13 21 -15 -16 -17 -18 -19 -20 -21 -22 -23
leaf_value=-0.068557680043863839 0.0090382772413389947 0.033794370553943034 -0.065826078087338868 -0.041803967009884653 0.056310654012960343 0.032527847647166513 -0.04053042809958534 -0.03107273717535473 -0.035689248998607169 0.010039109857902745 0.038578144825151435 0.023446411244478358 0.017227674197241787 -0.063149636962877564 0.039831614588247272 -0.004323773719660238 0.031214105859939733 -0.011309098784139016 0.026545776554980405 0.00055369953493762745 0.0018941754512535106 0.044375894670122096
leaf_weight=2237.2833959860654 29.965409710537642 486.75511391205509 999.1295430581049 47.566083805657399 2976.0858176127367 380.10114433564013 396.48742225386377 393.200558352808 156.92525685393775 51.286289164629125 288.32768728623341 47.841900122934021 169.30955291830469 683.53127854698687 835.86890989303356 199.8199986849213 35.011993350984994 53.065040775691159 34.082605596508074 107.80645353031287 123.57427079134504 1164.9215652275598
leaf_count=552394 1915 8537 229824 11093 13376 8482 67951 51143 22037 3513 5623 3316 4134 170002 13615 16611 1559 7547 1514 5340 6726 7939
internal_value=-4.20323e-09 0.0342263 -0.0444167 -0.0258728 0.0457905 0.00148664 -0.0096367 -0.0527021 0.00714835 -0.0552668 0.0202064 -0.0332775 0.0517036 -0.0600349 0.0300876 0.0196712 -0.0225438 -0.063209 -0.0259748 0.0284984 0.0274701 0.0410847
internal_weight=11897.9 6721.12 5176.83 2939.55 5956.34 1460.07 1079.97 1479.48 635.637 764.783 443.7 444.329 4310.32 713.497 1646.02 810.149 191.937 1052.19 427.283 396.134 610.329 1334.23
internal_count=1214191 246368 967823 415429 70938 125401 116919 290028 45652 175430 22056 71267 25449 171917 45489 31874 23596 237371 52657 10963 15263 12073
is_linear=0
shrinkage=0.04


Tree=3
num_leaves=23
num_cat=0
split_feature=26 10 10 26 8 18 26 13 13 9 12 8 3 4 1 12 24 29 4 26 12 30
split_gain=9886.73 3779.88 1327.39 1201.13 269.109 245.848 241.909 220 210.488 162.109 159.762 117.765 84.8436 74.3025 70.6713 69.1923 66.6041 64.8586 64.629 54.7141 50.5553 49.1162
threshold=0.63466134667396557 0.0079072723165154474 0.0046083058696240195 0.44167290627956396 0.85778120160102855 5.3883748054504403 0.93302914500236522 0.077258035540580763 0.0045427088625729093 0.49286942183971411 0.94494029879570018 0.85778120160102855 0.12835847586393359 0.74611929059028637 0.12624759227037433 0.94643676280975353 1.2424533367156985 0.93374615907669078 0.51759871840477001 0.30855594575405126 0.94494029879570018 2.4351477622985844
decision_type=2 2 2 2 2 2 2 2 2 2 2 2 2 2 2 2 2 2 2 2 2 2
left_child=2 5 -1 7 8 -2 11 12 18 10 -10 13 -4 15 -12 -3 -9 -7 -5 -18 -13 -19
right_child=1 6 3 4 -6 17 -8 16 9 -11 14 20 -14 -15 -16 -17 19 21 -20 -21 -22 -23
leaf_value=-0.065600813915656017 0.0096488875386518732 0.013969918799755239 -0.063181103302370825 -0.058605081754325078 0.031306819415782436 -0.061830834080463887 0.053757562792894814 -0.042811962083896066 -0.027881104691093214 0.030602257947319276 -0.0063524339720859163 0.036582722353270793 -0.0085398658334900762 0.047314832275412062 0.029815948471088826 0.032551301999366539 -0.046124547143499645 0.010892212292042574 0.01593507122160771 -0.0021140817569506865 0.050595298818485415 -0.051167359495171726
leaf_weight=2189.6020401577189 95.453971830254886 629.70014878895017 925.39883883969742 136.50000071857357 365.04819265467813 626.86099525692407 2211.2529339303146 199.23356605165463 357.56039454193524 197.29750532953767 184.44437871791888 1109.507695418346 51.349228785053128 270.44861098812544 148.11574087278859 702.7152369178657 48.041700942776515 40.276075574656716 17.041589536267566 209.06677207868779 914.09940836706664 26.288099633675301
leaf_count=552394 8384 29574 223881 35799 8482 162553 5712 31788 54070 9097 11658 12493 6941 3021 4915 10648 9076 3660 1380 18342 4177 6146
internal_value=1.92976e-09 0.0320729 -0.0422441 -0.0240636 0.00223289 -0.0496562 0.0431834 -0.0496999 -0.00816376 -0.000473628 -0.00966807 0.0366057 -0.0604242 0.0281522 0.0101564 0.0239392 -0.0259423 -0.057841 -0.0498634 -0.0117565 0.0431301 -0.0170987
internal_weight=11655.3 6626.6 5028.7 2839.1 1406.01 788.879 5837.72 1433.09 1040.96 887.418 690.121 3626.47 976.748 1602.86 332.56 1332.42 456.342 693.425 153.542 257.108 2023.61 66.5642
internal_count=1214191 246368 967823 415429 125401 180743 65625 290028 116919 79740 70643 59913 230822 43243 16573 40222 59206 172359 37179 27418 16670 9806
is_linear=0
shrinkage=0.04


Tree=4
num_leaves=23
num_cat=0
split_feature=26 10 10 26 26 8 31 13 18 12 13 15 5 31 10 3 29 10 14 31 12 7
split_gain=9021.94 3423.06 1181.01 1094.8 258.982 226.857 224.299 195.099 124.96 123.489 113.546 86.143 82.4997 82.0407 98.9592 72.3106 70.9486 69.1498 57.9687 57.6273 70.1664 55.2561
threshold=0.63466134667396557 0.0026906024431809787 0.0046083058696240195 0.44167290627956396 0.88382774591445934 0.85778120160102855 7.8824751377105722 0.17075557261705401 5.3883748054504403 0.71133798360824596 0.0045427088625729093 3.3140207529067998 1.0000000180025095e-35 7.8121080398559579 0.87500000000000011 0.12835847586393359 0.93374615907669078 0.53810974955558788 1.9468453526496889 9.6425895690917987 0.6602836847305299 0.55045935511589061
decision_type=2 2 2 2 2 2 2 2 2 2 2 2 2 2 2 2 2 2 2 2 2 2
left_child=2 8 -1 7 11 6 9 15 -2 17 21 19 -8 14 -9 -4 -10 -5 -14 20 -3 -11
right_child=1 4 3 5 -6 -7 12 13 16 10 -12 -13 18 -15 -16 -17 -18 -19 -20 -21 -22 -23
leaf_value=-0.063000429996980939 0.0024070197921578886 0.00070766089879395738 -0.060366719408951178 0.0076646659201024345 0.049521590319366419 0.028557326287680113 0.008046421403086099 -0.032991927226469181 -0.059883596104090671 -0.053438327684947926 0.024809174048938273 0.037905537741962439 -0.048852603406675944 -0.045557606856897796 0.015209050427755944 -0.012402655991915687 -0.014282926070803564 -0.045608171784390077 -0.012305464560905713 0.0029540929465053847 0.031763103282015613 0.029852153859083207
leaf_weight=2147.1026172051097 64.515876392586506 136.31214149630978 940.43608069572656 63.292851176171098 2911.4841165408434 363.05209962872323 71.643486157816369 127.82023725056206 597.15461309733655 39.825419455679366 410.71543381895754 1782.6277693944867 236.14930113031005 163.32743749130168 126.24491870435304 59.318831370794214 68.084253082284704 82.024309786283993 108.44570417830255 188.57506485085469 806.0277850440325 9.9079407085082476
leaf_count=552394 6918 6770 229824 5158 10042 8482 7891 18460 159360 11558 13255 31526 47492 27620 6577 7547 9633 15507 15884 9641 12478 174
internal_value=8.08792e-10 0.0307615 -0.0407199 -0.0234847 0.0410001 0.00183631 -0.00784067 -0.0480719 -0.0504147 0.00768801 0.0177901 0.0323444 -0.0300903 -0.0242662 -0.00937193 -0.0576719 -0.0554972 -0.0234056 -0.0380224 0.0233231 0.0273254 -0.0346254
internal_weight=11504.1 6554.78 4949.31 2802.2 5825.03 1385.06 1022 1417.15 729.755 605.766 460.449 2913.54 416.238 417.393 254.065 999.755 665.239 145.317 344.595 1130.91 942.34 49.7334
internal_count=1214191 246368 967823 415429 70457 125401 116919 290028 175911 45652 24987 60415 71267 52657 25037 237371 168993 20665 63376 28889 19248 11732
is_linear=0
shrinkage=0.04


Tree=5
num_leaves=23
num_cat=0
split_feature=26 10 10 26 13 26 8 31 31 10 12 7 29 31 9 8 2 30 31 12 16 3
split_gain=8371.29 2322.17 1534.25 1355.41 330.946 172.177 159.6 153.576 142.804 125.947 109.009 92.9759 92.3651 79.6108 79.2889 66.8377 60.5437 60.1179 51.1762 56.2595 52.0789 50.5403
threshold=0.67737483978271495 0.0053777841385453948 0.0046083058696240195 0.50574043393135082 0.01953974645584822 0.81158882379531871 0.65106043219566356 8.022707939147951 7.2631113529205331 0.87500000000000011 0.83686077594757091 0.56209668517112743 0.93374615907669078 6.7037997245788583 0.70159596204757702 0.99376392364501964 0.078005161136388793 2.4351477622985844 8.1347699165344256 0.61206930875778209 4.8222787380218515 0.13314308226108554
decision_type=2 2 2 2 2 2 2 2 2 2 2 2 2 2 2 2 2 2 2 2 2 2
left_child=2 12 -1 4 15 18 8 9 10 16 -5 14 -2 -11 -10 21 -6 -14 19 20 -3 -4
right_child=1 5 3 6 7 -7 -8 -9 11 13 -12 -13 17 -15 -16 -17 -18 -19 -20 -21 -22 -23
leaf_value=-0.060608587348725165 -0.049598725288318983 -0.038890420826815833 -0.059511767862162383 -0.01142548494140583 -0.039755412158958774 0.04582013077488914 0.028101691032404032 -0.045095301193976658 -0.029610349966217107 0.032092743482196713 0.032941276039624767 0.03470672360514139 0.021128500496120212 -0.0076226155110356124 0.02141296300561225 0.0039033305552061467 0.016562549300770339 -0.042789536927443618 0.018935784146891975 0.039491474057624751 0.02117000165685758 -0.01239215410475079
leaf_weight=2282.7827235332079 488.96898281653557 17.485334044031333 917.71577199191961 127.90726385544986 186.30876225708926 3820.7919517431001 580.88459272656473 270.91256556735607 316.50118221189769 117.79974168600165 250.91278273187345 43.103617879649391 53.038203465635888 211.69152045877127 49.862535187916365 27.95074639795348 30.438739110715687 27.63193574253819 538.59640911512543 792.41401224644505 155.15922070125816 44.146247018798022
leaf_count=602343 120763 1593 234800 15097 29605 19395 14425 49971 47512 3584 4723 1527 3241 16954 2957 2806 1827 5901 16975 7670 4654 5868
internal_value=-6.06263e-10 0.0330288 -0.0356569 -0.0175895 -0.040245 0.0412473 0.012385 -0.021025 0.000596546 -0.00849094 0.0180524 -0.0155982 -0.0431761 0.0071035 -0.0222816 -0.0557433 -0.0314648 -0.00306992 0.0294018 0.0349887 0.0132909 -0.0574989
internal_weight=11353 5894.09 5458.92 3176.14 1806.96 5324.45 1369.17 817.151 788.287 546.239 378.82 409.467 569.639 329.491 366.364 989.813 216.748 80.6701 1503.65 965.059 172.645 961.862
internal_count=1214191 180192 1033999 431656 345415 50287 86241 101941 71816 51970 19820 51996 129905 20538 50469 243474 31432 9142 30892 13917 6247 240668
is_linear=0
shrinkage=0.04


Tree=6
num_leaves=23
num_cat=0
split_feature=26 12 12 13 26 26 18 31 8 8 29 1 7 26 23 26 31 9 23 8 18 3
split_gain=7687.99 3198.25 732.027 742.394 249.666 219.888 130.597 113.89 112.214 101.528 91.5355 82.6578 82.1461 74.8315 71.1668 67.4716 60.8111 55.744 55.4513 48.1654 47.2774 46.4912
threshold=0.60917699337005626 0.0031321046408265833 0.0054346574470400819 0.015134900342673065 0.73549595475196849 0.435479685664177 4.5545287132263192 8.9077382087707537 0.99376392364501964 0.62740570306777965 0.20915628969669345 0.29916422069072729 0.55045935511589061 0.97964814305305492 2.5000000000000004 0.93302914500236522 7.3950848579406747 0.56502228975296032 2.5000000000000004 0.48819254338741308 3.4643369913101201 0.13314308226108554
decision_type=2 2 2 2 2 2 2 2 2 2 2 2 2 2 2 2 2 2 2 2 2 2
left_child=2 6 -1 8 10 14 -2 18 12 17 19 -12 21 -6 16 -8 20 -9 -7 -3 -5 -4
right_child=1 4 3 5 13 7 15 9 -10 -11 11 -13 -14 -15 -16 -17 -18 -19 -20 -21 -22 -23
leaf_value=-0.058814485510909988 0.017547889248554664 0.0065899407266723341 -0.057757421551052492 0.014508356743906745 0.037384565403758327 0.021956220014676477 -0.053892925370833053 -0.045046656982833409 0.0021389642547401475 0.014821706575027816 -0.0031886743215843432 0.024053288887194661 0.020006491779473393 0.048680632615376432 -0.047990659769603122 -0.00025058603958193134 -0.036275634889531241 0.014607247171135061 -0.00045619686899870207 0.03916033680964786 -0.024915795109150693 -0.013033306008463148
leaf_weight=1958.2078608758748 42.296490984910633 92.917757216491736 950.98125329801769 113.16950412493316 3078.8718677211436 388.88222239393508 722.8508948811068 144.8769056382007 58.905777170046349 90.007334622991038 336.23885235644411 364.24955090502044 18.702195997466333 1632.5202219518833 184.69831404731667 39.639731662799022 128.77308806424844 24.936369921371806 316.27196051328792 419.44391071255086 70.483239147637505 45.682969501125626
leaf_count=521993 3215 5897 246212 5242 32877 15701 200284 30984 3610 4132 20216 13387 1243 3399 33036 3483 21777 2012 23222 5995 10031 6243
internal_value=-1.59415e-09 0.0270422 -0.0404562 -0.0261073 0.0372126 -0.00745268 -0.0473623 0.00371806 -0.0511937 -0.0184718 0.0207657 0.0111161 -0.0542785 0.0413935 -0.0287821 -0.0511436 -0.0162903 -0.0359615 0.0120381 0.0334929 -0.00112736 -0.0558573
internal_weight=11223.6 6729.03 4494.58 2536.37 5924.24 1462.1 804.787 964.975 1074.27 259.821 1212.85 700.488 1015.37 4711.39 497.124 762.491 312.426 169.813 705.154 512.362 183.653 996.664
internal_count=1214191 288753 925438 403445 81771 146137 206982 76051 257308 37128 45495 33603 253698 36276 70086 203767 37050 32996 38923 11892 15273 252455
is_linear=0
shrinkage=0.04


Tree=7
num_leaves=23
num_cat=0
split_feature=26 10 10 26 8 18 31 8 31 13 7 13 18 9 13 29 31 26 9 29 23 8
split_gain=7158.73 2978.44 679.579 666.637 195.201 165.04 163.072 144.535 151.924 134.201 123.015 98.7208 99.1073 79.3383 77.8667 69.401 60.9517 60.0894 58.8011 52.9879 52.2331 49.6497
threshold=0.60917699337005626 0.0053777841385453948 0.0030500283464789395 0.435479685664177 0.72192299365997326 4.5545287132263192 8.9077382087707537 0.76726898550987255 8.0610079765319842 0.31486493349075323 0.59192192554473888 0.0045427088625729093 4.5545287132263192 0.70159596204757702 0.056803386658430106 0.93374615907669078 7.0527195930480966 0.97964814305305492 0.58152645826339733 0.65940755605697643 2.5000000000000004 0.73941960930824291
decision_type=2 2 2 2 2 2 2 2 2 2 2 2 2 2 2 2 2 2 2 2 2 2
left_child=2 5 -1 9 6 -2 14 8 11 21 -8 -5 16 -10 -3 -7 -13 -6 20 -16 -11 -4
right_child=1 4 3 7 17 15 10 -9 13 18 -12 12 -14 -15 19 -17 -18 -19 -20 -21 -22 -23
leaf_value=-0.057533961968083844 0.019010235712631413 -0.0080784563633036176 -0.053830991868421461 -0.040611511689226214 0.037292863830773133 -0.053489038169049562 -0.010389849001332878 0.020437595534200308 -0.041903199577049993 -0.015131838238101934 0.033658509382400961 0.029083519889738962 -0.020806580900477777 0.01807324214559252 0.027645022890660918 -0.011572018533146025 -0.0029373906796402215 0.048497682245835158 0.024093712512772428 0.045211197671253943 -0.048643746245392042 0.0025397587556970414
leaf_weight=1884.8299326990091 55.542104425869184 70.756341446351144 969.52927524354891 73.411016249585373 2615.9859266194107 690.77044114182354 303.02947373088682 287.13223920023302 263.56788712914567 215.16521329947864 140.25253817776684 234.26323283050442 148.15189499153348 34.809468751947861 895.60034527341486 76.472353980701882 152.99064246166381 1361.4151354233036 30.928810775658349 465.55004159285454 117.01204201977816 24.750960079720244
leaf_count=510866 3868 5403 237163 19119 24061 197778 23582 9992 60055 24494 2488 4873 19506 2848 16363 10608 9617 1868 1582 2734 22071 3252
internal_value=1.38207e-10 0.0261602 -0.0393319 -0.0257147 0.0361835 -0.0447153 0.0252962 -0.00384749 -0.0116729 -0.0447863 0.00398195 -8.52922e-05 0.0061141 -0.034547 0.0318212 -0.0495137 0.0166777 0.0412401 -0.0230481 0.033939 -0.0280133 -0.0524164
internal_weight=11111.9 6675.37 4436.54 2551.71 5852.59 822.785 1875.19 1194.33 907.194 1357.39 443.282 608.817 535.406 298.377 1431.91 767.243 387.254 3977.4 363.106 1361.15 332.177 994.28
internal_count=1214191 288753 925438 414572 76499 212254 50570 126010 116018 288562 26070 53115 33996 62903 24500 208386 14490 25929 48147 19097 46565 240415
is_linear=0
shrinkage=0.04


Tree=8
num_leaves=23
num_cat=0
split_feature=26 10 10 26 13 26 8 31 18 31 10 8 15 18 8 7 31 29 12 2 15 13
split_gain=6663.94 1712.3 1201.68 1109.89 257.598 142.057 127.861 133.492 120.209 108.666 139.218 63.9126 61.9119 61.8005 56.9773 55.1583 54.8499 56.8449 52.1742 49.7763 47.7872 46.1426
threshold=0.67737483978271495 0.0053777841385453948 0.0028739577392116193 0.50981926918029796 0.01953974645584822 0.97964814305305492 0.99376392364501964 7.8824751377105722 5.3883748054504403 7.540879726409913 0.87500000000000011 0.9234740436077119 3.0201274156570439 2.7466067075729375 0.99376392364501964 0.53197160363197338 8.9077382087707537 0.77948313951492321 0.61206930875778209 0.078005161136388793 3.4175922870635991 0.17560391873121264
decision_type=2 2 2 2 2 2 2 2 2 2 2 2 2 2 2 2 2 2 2 2 2 2
left_child=2 8 -1 4 14 11 7 13 -2 10 19 16 -9 -5 -4 -15 18 20 -3 -6 -18 -14
right_child=1 5 3 6 9 -7 -8 12 -10 -11 -12 -13 21 15 -16 -17 17 -19 -20 -21 -22 -23
leaf_value=-0.055818901540514256 0.011024187104451903 0.0063187078916562009 -0.052742383739029473 0.023343076860570168 -0.038346157582700199 0.046592818393282699 0.027646285787161228 -0.041989060561271788 -0.045500424651034453 -0.036722298545236613 0.012091287203538709 0.036563433016886374 -0.038308678826876934 -0.019139546999365528 0.0020334525699734585 0.026584968200338049 -0.020224757641128601 0.03579836918255417 0.033076005440164473 0.011886626829105334 0.013284757990221649 0.0042530044234482256
leaf_weight=2117.7313390990385 64.993504954210948 138.08646623283857 942.47661735976362 356.59202208624629 183.7213519596844 1606.101324763149 466.13158850300533 105.05746307599475 463.92666183257825 358.34825168079988 258.57488564187952 2118.9201752815861 42.542147626372753 125.96284291974735 30.633042484463658 51.472641897940775 89.590013596025528 107.49261795962229 988.47588046142482 32.86866304956493 205.96710529795382 174.77728148011374
leaf_count=590657 5817 5426 244066 10147 31418 3367 9938 21014 124088 63097 12241 15809 10488 15263 3043 2053 6758 1258 9808 2168 7861 18406
internal_value=1.06301e-09 0.0295888 -0.0326095 -0.0167742 -0.037075 0.0365005 0.0110275 0.00176736 -0.038479 -0.0203886 -0.00756751 0.0319426 -0.0182266 0.0139503 -0.0510149 -0.00516454 0.0253455 0.0122526 0.0298807 -0.0305349 0.0027978 -0.00539752
internal_weight=11030.4 5783.55 5246.89 3129.16 1806.62 5254.63 1322.54 856.404 528.92 833.513 475.165 3648.53 322.377 534.028 973.11 177.435 1529.61 403.05 1126.56 216.59 295.557 217.319
internal_count=1214191 180192 1033999 443342 356033 50287 87309 77371 129905 108924 45827 46920 49908 27463 247109 17316 31111 15877 15234 33586 14619 28894
is_linear=0
shrinkage=0.04


Tree=9
num_leaves=23
num_cat=0
split_feature=26 10 10 26 26 18 8 31 3 26 8 31 9 5 1 9 8 0 29 8 3 17
split_gain=6203.26 2530.99 590.28 578.07 205.299 143.942 129.012 129.464 97.6293 81.2866 76.9376 93.077 66.3811 71.8897 76.2208 49.7109 48.282 47.3228 46.3321 44.5197 43.0619 49.4559
threshold=0.60917699337005626 0.0053777841385453948 0.0030500283464789395 0.435479685664177 0.78283172845840465 5.3883748054504403 0.76726898550987255 8.9077382087707537 0.11705800890922548 0.97964814305305492 0.72192299365997326 8.9077382087707537 0.84246250987052929 0.027373435907065872 0.012325530871748926 0.70159596204757702 0.99376392364501964 0.096934027969837203 0.93374615907669078 0.42049446702003485 0.15160694718360904 8.9247875213623065
decision_type=2 2 2 2 2 2 2 2 2 2 2 2 2 2 2 2 2 2 2 2 2 2
left_child=2 5 -1 8 10 -2 7 12 16 -6 11 20 13 14 -5 -9 -4 -13 -7 -15 21 -3
right_child=1 4 3 6 9 18 -8 15 -10 -11 -12 17 -14 19 -16 -17 -18 -19 -20 -21 -22 -23
leaf_value=-0.054617604388160768 0.0053988293112663312 0.014829451895206645 -0.048382140889829686 -0.023923790981195722 0.033533382199293305 -0.051421095845043778 0.019237508937719999 -0.042102417246708462 -0.015976270885897436 0.045655311155128636 0.030017768512886667 -0.022822892845105122 0.030658373484365373 -0.025234237010313038 0.034070358133055027 0.01175227397138703 0.0064420871188892413 0.015773972742832175 -0.014202796574393793 0.00087249961991109186 0.033344794314168126 -0.044393149006426949
leaf_weight=1815.0842574649723 88.560221418447327 376.67044817167334 1096.2127416722942 44.609860531109007 2543.4471157975204 640.30077249551323 280.10970827582059 213.99051827090443 202.8515738506976 1592.7815443999134 841.75238801992964 140.81759526429232 76.800877077213954 258.40699129482527 104.8063219069445 26.908288781123701 24.052681733344798 68.157509671233129 68.410439585306449 170.09339766309131 240.67504439986078 14.38168273528572
leaf_count=510866 9462 12789 260100 5997 21036 192475 9992 51779 25574 3367 12769 17407 2388 34134 3638 2513 2888 3436 10317 15569 4194 1501
internal_value=2.03402e-10 0.0243209 -0.0372692 -0.0245004 0.0334844 -0.0421428 -0.00401907 -0.0114248 -0.0425335 0.0383002 0.0214889 0.0126968 -0.00203052 -0.00682222 0.016341 -0.0358582 -0.0471585 -0.010089 -0.0480761 -0.0150876 0.0202741 0.0115988
internal_weight=10929.9 6615.95 4313.93 2498.84 5818.68 797.271 1175.73 895.616 1323.12 4136.23 1682.45 840.702 654.717 577.917 149.416 240.899 1120.27 208.975 708.711 428.5 631.727 391.052
internal_count=1214191 288753 925438 414572 76499 212254 126010 116018 288562 24403 52096 39327 61726 59338 9635 54292 262988 20843 202792 49703 18484 14290
is_linear=0
shrinkage=0.04


Tree=10
num_leaves=23
num_cat=0
split_feature=26 12 12 26 26 18 8 5 3 8 7 9 31 18 31 29 14 12 26 8 12 31
split_gain=5813.93 2309.43 550.319 536.316 202.809 147.844 114.001 119.994 89.6391 86.096 97.6854 81.8233 78.8977 58.7524 72.9324 58.2883 56.6023 53.9261 48.6207 46.6267 38.3241 36.581
threshold=0.60917699337005626 0.006342523032799364 0.0054346574470400819 0.435479685664177 0.97964814305305492 4.8213264942169198 0.57373660802841198 0.027373435907065872 0.11705800890922548 0.84331884980201732 0.7679525911808015 0.50192853808403026 8.9077382087707537 1.5249283313751223 7.0527195930480966 0.99979683756828319 1.3162323236465456 0.61206930875778209 0.71440184116363536 0.99376392364501964 0.08585181832313539 7.3950848579406747
decision_type=2 2 2 2 2 2 2 2 2 2 2 2 2 2 2 2 2 2 2 2 2 2
left_child=2 5 -1 8 9 -2 7 16 19 10 12 13 17 14 -9 -7 -5 -3 -14 -4 -11 -10
right_child=1 4 3 6 -6 15 -8 11 21 20 -12 -13 18 -15 -16 -17 -18 -19 -20 -21 -22 -23
leaf_value=-0.052962226667214209 0.015470526065209609 -0.0011801441281989696 -0.0471006717781653 -0.0084078173468131439 0.044650265064257594 -0.048513883096944675 0.014617527671840949 0.018412386728505942 -0.00088566489863579206 0.0058176239934088336 0.041885585786934409 0.011599812813557044 -0.019080738724730099 -0.039464633838862902 -0.029738655000139464 -0.0047239609217288514 0.032055142313320711 0.02511329349796541 0.010453931307806067 0.0074595478925995259 0.03357709667490643 -0.034494248735492478
leaf_weight=1827.947076562501 65.328846139222151 141.97151684953133 1061.9725626782601 97.420861967384553 1581.014437333215 671.0470014500861 362.04295289280708 76.853111469361465 117.80156888604688 87.190924169844948 286.59635485615581 93.320346266555134 122.86807026079623 286.37800645182142 112.14081721112598 54.836510134031414 108.5930456804781 972.01040696798009 261.29982646711869 23.058581791934557 2327.3438092072611 83.277940101615968
leaf_count=521993 4878 7965 256203 11899 3366 201089 17970 3569 10457 2180 2856 6818 16122 55234 20686 6460 4154 15491 10411 2507 17935 13948
internal_value=-8.83987e-10 0.0235677 -0.0364041 -0.0237454 0.0323459 -0.0401656 -0.00365764 -0.0122756 -0.041335 0.0276182 0.0207306 -0.0216541 0.0164328 -0.0282867 -0.010217 -0.0453149 0.0134174 0.0217816 0.000763453 -0.0458836 0.0326028 -0.0157796
internal_weight=10822.3 6571.51 4250.81 2422.86 5780.3 791.212 1136.75 774.706 1286.11 4199.28 1784.75 568.692 1498.15 475.372 188.994 725.884 206.014 1113.98 384.168 1085.03 2414.53 201.08
internal_count=1214191 288753 925438 403445 76326 212427 120330 102360 283115 72960 52845 86307 49989 79489 24255 207549 16053 23456 26533 258710 20115 24405
is_linear=0
shrinkage=0.04


Tree=11
num_leaves=23
num_cat=0
split_feature=26 10 10 13 26 26 18 31 14 26 8 31 23 15 7 8 12 9 12 13 8 0
split_gain=5449.29 2176.62 530.264 540.215 205.456 178.57 129.228 112.286 84.9222 82.5594 80.8484 64.3595 53.0282 50.9484 49.0677 45.2986 66.8937 46.479 37.0731 36.8978 36.1643 37.2048
threshold=0.60917699337005626 0.0053777841385453948 0.0030500283464789395 0.0080465520732104796 0.97964814305305492 0.50574043393135082 5.3883748054504403 8.022707939147951 1.1306682825088503 0.73549595475196849 0.99376392364501964 8.1347699165344256 2.5000000000000004 2.9174053668975835 0.55045935511589061 0.76726898550987255 0.94494029879570018 0.56502228975296032 0.6772570312023164 0.39082023501396185 0.72192299365997326 0.08816972374916078
decision_type=2 2 2 2 2 2 2 2 2 2 2 2 2 2 2 2 2 2 2 2 2 2
left_child=2 6 -1 10 9 7 -2 8 -5 11 14 18 -10 -11 -4 16 17 -7 -3 -18 21 -13
right_child=1 4 3 5 -6 15 -8 -9 12 13 -12 20 -14 -15 -16 -17 19 -19 -20 -21 -22 -23
leaf_value=-0.052341316672855055 0.0046767839508482199 0.0062149650993491056 -0.050112471680884257 -0.033278746441157671 0.04370939431927473 -0.024602399543622006 -0.045885245689219582 -0.040395054803412836 0.011480633130828231 0.021243867015843115 0.0023735235697826297 -0.021542118423788809 -0.017747937991390569 0.033326747486241495 0.013803834423212921 0.023190456278407667 -0.020093953422512849 0.018438091479409873 0.027938155018318197 0.022478177826982484 0.015252525738703502 0.014878373920956606
leaf_weight=1748.2789656093519 89.64273328660056 165.31226579082431 911.40836256364128 157.60055277451465 1568.7920392013621 165.90525945462286 679.33699792165498 275.23996317392448 255.76554342458257 853.30534103035461 50.990935708468896 120.78865461918758 148.58027704508277 2188.2750088159228 15.704920167860108 202.92114791373024 30.963224348903168 44.02150119972066 622.63772611576132 186.35023911004828 182.8658040529408 59.777596488827839
leaf_count=510866 9462 8135 246061 25629 3367 29561 202792 58283 14746 11602 3477 16227 18483 19625 1333 5441 2741 2747 9654 6070 4500 3389
internal_value=-2.65331e-10 0.0228371 -0.0355331 -0.0233525 0.0312792 -0.00789696 -0.0400067 -0.0199049 -0.00933803 0.0265356 -0.0462243 0.0171577 0.000571223 0.0300177 -0.048894 0.00811761 0.000591996 -0.0151489 0.0235156 0.0157953 0.00311276 -0.00933684
internal_weight=10724.5 6530.73 4193.73 2445.45 5761.75 1467.35 768.98 837.186 561.946 4192.96 978.104 1151.38 404.346 3041.58 927.113 630.161 427.24 209.927 787.95 217.313 363.432 180.566
internal_count=1214191 288753 925438 414572 76499 163701 212254 117141 58858 73132 250871 41905 33229 31227 247394 46560 41119 32308 17789 8811 24116 19616
is_linear=0
shrinkage=0.04


Tree=12
num_leaves=23
num_cat=0
split_feature=26 12 12 26 13 26 23 9 18 23 18 8 7 8 12 15 26 30 8 8 13 29
split_gain=5163.03 1309 906.012 828.743 223.481 167.488 101.218 79.4469 66.6042 63.7398 56.3872 52.3103 59.5109 49.1515 47.7229 46.3373 43.9328 42.9631 42.3457 41.5465 39.8897 39.2618
threshold=0.67401614785194408 0.0031321046408265833 0.0054346574470400819 0.50981926918029796 0.01953974645584822 0.97964814305305492 2.5000000000000004 0.78465908765792858 5.3883748054504403 2.5000000000000004 2.0397878885269169 0.54003322124481212 0.54820996522903453 0.61393472552299511 0.92996749281883251 3.1567740440368657 0.30855594575405126 0.94543319940567028 0.99376392364501964 0.59740149974823009 0.015134900342673065 0.93374615907669078
decision_type=2 2 2 2 2 2 2 2 2 2 2 2 2 2 2 2 2 2 2 2 2 2
left_child=2 8 -1 4 18 10 13 9 -2 16 -3 12 -12 14 -5 -8 -6 -18 -4 -11 -17 -10
right_child=1 5 3 6 7 -7 15 -9 21 19 11 -13 -14 -15 -16 20 17 -19 -20 -21 -22 -23
leaf_value=-0.050528666690406454 0.0048082532023157589 0.031377906608259808 -0.048443655571947714 -0.015543341533182403 -0.037140865599748503 0.042919982619953612 -0.016866146728580379 0.024005857143456013 -0.046035615775129095 -0.039807055641685046 -0.0086586373834146701 0.024295566773536774 0.029368398491893148 0.031415670661230986 0.018037660574079583 -0.030014528264247151 -0.030627969136546935 0.0030051149167970386 -0.00028918549334155447 0.0051091533942331071 0.010341649670407333 -0.00946985860300068
leaf_weight=2008.5907551758573 54.359297683055047 2089.2841044119559 891.16504398518009 84.871144750562962 71.046808227023575 1554.2520121620037 215.30602055421332 59.56303109737928 373.49178438793751 274.91553623302025 179.27931287209503 1292.2080485654878 91.32949606172042 314.59645822623861 235.10848703123338 34.373688383755507 67.321834202652099 277.2763987480721 30.321960301029321 34.85513389413245 341.6825524852029 60.350147718781955
leaf_count=600535 5041 19728 242171 12912 14015 3399 23571 2658 116750 50695 8950 20659 1796 5096 11171 6466 11269 21178 2825 2949 21721 8636
internal_value=1.85142e-10 0.0259394 -0.0298875 -0.0156253 -0.0335719 0.0318199 0.00942528 -0.0175572 -0.0361521 -0.0212499 0.0269916 0.0209655 0.00476458 0.0203917 0.00892955 -0.00248589 -0.0106076 -0.00424399 -0.0468792 -0.0347514 0.00597095 -0.0412771
internal_weight=10635.5 5694.55 4940.99 2932.4 1706.47 5206.35 1225.94 784.979 488.201 725.416 3652.1 1562.82 270.609 634.576 319.98 591.362 415.645 344.598 921.487 309.771 376.056 433.842
internal_count=1214191 184959 1029232 428697 347760 54532 80937 102764 130427 100106 51133 31405 10746 29179 24083 51758 46462 32447 244996 53644 28187 125386
is_linear=0
shrinkage=0.04


Tree=13
num_leaves=23
num_cat=0
split_feature=26 10 10 13 26 26 31 8 7 14 31 8 26 13 12 7 26 31 16 3 6 8
split_gain=4874.36 1934.94 476.947 471.301 207.814 153.281 100.156 85.6149 82.783 75.4084 73.8418 73.3068 67.5235 49.9175 48.9761 44.1024 42.5613 41.9306 40.5194 34.8539 32.3582 30.9728
threshold=0.60917699337005626 0.0053777841385453948 0.0030500283464789395 0.0080465520732104796 0.97964814305305492 0.50574043393135082 8.022707939147951 0.9234740436077119 0.63371711969375621 1.1306682825088503 8.9077382087707537 0.99376392364501964 0.93302914500236522 0.73724994063377391 0.6602836847305299 0.55045935511589061 0.71041077375411998 7.0630114078521737 4.739781618118287 0.13314308226108554 0.43287847936153417 0.76726898550987255
decision_type=2 2 2 2 2 2 2 2 2 2 2 2 2 2 2 2 2 2 2 2 2 2
left_child=2 12 -1 11 7 6 9 8 10 -5 13 15 -2 -3 -11 19 -12 -16 -7 -4 -9 -20
right_child=1 4 3 5 -6 18 -8 20 -10 14 16 -13 -14 -15 17 -17 -18 -19 21 -21 -22 -23
leaf_value=-0.050508767874181189 -0.041472837612579194 -0.000504338385105223 -0.049945503895884993 -0.032506571453037841 0.042211251603640899 -0.017932411730213493 -0.039006131898088742 0.034380299641521936 0.033211898220914568 -0.023277097319094744 -0.022463941399842362 0.0023051987356631936 0.0077394361594173358 0.022478068168119928 0.018028945951856667 0.01268292676694222 0.0067328479377379534 -0.012236919823380288 0.0037131683907933037 -0.0095141273333518243 0.02415797451470825 0.023742168957719665
leaf_weight=1677.7024816369812 703.49217745056376 182.45885557052679 840.36080880067311 151.88165330220363 1539.0616063065827 83.533330659731291 269.8248853601981 1294.4349508496234 438.31128926872043 99.368077477294719 107.78515584932757 49.996295877033845 44.513548794275266 860.84757233646815 203.1370907643286 15.656874173204413 239.07793479133397 103.07396991847781 366.71523904368223 41.054425978974905 1037.4785845977021 179.9829701470444
leaf_count=510866 208646 7533 240206 25629 3367 8835 58283 8696 5325 15414 15548 3477 3608 14999 8282 1333 10317 9533 33180 5855 10714 4545
internal_value=-6.70328e-10 0.0216446 -0.0341543 -0.0225817 0.0295891 -0.00819873 -0.0194246 0.0248298 0.0181662 -0.00942625 0.0132191 -0.0443999 -0.0384808 0.0184922 -0.000208893 -0.0469996 -0.00271509 0.00777633 0.00661032 -0.0481902 0.0299549 0.0106151
internal_weight=10529.7 6447.46 4082.29 2404.59 5699.46 1457.52 827.286 4160.39 1828.48 557.461 1390.17 947.068 748.006 1043.31 405.579 897.072 346.863 306.211 630.232 881.415 2331.91 546.698
internal_count=1214191 288753 925438 414572 76499 163701 117141 73132 53722 58858 48397 250871 212254 22532 33229 247394 25865 17815 46560 246061 19410 37725
is_linear=0
shrinkage=0.04


Tree=14
num_leaves=23
num_cat=0
split_feature=26 10 10 13 26 26 18 31 8 7 13 8 18 31 31 18 26 8 8 7 15 9
split_gain=4596.59 1802.7 452.916 446.428 210.266 143.726 134.852 92.4728 79.5305 79.9977 76.8504 71.4419 68.5791 59.4239 50.0898 42.8918 42.6874 42.3787 45.6644 41.6828 38.7105 38.043
threshold=0.60917699337005626 0.0079072723165154474 0.0030500283464789395 0.0080465520732104796 0.97964814305305492 0.50574043393135082 4.8213264942169198 8.022707939147951 0.84331884980201732 0.7679525911808015 0.035731025040149696 0.99376392364501964 3.4643369913101201 6.7037997245788583 8.9077382087707537 3.0378198623657231 0.93302914500236522 0.76726898550987255 0.045320698991417892 0.55045935511589061 2.6020033359527592 0.84246250987052929
decision_type=2 2 2 2 2 2 2 2 2 2 2 2 2 2 2 2 2 2 2 2 2 2
left_child=2 6 -1 11 8 7 -2 12 9 10 -3 19 13 -5 15 -12 -8 18 -7 -4 -16 -20
right_child=1 4 3 5 -6 17 16 -9 -10 -11 14 -13 -14 -15 20 -17 -18 -19 21 -21 -22 -23
leaf_value=-0.049682702822703886 0.013072761703442546 -0.02617935432968967 -0.047501204605756041 0.021519170736656087 0.041538342072975742 0.020703228276483254 -0.044741392125555141 -0.038133947709249043 0.028812235628042263 0.036375597082767136 0.023806603232039949 0.0024794930499705782 -0.027401418111279705 -0.011317725068184244 -0.024204278436843699 0.0036225473854895325 -0.00086160746104525082 0.020874394136138973 -0.014145983864627407 0.011808556253701682 0.0085323955160083991 0.022682466028305689
leaf_weight=1636.7298158637423 73.713286619691644 65.884219933097484 863.24523447372485 132.4822107860964 1523.4821032870095 104.82984180279891 640.30362581313238 265.52308687946061 2367.2853020987241 288.44247214647476 838.92474825531826 49.696657308464637 204.54078603463131 221.44819809254841 61.737601693661418 215.14005712058861 37.938767604631721 200.07306759510539 277.10357418860076 15.726947085175196 288.55133270000806 43.932429229986155
leaf_count=510866 5121 7524 246061 5291 3365 5247 204340 58283 19703 2816 10382 3477 33226 20341 6854 9061 3544 5441 34297 1333 16043 1575
internal_value=6.20082e-10 0.0210339 -0.033502 -0.0222066 0.0287836 -0.00822943 -0.0368032 -0.0191115 0.0239849 0.017361 0.01341 -0.0437091 -0.00955561 0.00122725 0.0154393 0.0197597 -0.0423351 0.00617112 -0.00105696 -0.0463191 0.00225097 -0.00857321
internal_weight=10416.7 6401.4 4015.33 2378.6 5649.45 1449.93 751.956 823.994 4125.97 1758.68 1470.24 928.669 558.471 353.93 1404.35 1054.06 678.242 625.939 425.866 878.972 350.289 321.036
internal_count=1214191 288753 925438 414572 75748 163701 213005 117141 72383 52680 49864 250871 58858 25632 42340 19443 207884 46560 41119 247394 22897 35872
is_linear=0
shrinkage=0.04


Tree=15
num_leaves=23
num_cat=0
split_feature=26 10 10 26 13 26 8 18 7 13 23 12 26 26 9 8 16 29 9 8 8 30
split_gain=4341.1 1065.04 795.919 716.321 177.986 172.02 93.8007 79.8075 74.4104 88.421 67.3219 65.9394 48.6198 43.5013 37.0518 36.6065 34.4382 34.3903 34.3631 34.2586 31.4907 30.4368
threshold=0.67737483978271495 0.0053777841385453948 0.0028739577392116193 0.50981926918029796 0.01953974645584822 0.97964814305305492 0.85778120160102855 5.3883748054504403 0.54186245799064647 0.15012575685977939 2.5000000000000004 0.9251534938812257 0.30855594575405126 0.78283172845840465 0.84246250987052929 0.62064233422279369 4.8852663040161142 0.93374615907669078 0.55316811800003063 0.99376392364501964 0.49746057391166693 2.4351477622985844
decision_type=2 2 2 2 2 2 2 2 2 2 2 2 2 2 2 2 2 2 2 2 2 2
left_child=2 7 -1 4 19 13 8 -2 9 -5 12 14 -6 -3 20 18 -14 -9 -12 -4 -11 -19
right_child=1 5 3 6 10 -7 -8 17 -10 11 15 -13 16 -15 -16 -17 -18 21 -20 -21 -22 -23
leaf_value=-0.04868507919277329 0.0070938001730168031 0.017433368588196479 -0.04599327761383324 -0.036192087137657758 -0.035998329707002452 0.040795148381548421 0.021995908531350927 -0.044200749717602357 0.027136751384051569 -0.034209471648275806 -0.040166590923414507 0.01150785511990203 -0.022023547576672305 0.027430628570923439 0.02028534871121181 0.004361707319153264 0.0046445842427540376 0.012293771071824871 0.0089848319394497372 -0.0023215778267321294 -0.00077726351801486499 -0.038264105764912661
leaf_weight=1823.9019429518521 65.515997626673197 1074.5545562970219 846.80937691655708 115.11130766317365 72.02546615403844 1508.1230972884223 455.14367197515094 345.89409438919392 120.91516762104584 118.86309550714213 268.13827751636563 353.03732357487024 93.419814022840001 2487.2377204081276 30.641314644948579 37.715751086652745 299.80963658880501 37.34826916680322 21.209424656524789 30.868424712156411 70.061291519377846 22.769869370211381
leaf_count=590657 5817 25884 244066 24551 14810 3367 10404 115377 5154 21484 52742 16444 11605 21036 1604 3512 24509 3078 1746 3043 7668 5633
internal_value=-5.71174e-10 0.024043 -0.0279955 -0.0150113 -0.0321294 0.0293982 0.00768384 -0.0329512 -0.000542113 -0.00572785 -0.0180413 0.00091252 -0.00797785 0.0244718 -0.0158828 -0.0316953 -0.00208004 -0.0394282 -0.036384 -0.0445008 -0.0224737 -0.00958127
internal_weight=10299.1 5541.44 4757.67 2933.77 1670 5069.92 1263.77 471.528 808.63 687.714 792.318 572.603 465.255 3561.79 219.566 327.063 393.229 406.012 289.348 877.678 188.924 60.1181
internal_count=1214191 180192 1033999 443342 356033 50287 87309 129905 76905 71751 108924 47200 50924 46920 30756 58000 36114 124088 54488 247109 29152 8711
is_linear=0
shrinkage=0.04


Tree=16
num_leaves=23
num_cat=0
split_feature=26 10 10 13 26 26 8 7 31 18 31 18 8 8 31 9 3 10 15 31 12 8
split_gain=4107.51 1684.69 375.691 385.182 228.434 113.768 81.9038 83.6158 81.3811 72.7816 63.6796 58.7423 49.5972 49.3202 44.5965 40.761 38.7413 38.3189 37.0225 36.7004 36.5442 55.5164
threshold=0.5958346724510194 0.0026906024431809787 0.0046083058696240195 0.0080465520732104796 0.97964814305305492 0.435479685664177 0.67261725664138805 0.63371711969375621 8.9077382087707537 5.3883748054504403 8.9077382087707537 3.757416963577271 0.62740570306777965 0.99376392364501964 6.9275536537170419 0.78465908765792858 0.13314308226108554 0.23882629722356799 3.1984648704528813 7.8824751377105722 0.71133798360824596 0.5567397177219392
decision_type=2 2 2 2 2 2 2 2 2 2 2 2 2 2 2 2 2 2 2 2 2 2
left_child=2 9 -1 13 6 15 7 8 11 -2 20 14 -12 16 -3 -5 -4 -8 19 -19 21 -7
right_child=1 4 3 5 -6 10 17 -9 -10 -11 12 -13 -14 -15 -16 -17 -18 18 -20 -21 -22 -23
leaf_value=-0.04839866970202019 0.00031370203620598115 0.032178506533346786 -0.047012734259946724 -0.026908790752939584 0.04010905028580096 -0.03336643443592071 0.0058091166760923067 0.032019958262695838 -0.0096384060306467303 -0.042404693111482004 -0.030379297469644517 -0.0080742917570244353 0.0093971445603244115 -0.0010552185737381643 0.011580000335002134 0.019120088950678581 -0.0058746552500774235 0.026677665409849612 0.030300916950899412 0.0090176886962383285 0.012253248390599554 0.010787297453520413
leaf_weight=1539.9826381593011 70.571900123526575 268.0420815415273 792.28658503838233 456.38592165851878 1491.8153798875865 72.140022513078293 150.30871122676763 315.79443763243034 279.01747729774797 642.21668634829985 149.27646833902691 144.25806059123715 67.524667233257787 43.341183269483736 476.00397122668801 26.053075828531291 41.599661720349104 459.65196705597918 1794.8712437230279 338.90730682614958 463.61306639711256 94.387544375436846
leaf_count=502706 8803 2349 239175 74746 3396 13748 6899 4191 25897 215702 31648 9336 3880 3206 11039 1509 5799 4117 14540 6350 21243 3912
internal_value=1.15909e-09 0.0193863 -0.0332419 -0.0224935 0.0266219 -0.00879668 0.0217783 0.0140482 0.00895568 -0.0382294 9.15367e-05 0.0148384 -0.0181225 -0.042917 0.0193289 -0.0240853 -0.0450544 0.0258906 0.0270277 0.019387 0.00654331 -0.00914679
internal_weight=10178.1 6431.46 3746.59 2206.61 5718.67 1329.38 4226.86 1483.12 1167.32 712.789 846.942 888.304 216.801 877.227 744.046 482.439 833.886 2743.74 2593.43 798.559 630.141 166.528
internal_count=1214191 312619 901572 398866 88114 150686 84718 52812 48621 224505 74431 22724 35528 248180 13388 76255 244974 31906 25007 10467 38903 17660
is_linear=0
shrinkage=0.04


Tree=17
num_leaves=23
num_cat=0
split_feature=26 10 10 26 26 13 23 18 31 10 31 29 8 31 26 8 12 8 12 2 8 30
split_gain=3922.54 955.361 725.744 633.907 168.121 162.81 85.1645 70.8492 68.8296 66.1621 58.7192 50.8393 46.8026 45.3459 41.478 39.273 38.1869 37.9607 37.6126 34.4594 30.9629 29.3373
threshold=0.67737483978271495 0.0053777841385453948 0.0028739577392116193 0.50981926918029796 0.97964814305305492 0.01953974645584822 2.5000000000000004 4.2030684947967538 8.0437264442443865 0.87500000000000011 7.2631113529205331 0.99979683756828319 0.69155755639076244 6.7037997245788583 0.78283172845840465 0.61393472552299511 0.71133798360824596 0.99376392364501964 0.92996749281883251 0.078005161136388793 0.99376392364501964 2.4351477622985844
decision_type=2 2 2 2 2 2 2 2 2 2 2 2 2 2 2 2 2 2 2 2 2 2
left_child=2 7 -1 5 14 20 15 -2 9 19 16 -9 -12 -11 -3 18 -8 -10 -5 -7 -4 -13
right_child=1 4 3 6 -6 8 10 11 17 13 12 21 -14 -15 -16 -17 -18 -19 -20 -21 -22 -23
leaf_value=-0.047404760795643305 0.018470973331479117 0.016262390499324569 -0.044675432836218082 -0.015295585061344423 0.03946660009967979 -0.033134843704987572 -0.0070349653815190739 -0.041562722520127951 -0.039352051762353811 0.02135630335000346 -0.026290891503107591 0.019563789726418864 0.0047878673435131636 -0.0087155715912011524 0.026082083465774702 0.026286686924660962 0.021592801804556534 0.015325214148395182 0.014538544416934304 0.0095508081585846741 -0.0028300025263612799 -0.033405563920001276
leaf_weight=1739.9239271406841 35.169509547296911 1055.1553570007673 814.18608953723015 84.360780165530741 1474.9554092332255 176.26162944943644 126.80008597660344 368.54374081689457 222.95946678153996 112.89410883282835 209.39670870034024 36.12402253007167 115.70935328942141 221.38072187680518 2455.7576826487784 325.73174608297995 158.59935431665508 17.076567166863242 234.19331454834901 31.517086364823626 30.74824401535443 16.252839907043381
leaf_count=590657 1754 25884 244066 13592 3367 31434 11624 122524 51424 3651 34208 2020 5833 18657 21036 6162 4578 1588 11312 2170 3043 3607
internal_value=6.39192e-10 0.0229948 -0.0270669 -0.0146662 0.0280712 -0.0310661 0.00667626 -0.0319115 -0.0175735 -0.00936011 -0.00400981 -0.036452 -0.0154168 0.00176588 0.0231855 0.0167086 0.00906619 -0.0350049 0.00641268 -0.0265188 -0.0432035 0.000406717
internal_weight=10063.7 5441.96 4621.74 2881.82 4985.87 1627.02 1254.79 456.09 782.09 542.054 610.506 420.921 325.106 334.275 3510.91 644.286 285.399 240.036 318.554 207.779 844.934 52.3769
internal_count=1214191 180192 1033999 443342 50287 356033 87309 129905 108924 55912 56243 128151 40041 22308 46920 31066 16202 53012 24904 33604 247109 5627
is_linear=0
shrinkage=0.04


Tree=18
num_leaves=23
num_cat=0
split_feature=26 10 10 13 26 8 9 8 1 18 29 31 23 8 12 13 12 17 18 5 3 10
split_gain=3722.59 1495.08 343.277 341.913 223.837 104.261 119.085 84.7762 74.9926 67.4592 66.8746 66.997 59.2963 44.1675 42.9527 41.0647 39.5868 38.2974 36.2242 35.805 35.737 34.2572
threshold=0.5958346724510194 0.0026906024431809787 0.0046083058696240195 0.0080465520732104796 0.97964814305305492 0.54718273878097545 0.55316811800003063 0.9234740436077119 0.23523571342229846 5.3883748054504403 0.76069810986518871 8.9077382087707537 2.5000000000000004 0.99376392364501964 0.95354795455932628 0.0088808522559702414 0.61206930875778209 6.2176032066345224 2.1462519168853764 1.3629146218299868 0.13314308226108554 0.024303223006427292
decision_type=2 2 2 2 2 2 2 2 2 2 2 2 2 2 2 2 2 2 2 2 2 2
left_child=2 9 -1 13 7 6 8 10 12 -2 11 15 17 20 -10 -3 -17 18 -5 -9 -4 -21
right_child=1 4 3 5 -6 -7 -8 19 14 -11 -12 -13 -14 -15 -16 16 -18 -19 -20 21 -22 -23
leaf_value=-0.04721564577788083 9.8281203918183232e-05 -0.022578238565921605 -0.045770457106675454 0.0096901072656509941 0.038837934601762096 0.011156383706862633 0.021022271391588625 0.031819180581827346 -0.01284013509925404 -0.04113642725908636 0.029210824105580794 -0.0049046036488552972 -0.038121301543370179 -0.0019145366437837191 0.027754662776776771 -0.0030704638657597988 0.019236308968866203 -0.025071171138472691 -0.028758940730490755 -0.011734738543551138 -0.006029116665831326 0.022336379847139386
leaf_weight=1464.3244652643189 70.62427453554119 36.807744882506086 758.14257246284978 135.08014194892894 1457.7643739050254 304.60026591899805 119.26880006716237 943.91021313960664 85.726550927502103 613.35366838389018 363.58081865657005 356.13060907585896 324.86837536515668 43.351760490244487 64.385691012997995 143.80885821650736 950.85105738442508 237.73445477942005 43.729938191478141 43.072784006384609 41.436404840933392 1335.9547332861694
leaf_count=502706 8803 4020 239175 9027 3396 16440 5903 8023 15408 215702 4387 29806 60371 3206 2120 9288 13906 33831 7586 3520 5799 11768
internal_value=-5.64164e-10 0.0185326 -0.0322726 -0.0219634 0.025323 -0.00909409 -0.015246 0.0205216 -0.0202774 -0.0369387 0.0140078 0.0101218 -0.0254401 -0.0417039 0.00521764 0.0148529 0.0163045 -0.0148879 -0.00073817 0.0256302 -0.0438109 0.0211954
internal_weight=9938.51 6315.86 3622.65 2158.32 5631.88 1315.39 1010.79 4174.12 891.525 683.978 1851.18 1487.6 741.413 842.931 150.112 1131.47 1094.66 416.545 178.81 2322.94 799.579 1379.03
internal_count=1214191 312619 901572 398866 88114 150686 134246 84718 128343 224505 61407 57020 110815 248180 17528 27214 23194 50444 16613 23311 244974 15288
is_linear=0
shrinkage=0.04


Tree=19
num_leaves=23
num_cat=0
split_feature=26 10 10 26 26 3 18 8 31 14 31 18 31 17 29 7 7 15 31 9 28 26
split_gain=3537.27 804.698 678.333 656.788 138.234 118.652 92.3003 88.0665 93.253 65.1649 59.4672 54.502 45.3054 40.9219 40.0424 38.8414 38.464 35.8656 39.6925 32.9559 32.7403 32.436
threshold=0.70659214258193981 0.0028739577392116193 0.024303223006427292 0.50981926918029796 0.97964814305305492 0.078328475356102004 4.2030684947967538 0.99376392364501964 7.8824751377105722 1.1999951601028445 7.2631113529205331 2.7466067075729375 7.6024212837219247 7.6016521453857431 0.99979683756828319 0.10205914825201036 0.53197160363197338 3.9607677459716801 8.0610079765319842 0.99947062134742748 0.30194367468357092 0.34117986261844641
decision_type=2 2 2 2 2 2 2 2 2 2 2 2 2 2 2 2 2 2 2 2 2 2
left_child=1 -1 6 5 17 9 -2 8 11 -3 15 -5 13 21 -8 -11 -13 18 -4 20 -10 -7
right_child=2 3 4 7 -6 12 14 -9 19 10 -12 16 -14 -15 -16 -17 -18 -19 -20 -21 -22 -23
leaf_value=-0.046099852476803947 0.022207809891328725 -0.044394097249416779 0.023214879644108725 0.01729348390239038 0.038325320639830796 -0.01871631837265892 -0.039244480681894033 0.019048270979661823 -0.029706544214471831 0.0071003254405745007 -0.035269743622982366 -0.019957491967622358 -0.026820033621492205 -0.031512480489587012 -0.0010281950702712424 -0.026667169413595405 0.016894728122542675 0.027789447733089147 0.0098828685354286332 0.014785544854860218 -0.0036937998668955989 0.01813959328466988
leaf_weight=1733.0774103077565 47.608553806785494 684.58108663528401 1122.3929526697029 401.7549482351169 1433.7447643687483 41.681449724041158 291.07546883099712 562.07959759063669 207.56026416784152 120.85653175796324 319.38522937009111 130.50111232284689 141.18902136897668 38.69388334301766 51.989331653094268 84.767846265618573 57.95797038328601 1478.2100874214084 555.71275743929436 41.604678316682111 125.09706702202675 146.13541779955267
leaf_count=619927 1480 196837 10772 11028 3360 6391 94131 11986 36483 9475 83694 16586 27169 6222 5246 17963 2433 14079 12710 2815 15122 8282
internal_value=1.39524e-10 -0.0243387 0.0236374 -0.012079 0.0279491 -0.0300985 -0.0264553 0.00661408 -0.000753454 -0.0361192 -0.0247012 0.00910468 -0.00986078 0.00139732 -0.0336462 -0.00741134 -0.00834388 0.0231296 0.0188846 -0.0161322 -0.0203176 0.00942764
internal_weight=9817.66 4836.92 4980.73 3103.85 4590.06 1577.29 390.673 1526.56 964.476 1209.59 525.01 590.214 367.7 226.511 343.065 205.624 188.459 3156.32 1678.11 374.262 332.657 187.817
internal_count=1214191 1072413 141778 452486 40921 356033 100857 96453 84467 307969 111132 30047 48064 20895 99377 27438 19019 37561 23482 54420 51605 14673
is_linear=0
shrinkage=0.04


Tree=20
num_leaves=23
num_cat=0
split_feature=26 10 10 26 26 8 13 13 12 18 7 0 8 8 29 9 16 24 6 9 29 28
split_gain=3367.71 803.649 642.194 540.912 166.404 113.717 92.132 80.9739 77.0946 71.0754 58.1286 43.3477 41.2938 38.6143 35.3079 32.4588 31.0116 29.7833 28.9563 28.0756 25.0628 24.6445
threshold=0.67737483978271495 0.0079072723165154474 0.0028739577392116193 0.435479685664177 0.97964814305305492 0.87720367312431347 0.056803386658430106 0.31486493349075323 0.92139831185340892 5.3883748054504403 0.53197160363197338 0.10862467437982561 0.9234740436077119 0.49746057391166693 0.76069810986518871 0.58152645826339733 4.739781618118287 1.2424533367156985 1.1528213620185854 0.54022780060768139 0.99979683756828319 0.10440012812614442
decision_type=2 2 2 2 2 2 2 2 2 2 2 2 2 2 2 2 2 2 2 2 2 2
left_child=2 9 -1 7 12 6 10 -4 11 -2 -5 13 14 19 -3 21 -10 -18 -16 -8 -11 -9
right_child=1 4 3 5 -6 -7 8 15 16 20 -12 -13 -14 -15 18 -17 17 -19 -20 -21 -22 -23
leaf_value=-0.045865173332902666 0.0054974604701029566 0.012251986589275099 -0.041854125832663416 -0.03807639321132944 0.037761982204996429 0.016498709699234271 -0.036158977948941025 -0.027466076461409129 -0.014557124448909069 -0.040182126545458365 0.014775966289576177 0.013712513816171015 0.025093207777032563 -0.00067482108495224363 0.030129202089663267 0.018664436756569494 0.00092165115424475293 0.020489930470821083 -0.015066942221977632 0.0052501084023785748 -0.0062918997719200289 -0.00019479757651905984
leaf_weight=1610.2035081346185 74.847589699609671 1096.1890959194279 818.17370281025796 180.40766863705358 1421.4407301135361 491.48767399907229 176.67943800028297 231.00486407917924 73.107975702369004 327.12777227531478 34.74452227956499 63.530071272980422 1998.1489616232575 102.8456390229112 315.05732345406432 28.343539413413964 221.51797192057711 276.89837442550925 18.514184390776791 27.748949485510821 43.535263394529466 68.155797410232481
leaf_count=590657 6031 27795 240586 52220 3365 13415 37079 37086 5842 118873 2414 5372 15441 11085 2706 1600 15312 9462 521 2281 5460 9588
internal_value=1.73183e-10 0.0214794 -0.0258095 -0.0141316 0.0262097 0.000571005 -0.00627558 -0.0351149 -0.000774656 -0.0294546 -0.0292642 -0.0147578 0.0213234 -0.0208908 0.0159173 -0.0175376 0.00839534 0.0119821 0.0272552 -0.0305554 -0.0364715 -0.0214603
internal_weight=9699.71 5294.86 4404.85 2794.65 4849.35 1648.97 1157.48 1145.68 942.328 445.511 215.152 370.804 3427.91 307.274 1429.76 327.504 571.524 498.416 333.572 204.428 370.663 299.161
internal_count=1214191 180192 1033999 443342 49828 154482 141067 288860 86433 130364 54634 55817 46463 50445 31022 48274 30616 24774 3227 39360 124333 46674
is_linear=0
shrinkage=0.04


Tree=21
num_leaves=23
num_cat=0
split_feature=26 10 10 13 26 8 31 10 8 7 31 1 26 26 13 8 26 13 17 9 10 3
split_gain=3212.39 1262.14 314.695 305.707 228.888 84.6332 88.9617 116.445 68.6684 59.035 57.1494 54.8187 54.8183 44.2002 43.1836 39.5977 39.1445 36.4487 35.6126 27.0819 26.3487 25.6744
threshold=0.5958346724510194 0.0024403325514867906 0.0046083058696240195 0.0080465520732104796 0.88382774591445934 0.9234740436077119 7.3780183792114267 0.87500000000000011 0.99376392364501964 0.62912556529045116 8.9077382087707537 0.12624759227037433 0.93302914500236522 0.97964814305305492 0.73724994063377391 0.48819254338741308 0.30855594575405126 0.2454088553786278 6.2176032066345224 0.55316811800003063 0.23882629722356799 0.13314308226108554
decision_type=2 2 2 2 2 2 2 2 2 2 2 2 2 2 2 2 2 2 2 2 2 2
left_child=2 12 -1 15 8 6 7 19 9 10 14 -8 -2 -6 -3 21 -9 -13 -16 -5 -10 -4
right_child=1 4 3 5 13 -7 11 16 20 -11 -12 17 -14 -15 18 -17 -18 -19 -20 -21 -22 -23
leaf_value=-0.045834923402225329 -0.03878156372954239 -0.0077731338645658813 -0.045221822781747641 -0.027094384958566545 0.025973607357609001 0.015232729238726029 -0.033491433703366283 -0.028209232005432461 0.0024592965382337433 0.024964583653699152 -0.0094552815778840092 -0.033163708161837981 0.0067723712674293878 0.037200960530532401 0.02468906459091922 -0.01356112948659623 0.017434933889072045 0.0071063610534640113 0.0064643767011150132 0.0096120200197525128 0.023384651689323611 -0.0087694752410833274
leaf_weight=1359.5549508235781 592.48888969168183 160.66373544794624 670.0571939070287 219.56650159764104 1169.9569462866057 191.7135757310898 355.80631254547916 24.260066559196275 106.25359229656169 304.02554618951399 300.6834784654493 40.763949766202131 42.515755090556922 1403.2508839842631 311.88545209119911 91.618896082101855 304.05877478444017 114.91874648204248 388.55141360193375 32.252893844313803 1358.7984329963219 38.07710178027628
leaf_count=502706 220417 8626 225186 38385 6682 6113 66731 4010 5663 5824 28442 10268 3513 3401 5485 17620 9946 13279 10867 1954 13699 5374
internal_value=-3.95666e-10 0.0173369 -0.0308765 -0.0209414 0.0235063 -0.00872099 -0.0130279 -0.00221081 0.0157755 0.00955324 0.00534164 -0.0250191 -0.0356739 0.0322165 0.0105577 -0.0402013 0.0133281 -0.00480318 0.0148126 -0.0222055 0.021894 -0.0434112
internal_weight=9581.72 6139.07 3442.65 2083.09 5504.07 1283.34 1091.63 580.138 2930.86 1465.81 1161.78 511.489 635.005 2573.21 861.101 799.753 328.319 155.683 700.437 251.819 1465.05 708.134
internal_count=1214191 312619 901572 398866 88689 150686 144573 54295 78606 59244 53420 90278 223930 10083 24978 248180 13956 23547 16352 40339 19362 230560
is_linear=0
shrinkage=0.04


Tree=22
num_leaves=23
num_cat=0
split_feature=26 10 10 13 26 8 9 26 28 8 18 8 7 31 8 3 3 12 23 22 3 21
split_gain=3067.06 1196.27 304.058 290.321 215.439 79.339 95.1029 78.0901 66.26 79.9087 62.5216 48.7631 50.8598 42.368 38.9691 37.0382 45.4521 34.514 30.9156 30.8487 28.9395 27.7839
threshold=0.5958346724510194 0.0026906024431809787 0.0046083058696240195 0.0080465520732104796 0.97964814305305492 0.54718273878097545 0.55316811800003063 0.78283172845840465 0.098369751125574126 0.10507215186953546 5.3883748054504403 0.72192299365997326 0.53655022382736217 9.6425895690917987 0.99376392364501964 0.051280438899993903 1.0000000180025095e-35 0.95498904585838329 2.5000000000000004 15.500000000000002 0.13314308226108554 1.0000000180025095e-35
decision_type=2 2 2 2 2 2 2 2 2 2 2 2 2 2 2 2 2 2 2 2 2 2
left_child=2 10 -1 14 7 6 8 11 18 -10 -2 12 13 15 20 16 -3 -11 19 -5 -4 -9
right_child=1 4 3 5 -6 -7 -8 21 9 17 -12 -13 -14 -15 -16 -17 -18 -19 -20 -21 -22 -23
leaf_value=-0.045421597209447412 0.00094421663032449247 -0.00038633292844696148 -0.04377221050514532 0.012182781185833836 0.03664954916807437 0.008942019733726143 0.017928725976557949 0.023400282409380347 0.016656225200998281 -0.032503351520936766 -0.039313075902250624 0.018339866604145598 0.022004893211610432 -0.022979173653539981 -0.0018309818906937871 0.013454457312988258 -0.047815262878968437 8.7774336006725688e-05 -0.040257358119300125 -0.023837078949284031 -0.0076237446631742317 -0.016620075047435224
leaf_weight=1323.2357461457214 68.728856994479429 226.84830647872877 697.87852333550836 38.116925767375506 1384.8561101880623 300.36425038636662 120.1173734023323 2357.9024473470345 144.47165725679952 134.01560591929592 558.16411407232226 843.59851799948956 195.82681685197167 104.22822126973188 42.078228195663542 286.04312173271319 27.734063382813474 81.276727568125352 204.85599057353102 254.30775916931452 42.245251484375331 21.448817056254484
leaf_count=502706 8803 11528 239175 2635 3396 16440 5903 21279 11805 30630 215702 16485 5877 15453 3206 9553 3931 6047 39733 37493 5799 612
internal_value=-1.4136e-09 0.0169903 -0.0304726 -0.0206958 0.02302 -0.00881971 -0.0143147 0.0182966 -0.0189883 -0.00567947 -0.034954 0.0115958 0.00469231 -0.000820851 -0.0397362 0.00379084 -0.00716513 -0.0207418 -0.028315 -0.0188944 -0.041838 0.0229715
internal_weight=9458.34 6075.38 3382.96 2059.73 5448.49 1277.53 977.162 4063.63 857.045 359.764 626.893 1684.28 840.681 644.854 782.202 540.625 254.582 215.292 497.281 292.425 740.124 2379.35
internal_count=1214191 312619 901572 398866 88114 150686 134246 84718 128343 48482 224505 62827 46342 40465 248180 25012 15459 36677 79861 40128 244974 21891
is_linear=0
shrinkage=0.04


Tree=23
num_leaves=23
num_cat=0
split_feature=26 18 31 26 18 26 31 31 31 8 26 7 8 16 8 9 13 29 31 29 18 14
split_gain=2926.79 558.873 659.553 184.357 204.201 172.768 97.9847 85.2718 85.0729 82.5196 64.0892 60.4675 56.5427 41.1708 37.654 35.4544 31.8976 30.8466 27.7101 27.4141 26.9171 24.5979
threshold=0.5958346724510194 4.2030684947967538 0.89587974548339855 0.435479685664177 4.5545287132263192 0.93302914500236522 7.0527195930480966 1.0000000180025095e-35 7.3780183792114267 0.72192299365997326 0.78283172845840465 0.63371711969375621 0.76726898550987255 4.7505102157592782 0.45731011033058172 0.70159596204757702 0.035731025040149696 0.99979683756828319 8.9077382087707537 0.16502036899328235 2.7765965461730961 3.3924698829650883
decision_type=2 2 2 2 2 2 2 2 2 2 2 2 2 2 2 2 2 2 2 2 2 2
left_child=3 5 10 -1 6 8 -5 14 20 11 19 13 15 -10 -6 -8 -15 -4 -18 -3 -2 -11
right_child=1 2 17 4 7 -7 12 -9 9 21 -12 -13 -14 16 -16 -17 18 -19 -20 -21 -22 -23
leaf_value=-0.038558622822043247 0.029457051035702841 0.020593570055393532 -0.042029539141865649 0.015026682614344887 -0.032451988261882801 0.03395637077066508 -0.026007645860881806 -0.044729076114788338 -0.028380901734137567 0.021718917909772179 0.023944692374685019 0.024379994822877199 0.0090724444509257349 -0.034351514537376823 -0.0023677870005763988 0.012088519080413796 0.011516363981739037 -0.0058382182254110449 -0.0069384384096577312 -0.0048162072916908246 0.0015456327693108369 0.0061988090837855102
leaf_weight=1838.4580431659851 859.18631829037622 82.042651953554014 502.30357248298242 255.61969829192094 108.75273089682742 1631.8122748612659 351.09073463747336 460.46925327105419 78.592561260215007 1035.0604300624982 573.97204366410733 150.97607624760712 115.50789926099242 28.056685356423259 155.39342669321923 37.993580540845869 291.2063621658599 44.465284820107627 220.41495875874534 250.14576580580615 60.255197783291806 205.41946820437443
leaf_count=560385 5207 2308 192863 11278 28235 4895 75735 191092 7138 13574 10864 2704 5912 5157 25746 3189 5868 5792 18966 32820 1736 2727
internal_value=9.83919e-10 0.016641 -0.00493822 -0.0300736 -0.0193801 0.023511 -0.00477908 -0.0344249 0.0175962 0.012876 0.015964 0.00253198 -0.0149094 -0.00310624 -0.0154858 -0.0220779 0.00102383 -0.039244 0.00358513 0.00187783 0.0276642 0.019219
internal_weight=9337.2 6013.91 1452.93 3323.29 1484.83 4560.98 760.212 724.615 2929.17 2009.73 906.16 769.247 504.592 618.271 264.146 389.084 539.678 546.769 511.621 332.188 919.442 1240.48
internal_count=1214191 312619 244647 901572 341187 67972 96114 245073 63077 56134 45992 39833 84836 37129 53981 78924 29991 198655 24834 35128 6943 16301
is_linear=0
shrinkage=0.04


Tree=24
num_leaves=23
num_cat=0
split_feature=26 10 10 26 26 8 18 13 13 12 7 9 23 15 30 29 7 3 16 18 10 30
split_gain=2801.91 669.324 528.56 510.354 126.942 98.9184 76.5936 76.1912 69.8955 63.2145 50.2298 43.4137 37.8287 35.165 34.945 32.4352 32.4333 27.5412 23.3723 23.1498 22.3234 22.2227
threshold=0.70659214258193981 0.0028739577392116193 0.024303223006427292 0.44369977712631231 0.97964814305305492 0.87720367312431347 4.2030684947967538 0.077258035540580763 0.0045427088625729093 0.92139831185340892 0.53197160363197338 0.84246250987052929 2.5000000000000004 2.9174053668975835 2.4767684936523442 0.99979683756828319 0.55045935511589061 0.12835847586393359 4.6481945514678964 2.0971044301986699 0.53810974955558788 2.6329510211944585
decision_type=2 2 2 2 2 2 2 2 2 2 2 2 2 2 2 2 2 2 2 2 2 2
left_child=1 -1 6 7 13 8 -2 17 16 10 11 20 -11 -4 -9 -8 -5 -3 -7 -15 -10 -17
right_child=2 3 4 5 -6 18 15 14 9 12 -12 -13 -14 19 -16 21 -18 -19 -20 -21 -22 -23
leaf_value=-0.044047838033680689 0.02009907506113327 -0.042595782501522426 0.01333429585864266 -0.039615705865874491 0.035561742313444146 -0.010376849897251263 -0.037024512412422009 -0.027013615057947766 -0.0010156925977508361 0.014813678823527843 0.01474109386160607 0.015398139055555251 -0.0038526240463252854 0.026805618139238568 -0.00276487544260379 0.014855259283799818 0.011044163010095377 -0.010162917657518224 0.0171710899658555 0.017897552142241722 -0.029727806366977454 -0.0317964177266193
leaf_weight=1529.3104124359888 46.511733460938558 666.0476451036011 832.81373313820222 109.2232491409959 1344.3252454056637 47.499759169906611 263.73036960914033 247.11096523102606 52.713131352909841 358.08187049567641 75.348305727442494 42.393787181703374 322.67285736172926 1307.1268895304529 154.85084519213706 36.044951572199352 19.814609695720719 52.484053506399505 548.42443255675607 890.48894329112954 253.6003514972399 15.359686745039651
leaf_count=619927 1480 226909 14041 38512 3360 2053 94131 46130 6872 13182 4928 2637 23659 10111 16915 2010 1360 7083 13144 13409 49102 3236
internal_value=-5.75674e-10 -0.022653 0.0214272 -0.0114513 0.0252747 0.00159486 -0.0245428 -0.0325814 -0.0048703 -0.0014927 -0.0134431 -0.0197743 0.0060383 0.0206093 -0.017966 -0.0315471 -0.0316017 -0.0403988 0.0148403 0.0232934 -0.0249751 -0.00199232
internal_weight=9215.98 4479.58 4736.4 2950.27 4374.75 1829.77 361.647 1120.49 1233.85 1104.81 424.056 348.707 680.755 3030.43 401.962 315.135 129.038 718.532 595.924 2197.62 306.313 51.4046
internal_count=1214191 1072413 141778 452486 40921 155449 100857 297037 140252 100380 63539 58611 36841 37561 63045 99377 39872 233992 15197 23520 55974 5246
is_linear=0
shrinkage=0.04


Tree=25
num_leaves=23
num_cat=0
split_feature=26 10 10 26 26 23 13 31 18 8 29 16 26 13 18 4 29 30 29 9 23 31
split_gain=2686.46 631.759 537.91 423.027 149.381 94.9161 73.1193 63.2472 58.2745 43.9096 39.9082 38.1269 37.7513 36.9937 29.6458 27.5723 29.9231 27.4734 26.5266 26.2086 28.0101 25.4611
threshold=0.67737483978271495 0.0079072723165154474 0.0028739577392116193 0.435479685664177 0.97964814305305492 2.5000000000000004 0.31486493349075323 7.2631113529205331 4.2030684947967538 0.99376392364501964 0.99979683756828319 4.739781618118287 0.81158882379531871 0.0045427088625729093 3.4643369913101201 0.073672004044055953 0.50248664617538463 0.15321958810091021 0.36601445078849798 0.58152645826339733 2.5000000000000004 7.443005084991456
decision_type=2 2 2 2 2 2 2 2 2 2 2 2 2 2 2 2 2 2 2 2 2 2
left_child=2 8 -1 6 12 11 -4 14 -2 -9 -10 -5 15 -13 -7 -3 18 -15 -17 20 -8 -20
right_child=1 4 3 5 -6 7 19 9 10 -11 -12 13 -14 17 -16 16 -18 -19 21 -21 -22 -23
leaf_value=-0.043965277742041106 0.015223359773479111 0.024355855505891585 -0.039742306008505042 -0.012567100909121396 0.035116176041326601 0.014349748143959491 -0.0098957610205197763 -0.027113916753929535 -0.037721013548491035 0.0035111764449530349 -0.00065740895244490241 -0.016412249528763884 0.022637439669997584 -0.03217448569526301 -0.008178908302877215 0.010863892795964745 0.01852884473162586 0.016474847231662253 0.0077410361328848478 0.0166541646408781 -0.036217962069899835 -0.018277633293892658
leaf_weight=1416.0393513530653 40.177229920373065 294.46783975727158 742.59045938958297 103.99014284403529 1330.1131595886545 162.51103962078923 191.58802997268504 331.85255574001349 316.05997328711965 93.209875023050699 54.628331972722663 56.745716817560606 1969.8061825878685 10.144953017821534 194.38005751821038 383.82070022955304 415.3182368442649 640.20989928967902 105.48950000351761 27.920058331394102 97.460274269076763 118.03555245886673
leaf_count=590657 1832 3766 240586 11603 3365 6848 24539 67187 122894 3809 5638 13313 15942 2226 21300 9296 9626 28196 2423 1600 22135 5410
internal_value=6.08197e-11 0.0195374 -0.0241325 -0.0134198 0.0237745 -0.000353519 -0.0328781 -0.0102313 -0.0275098 -0.0204719 -0.0324197 0.00917801 0.0190923 0.0125066 0.00219107 0.0136599 0.010374 0.0152402 0.00458778 -0.0160729 -0.0196853 -0.00619282
internal_weight=9096.56 5027.92 4068.64 2652.6 4617.05 1593.04 1059.56 781.954 410.866 425.062 370.688 811.091 3286.94 707.101 356.891 1317.13 1022.66 650.355 607.346 316.968 289.048 223.525
internal_count=1214191 180192 1033999 443342 49828 154482 288860 99144 130364 70996 128532 55338 46463 43735 28148 30521 26755 30422 17129 48274 46674 7833
is_linear=0
shrinkage=0.04


Tree=26
num_leaves=23
num_cat=0
split_feature=26 10 10 26 26 18 8 3 7 8 5 26 17 1 29 9 18 16 14 23 22 30
split_gain=2581.81 984.564 271.519 214.646 191.796 86.7539 57.6234 52.8864 48.3204 43.2743 69.7997 38.6522 37.373 34.3326 30.7146 29.8058 29.7015 26.3228 25.49 30.2334 25.8745 23.8281
threshold=0.5958346724510194 0.0079072723165154474 0.0046083058696240195 0.435479685664177 0.88382774591445934 4.8213264942169198 0.99376392364501964 0.11705800890922548 0.6646818518638612 0.49746057391166693 0.027373435907065872 0.97964814305305492 6.3835051059722909 0.035399394109845168 0.93374615907669078 0.47995047271251684 1.4968703985214236 4.3373985290527353 1.1999951601028445 1.5000000000000002 17.500000000000004 2.4351477622985844
decision_type=2 2 2 2 2 2 2 2 2 2 2 2 2 2 2 2 2 2 2 2 2 2
left_child=2 5 -1 7 6 -2 8 18 12 10 13 -6 -3 15 -7 -5 -12 -14 -4 -20 -21 -16
right_child=1 4 3 9 11 14 -8 -9 -10 -11 16 -13 17 -15 21 -17 -18 -19 19 20 -22 -23
leaf_value=-0.044087987030314343 0.009187944409174505 0.013301481715173957 -0.041503450896977732 -0.027038289972388316 0.023833159313384918 -0.0392996274305914 0.020123977292818986 -0.011925195041226655 0.023971671584295171 0.0051064038793460654 -0.007428713838342791 0.034633345945455578 -0.02872476256084619 0.021606551603115771 0.0094237088804246909 0.022661489376448563 -0.030125625599503627 0.0009883103715670207 0.0077847373617462943 0.00155837699122693 -0.035057312961943504 -0.034237225467007124
leaf_weight=1193.8582432586481 73.157601639803033 476.55773007048992 576.60533126326482 51.861175099416869 1109.5357762961648 500.07537967940152 1364.7867260825005 183.02677613651031 252.69362095292308 356.0812295517826 158.58898501227668 1311.2012182766339 41.605147885653423 107.02855799872486 42.116229227482108 19.261485296126921 242.21190052885504 624.23220053855039 35.815580186696025 35.258005288837012 199.0228792084672 23.372273520100862
leaf_count=502706 5573 17606 189430 9506 6460 214393 15465 24587 3969 24530 22249 3365 3898 5466 4147 525 52656 31018 3239 5974 60704 6725
internal_value=2.97993e-10 0.0157971 -0.029062 -0.0197546 0.0215812 -0.0307269 0.0142894 -0.0322667 0.00847891 -0.0057797 -0.0124482 0.0298015 0.00487369 0.00807368 -0.0359599 -0.0124443 -0.0215444 -0.00126588 -0.0364733 -0.0246365 -0.0297086 -0.00862974
internal_weight=8977.95 5819.33 3158.62 1964.76 5180.61 638.721 2759.88 1029.73 1395.09 935.033 578.952 2420.74 1142.4 178.151 565.564 71.1227 400.801 665.837 846.702 270.096 234.281 65.4885
internal_count=1214191 312619 901572 398866 81781 230838 71956 283934 56491 114932 90402 9825 52522 15497 225265 10031 74905 34916 259347 69917 66678 10872
is_linear=0
shrinkage=0.04


Tree=27
num_leaves=23
num_cat=0
split_feature=26 10 10 13 26 8 31 18 8 18 7 31 26 28 13 14 8 13 14 29 10 30
split_gain=2468.41 935.045 264.341 242.924 191.306 64.0162 70.3181 101.728 54.9203 53.238 40.9184 42.8716 40.8031 40.118 36.3711 35.9146 35.7602 26.1045 25.5854 23.7458 23.2515 24.0118
threshold=0.5958346724510194 0.0026906024431809787 0.0046083058696240195 0.0080465520732104796 0.88382774591445934 0.9234740436077119 7.3780183792114267 3.4643369913101201 0.99376392364501964 5.3883748054504403 0.56832286715507518 8.9077382087707537 0.97964814305305492 0.21524738520383838 0.75592619180679332 1.1629040241241457 0.48819254338741308 0.2454088553786278 1.900012791156769 0.93374615907669078 0.23882629722356799 2.9566513299942021
decision_type=2 2 2 2 2 2 2 2 2 2 2 2 2 2 2 2 2 2 2 2 2 2
left_child=2 9 -1 16 8 6 7 15 10 -2 11 14 -6 18 -3 -5 -4 -15 -8 -11 21 -10
right_child=1 4 3 5 12 -7 13 -9 20 19 -12 -13 -14 17 -16 -17 -18 -19 -20 -21 -22 -23
leaf_value=-0.043794407027843422 0.00050823061425274668 -0.009035665906509862 -0.041270685438244088 -0.017339985729382109 0.023028598229656354 0.012559778506649195 -0.033444407271029243 -0.023113869899633693 0.013635949254722786 -0.040488760756865833 0.019331285529335839 -0.0097357478157940464 0.034099827106731768 -0.029957776413157583 0.012749090135682973 0.016601880429297319 -0.011851125406348169 0.0093571801754086803 -0.0014857050241030986 -0.010961705477643082 0.020690592791563427 -0.023698032351761624
leaf_weight=1160.3620655352715 67.072995783237275 144.36646069545532 626.09383082614659 51.507231522729853 1107.0275297641056 185.11763876202167 326.91946166715934 222.94908755866345 69.518682683701627 440.93973118646682 362.30595825752243 267.435215104284 1293.1944685034687 28.031277728325222 624.4929495560209 285.56091245995776 84.846005606552353 83.681658629444428 46.576371702249162 58.215364666975802 1288.6114642247558 32.195666923478711
leaf_count=502706 8803 8281 230560 6695 6646 6113 67475 39404 2643 205294 7741 27386 3396 7640 15591 8196 17620 9295 5868 10408 13699 2731
internal_value=-5.99738e-11 0.0154959 -0.0287114 -0.0195176 0.0208315 -0.00863329 -0.0124702 -0.00270873 0.0136281 -0.0329151 0.00794442 0.00381667 0.0291103 -0.0234545 0.00859514 0.0110651 -0.0379727 -0.00215866 -0.0296017 -0.037328 0.0192479 0.000755126
internal_weight=8857.02 5755.38 3101.65 1941.28 5189.15 1230.34 1045.23 560.017 2788.93 566.228 1398.6 1036.29 2400.22 485.209 768.859 337.068 710.94 111.713 373.496 499.155 1390.33 101.714
internal_count=1214191 312619 901572 398866 88114 150686 144573 54295 78072 224505 58999 51258 10042 90278 23872 14891 248180 16935 73343 215702 19073 5374
is_linear=0
shrinkage=0.04


Tree=28
num_leaves=23
num_cat=0
split_feature=26 10 10 26 26 18 26 31 3 31 8 12 8 28 12 18 9 15 29 15 8 6
split_gain=2352.53 885.675 257.669 200.291 180.802 80.4057 64.3354 49.5593 48.8863 45.0408 43.7791 37.2757 33.9912 38.6656 32.9695 30.3756 29.966 28.6655 28.3244 28.0682 28.0427 27.6803
threshold=0.5958346724510194 0.0079072723165154474 0.0046083058696240195 0.435479685664177 0.97964814305305492 4.8213264942169198 0.73549595475196849 7.0466380119323739 0.11705800890922548 7.3950848579406747 0.76726898550987255 0.90479096770286571 0.61393472552299511 0.58857601881027233 0.6772570312023164 2.54277515411377 0.70159596204757702 1.7005987167358401 0.99979683756828319 4.9380581378936776 0.5567397177219392 0.86263784766197216
decision_type=2 2 2 2 2 2 2 2 2 2 2 2 2 2 2 2 2 2 2 2 2 2
left_child=2 5 -1 8 6 -2 9 11 -4 14 16 20 13 -11 -3 17 -9 -8 -7 21 -5 -17
right_child=1 4 3 7 -6 18 15 10 -10 12 -12 -13 -14 -15 -16 19 -18 -19 -20 -21 -22 -23
leaf_value=-0.043519580023000243 0.0084169461442610335 0.00096316918796819238 -0.035786366050902178 -0.020721527520034515 0.03369032055268821 -0.038151793355760563 0.0077759699494933257 -0.024392508826568043 -0.011903269971954495 -0.016906757575610359 0.0072108755143633378 0.015852109341100255 0.009157446559374019 0.019492557245535905 0.022822957324648785 0.011902648865495627 0.01136312932587525 0.023820163924025441 -0.0057614360022130804 0.025143801041054493 0.0065594683533577672 -0.0099315748564248272
leaf_weight=1125.5798509403648 73.159001348307356 157.27392419621174 814.02075936228721 109.7369712114305 1273.8647590946639 487.41641654575506 211.80895612714812 339.51091730163898 180.12866861007933 222.23000334535027 111.18415964703308 209.56097598451015 315.83402305928757 49.549173369363416 367.66190905834083 421.33432079508202 36.170942520315293 1761.8701722368132 51.589768237885437 188.5964551793295 114.10671586092212 110.17813705682056
leaf_count=502706 5573 8759 259347 20488 3365 218625 3105 73725 24587 23299 4772 7872 8681 1723 4979 7065 2953 15260 6640 2092 5122 3453
internal_value=-3.98203e-10 0.0151666 -0.0283558 -0.0192605 0.020651 -0.0299474 0.0162102 -0.00571179 -0.0316207 0.00801639 -0.0143438 0.00408982 0.000365315 -0.00981439 0.0164141 0.0195522 -0.0207446 0.0221462 -0.035213 0.0122364 -0.00712895 0.00727677
internal_weight=8732.37 5692.37 3040 1914.42 5080.2 612.165 3806.34 920.271 994.149 1112.55 486.866 433.405 587.613 271.779 524.936 2693.79 375.682 1973.68 539.006 720.109 223.844 531.512
internal_count=1214191 312619 901572 398866 81781 230838 78416 114932 283934 47441 81450 33482 33703 25022 13738 30975 76678 18365 225265 12610 25610 10518
is_linear=0
shrinkage=0.04


Tree=29
num_leaves=23
num_cat=0
split_feature=26 10 10 13 26 8 9 28 8 8 18 7 13 26 9 8 12 17 29 23 22 22
split_gain=2255.81 845.802 249.621 226.498 189.428 55.1216 74.6714 55.836 63.409 54.9637 47.9971 38.9536 38.9876 37.4911 37.3741 34.1415 30.9525 29.5027 26.5795 24.5343 23.9864 23.3703
threshold=0.5958346724510194 0.0026906024431809787 0.0046083058696240195 0.0080465520732104796 0.88382774591445934 0.54718273878097545 0.55316811800003063 0.098369751125574126 0.10507215186953546 0.99376392364501964 5.3883748054504403 0.9663875699043275 0.14638990908861163 0.97964814305305492 0.71485650539398204 0.48819254338741308 0.61206930875778209 9.4735498428344744 0.14922130107879641 2.5000000000000004 15.500000000000002 29.500000000000004
decision_type=2 2 2 2 2 2 2 2 2 2 2 2 2 2 2 2 2 2 2 2 2 2
left_child=2 10 -1 15 9 6 7 19 -9 11 -2 12 -3 -6 17 -4 -16 21 -10 20 -5 -14
right_child=1 4 3 5 13 -7 -8 8 18 -11 -12 -13 14 -15 16 -17 -18 -19 -20 -21 -22 -23
leaf_value=-0.043263248791458049 -0.00047534763801405157 -0.015629487073089338 -0.040696842355454427 0.009837410702531444 0.022435220482918176 0.0064833681204394724 0.015882159233890202 0.015058972329533833 0.008331438128994088 0.01843842902558597 -0.036623412848915668 0.024748096628517968 -0.0047431968989325125 0.033194584562149992 -0.029300496892870141 -0.011670706735214031 0.028319700970204559 -0.031685092718531108 -0.026010112762127519 -0.037721617790065144 -0.022405458990624318 0.0092372100552975279
leaf_weight=1091.7449243583869 67.191773840400856 127.96252241055481 599.24408260568453 37.422668955958216 1085.2008753028349 289.24940186549793 114.45857526434702 139.04582082046545 40.506050331197912 1366.9981185762736 474.20347296760156 164.73253945936449 265.55063967901515 1255.8488903362304 8.3624326257267949 83.645704518712591 157.15120237952215 26.421552451996831 161.12302842459758 187.34928164674784 241.09846768362331 630.02813546845573
leaf_count=502706 8803 11794 230560 2635 6646 16440 5903 11805 4263 19073 215702 2565 12887 3396 1050 17620 2873 2454 32414 39733 37493 25376
internal_value=-3.16144e-10 0.014899 -0.0280561 -0.0191052 0.0199666 -0.00858235 -0.0133327 -0.0176224 -0.00509208 0.0127681 -0.0322271 0.00705989 0.00448024 0.0283237 0.0069673 -0.0373612 0.0239049 0.00370286 -0.0190434 -0.0264858 -0.0178824 0.00508524
internal_weight=8614.54 5629.65 2984.89 1893.14 5088.26 1210.25 921.004 806.545 340.675 2747.21 541.395 1380.21 1215.48 2341.05 1087.51 682.89 165.514 922 201.629 465.87 278.521 895.579
internal_count=1214191 312619 901572 398866 88114 150686 134246 128343 48482 78072 224505 58999 56434 10042 44640 248180 3923 40717 36677 79861 40128 38263
is_linear=0
shrinkage=0.04


Tree=30
num_leaves=23
num_cat=0
split_feature=26 10 10 26 26 13 28 23 24 31 15 26 31 12 30 8 31 2 8 26 22 22
split_gain=2159.28 479.583 466.836 355.093 124.508 107.48 45.3992 43.6959 42.5498 38.8872 35.7589 35.0936 32.249 27.6259 26.9409 26.7479 23.396 22.684 22.4453 22.1727 21.0246 20.6635
threshold=0.68439850211143505 0.0028739577392116193 0.022602157667279247 0.50981926918029796 0.97964814305305492 0.01953974645584822 0.77638855576515209 2.5000000000000004 1.2424533367156985 7.2631113529205331 2.9174053668975835 0.30855594575405126 7.4984102249145517 0.71133798360824596 2.6455165147781377 0.69155755639076244 7.443005084991456 0.085928969085216536 0.73941960930824291 0.81158882379531871 18.500000000000004 45.500000000000007
decision_type=2 2 2 2 2 2 2 2 2 2 2 2 2 2 2 2 2 2 2 2 2 2
left_child=1 -1 6 5 10 18 -2 -5 17 13 16 -10 -13 -9 -8 -11 -4 -7 -3 -12 -21 -17
right_child=2 3 4 7 -6 8 14 9 11 15 19 12 -14 -15 -16 21 -18 -19 -20 20 -22 -23
leaf_value=-0.042602694294120454 -0.032745464868799153 -0.039572906068594677 0.016916394720583587 0.010696037745663127 0.032759935554974841 -0.028889574247322601 0.011767332199287987 -0.0076169710107719755 -0.033265087966360254 -0.022445343337371297 0.014654158204115465 0.0087427737608048624 -0.016069429655590325 0.016705868825505118 -0.023936345220145077 0.0092480990476877245 0.0035964439623066627 0.0083683285916737078 -0.0036582928143994832 0.0017320317997381396 0.024501746283428751 -0.028506281214547326
leaf_weight=1242.0512887266632 261.90328054396377 624.48402567125959 425.15126355551183 618.4370565728459 1232.2561399911065 290.86916887648113 73.253837135591311 124.15415631848737 53.556872377041145 197.87247761731851 811.06991525710328 208.17146320661413 126.12040816791705 161.92062622442609 47.125938184952247 98.712162251584232 422.87964549387107 24.330052366974996 31.366288622579305 69.847592729900498 1330.1250366479508 19.503049532708246
leaf_count=598064 99851 243169 5622 31845 3360 59861 8995 11943 11917 35039 17237 13428 21341 4694 14516 4427 10828 2377 3940 889 9187 1661
internal_value=2.17371e-11 -0.02227 0.0182186 -0.012353 0.0219979 -0.0263413 -0.0236852 0.00330783 -0.0151447 -0.00433084 0.0175701 -0.00601781 -0.000813129 0.00624922 -0.0029737 -0.0138043 0.0103936 -0.0258448 -0.037936 0.0202634 0.0233861 0.0012819
internal_weight=8495.16 3821.55 4673.61 2579.5 4291.33 1358.9 382.283 1220.6 703.048 602.162 3059.07 387.849 334.292 286.075 120.38 316.088 848.031 315.199 655.85 2211.04 1399.97 118.215
internal_count=1214191 1043706 170485 445642 47123 356033 123362 89609 108924 57764 43763 46686 34769 16637 23511 41127 16450 62238 247109 27313 10076 6088
is_linear=0
shrinkage=0.04


Tree=31
num_leaves=23
num_cat=0
split_feature=26 10 10 13 26 18 8 9 28 12 26 3 3 3 8 29 3 3 27 6 8 27
split_gain=2082.31 768.057 235.626 208.568 172.092 69.8175 50.2437 58.2393 56.1463 53.1517 45.4448 40.6265 43.4977 87.6093 31.3492 28.0073 27.0793 26.1518 23.2652 23.1316 22.7314 33.4025
threshold=0.5958346724510194 0.0079072723165154474 0.0046083058696240195 0.0080465520732104796 0.85254633426666271 4.5545287132263192 0.9234740436077119 0.68450859189033519 0.101200208067894 0.95354795455932628 0.97964814305305492 0.088970217853784575 1.0000000180025095e-35 0.023523150011897091 0.99376392364501964 0.99979683756828319 0.078328475356102004 0.13314308226108554 0.020013208501040939 1.1913692355155947 0.72192299365997326 0.52783578634262096
decision_type=2 2 2 2 2 2 2 2 2 2 2 2 2 2 2 2 2 2 2 2 2 2
left_child=2 5 -1 14 11 -2 7 8 16 18 -6 12 20 -14 17 -7 -5 -4 -10 -9 21 -3
right_child=1 4 3 6 10 15 -8 19 9 -11 -12 -13 13 -15 -16 -17 -18 -19 -20 -21 -22 -23
leaf_value=-0.042820848041665673 0.009917384659805557 -0.001517917942411761 -0.041127611764071481 -0.031540346072395253 0.021318360084370488 -0.036774071060560666 0.010187482692360075 0.023473684240242178 0.0027298477986379467 0.012481071036115976 0.032322815367692652 0.017293196856017625 -0.046755990928959754 0.0053797273625230246 -0.0016865689503269979 -0.0053225947244019143 -0.012257472456840486 -0.0059061854253907413 -0.024996042682027986 -0.019714590429103191 0.01592750984879273 0.024441600864177127
leaf_weight=1030.3313380546497 61.864610610209638 383.41509522867273 574.50973580477876 303.91987841307127 1408.455457473523 461.60856958488148 182.45343255004263 85.877347896952415 67.10060567605251 171.33673288265709 1218.4617848794442 1040.5109644802433 59.024684430492925 197.46401294390671 39.252190642873757 54.219226607805467 216.59066789380449 39.677769682966755 148.48301398090553 16.872438943915768 528.69790772756096 89.659522836795077
leaf_count=502706 4409 22049 239175 59217 10022 219757 6113 2915 9163 9387 3365 24165 6049 6850 3206 6672 27911 5799 34108 1872 7426 1855
internal_value=4.76832e-10 0.0144102 -0.0275251 -0.0188036 0.0195354 -0.0288792 -0.00871823 -0.0121993 -0.0154412 -0.0037481 0.0265259 0.0114668 0.00655036 -0.00792235 -0.0368021 -0.0336323 -0.0238988 -0.0389833 -0.0166279 0.0152623 0.0102976 0.00380617
internal_weight=8379.79 5503.38 2876.41 1846.07 4925.69 577.692 1192.63 1010.18 907.431 386.92 2626.92 2298.77 1258.26 256.489 653.44 515.828 520.511 614.188 215.584 102.75 1001.77 473.075
internal_count=1214191 312619 901572 398866 81781 230838 150686 144573 139786 52658 13387 68394 44229 12899 248180 226429 87128 244974 43271 4787 31330 23904
is_linear=0
shrinkage=0.04


Tree=32
num_leaves=23
num_cat=0
split_feature=26 10 10 13 26 8 26 7 13 18 17 26 8 27 8 12 1 30 5 29 3 29
split_gain=1996.02 728.681 229.55 200.526 171.372 52.3093 48.9212 41.5419 40.7512 39.6797 36.486 35.8297 31.1476 28.9068 33.9089 36.1811 29.662 24.268 22.7295 21.0925 20.6329 20.0582
threshold=0.5958346724510194 0.0024403325514867906 0.0046083058696240195 0.0080465520732104796 0.88382774591445934 0.99376392364501964 0.435479685664177 0.6646818518638612 0.72790515422821056 5.3883748054504403 6.2176032066345224 0.97964814305305492 0.48819254338741308 0.26474970579147344 0.49746057391166693 0.94494029879570018 0.12624759227037433 3.6669236421585087 1.3629146218299868 0.47361293435096746 0.13314308226108554 0.93374615907669078
decision_type=2 2 2 2 2 2 2 2 2 2 2 2 2 2 2 2 2 2 2 2 2 2
left_child=2 9 -1 12 5 7 17 8 19 -2 -10 -6 20 14 15 -8 -17 -5 -7 -3 -4 -11
right_child=1 4 3 6 11 18 13 -9 10 21 -12 -13 -14 -15 -16 16 -18 -19 -20 -21 -22 -23
leaf_value=-0.042599405643566055 -0.0011773943812566018 -0.0039176558878444463 -0.041884697399171764 -0.023475050694187049 0.021164182447535946 0.022950967677902747 -0.025953646843161555 0.020925144823780193 0.016063461880765646 -0.038634465237394819 -0.00020679853139620716 0.031839700910895712 -0.011587058898897747 0.015279503483729102 0.0052023859145481667 -0.014140153486382657 0.014708331254882934 0.0029225459294747649 0.012131967825812051 -0.030672158694899272 -0.0080916542100257643 -0.010749662741301447
leaf_weight=1000.3904295350439 62.506856103311293 161.14860845326621 521.57065768998655 356.8672045461135 1054.6734393927036 650.06818794843275 178.6504611352866 244.3189024439198 376.44989012781298 384.87171030025638 513.03276967593411 1200.8458838298684 81.386751952290069 112.48222618064028 259.59568477119319 122.57652325759409 90.184898035382503 63.263451428094413 677.88556281651836 58.86582207455649 36.294551599014085 56.641461873470689
leaf_count=502706 8626 12879 225186 69167 6682 7243 38971 4611 11423 204916 25028 3401 17620 7269 14936 9794 3461 7088 12119 5303 5374 10388
internal_value=-1.72117e-10 0.0141547 -0.0272342 -0.0186153 0.0188424 0.0119375 -0.00873089 0.00633403 0.00296276 -0.0312389 0.00678119 0.0269633 -0.0365007 -0.00261575 -0.00589211 -0.0131966 -0.00180058 -0.0195246 0.0175601 -0.0120982 -0.0398673 -0.0353745
internal_weight=8264.57 5441.31 2823.26 1822.87 4937.29 2681.77 1183.62 1353.82 1109.5 504.02 889.483 2255.52 639.252 763.49 651.008 391.412 212.761 420.131 1327.95 220.014 557.865 441.513
internal_count=1214191 312619 901572 398866 88689 78606 150686 59244 54633 223930 36451 10083 248180 74431 67162 52226 13255 76255 19362 18182 230560 215304
is_linear=0
shrinkage=0.04


Tree=33
num_leaves=23
num_cat=0
split_feature=26 10 26 10 13 26 8 31 18 18 0 31 10 7 15 26 0 15 15 6 28 3
split_gain=1915.4 545.277 384.258 273.497 96.2149 84.0174 49.7597 54.7293 46.2511 45.3278 45.1798 40.1438 49.9817 30.1419 28.3619 24.9466 23.301 23.0991 23.0089 25.2749 21.6448 20.343
threshold=0.73549595475196849 0.0028739577392116193 0.50981926918029796 0.024303223006427292 0.005590044893324376 0.97964814305305492 0.63159459829330455 7.2631113529205331 4.2030684947967538 3.0378198623657231 0.10426754131913187 7.540879726409913 0.87500000000000011 0.24075572192668918 3.5972183942794804 0.30855594575405126 0.11247640475630762 2.9174053668975835 3.1984648704528813 0.073716416954994216 0.90278089046478283 0.13314308226108554
decision_type=2 2 2 2 2 2 2 2 2 2 2 2 2 2 2 2 2 2 2 2 2 2
left_child=1 -1 4 8 21 14 7 9 -2 -4 17 12 -6 18 -5 -14 -11 -9 19 -8 -10 -3
right_child=3 2 6 5 11 -7 13 10 20 16 -12 -13 15 -15 -16 -17 -18 -19 -20 -21 -22 -23
leaf_value=-0.041151689478091787 0.018122533314362914 -0.040019384331214825 0.016787605464321599 0.013220289353950417 -0.022574469209963099 0.031436059490789779 0.015911872257276888 -0.032869316797700054 -0.033397645694914692 -0.020511146776416519 0.012259305824598546 -0.026748915981933893 -0.026990994860804911 6.8775856974387386e-05 0.022016377441486875 0.0089627371224613121 0.012386135834837973 -0.011013345607796061 0.022083722976417999 -0.014370663405073123 -0.003444343886394057 -0.0072449818292872736
leaf_weight=1233.5892995654867 36.80213460419327 526.12673479385921 263.8408444976958 1089.9652070594602 189.42645603939309 1178.0779336771229 97.484774971700972 120.3837817851454 165.23653157895751 99.73269671772141 84.342389568773797 302.8000446378428 25.868489802422118 281.0423796097748 1463.1921207935084 219.06759016889555 42.287074530497193 232.95619186399563 343.87192436904297 65.174081417906564 52.68383939339401 37.366507549319067
leaf_count=645103 1016 227888 5297 16359 35229 3360 1831 21441 65575 14304 5340 71748 5164 13298 14227 10750 2306 30824 6695 2933 8249 5254
internal_value=6.84779e-10 -0.0189455 -0.00949383 0.0197961 -0.0256228 0.0225393 0.00344523 -0.00329309 -0.0197196 0.00719958 -0.0129664 -0.0157718 -0.00768967 0.0106132 0.0183275 0.00425576 -0.0105454 -0.0191594 0.0163491 0.00364871 -0.0266251 -0.0380103
internal_weight=8151.32 4165.36 2931.77 3985.96 1300.66 3731.24 1631.12 843.543 254.723 405.861 437.682 737.163 434.363 787.573 2553.16 244.936 142.02 353.34 506.531 162.659 217.92 563.493
internal_count=1214191 1105405 460302 108786 356033 33946 104269 79512 74840 21907 57605 122891 51143 24757 30586 15914 16610 52265 11459 4764 73824 233142
is_linear=0
shrinkage=0.04


Tree=34
num_leaves=23
num_cat=0
split_feature=26 10 10 26 26 18 26 3 8 9 8 7 5 28 18 9 29 23 26 17 22 26
split_gain=1836.5 658.787 217.606 161.841 154.425 64.6043 54.6335 48.4031 44.3389 38.3218 46.115 38.257 36.794 41.3252 22.986 22.727 22.6706 22.4927 30.7388 22.3813 21.1517 20.4238
threshold=0.5958346724510194 0.0079072723165154474 0.0046083058696240195 0.39976622164249426 0.82050970196723949 4.8213264942169198 0.97964814305305492 0.083531644195318236 0.99376392364501964 0.84246250987052929 0.9234740436077119 0.9663875699043275 1.0000000180025095e-35 0.035449374467134483 2.54277515411377 0.71485650539398204 0.93374615907669078 2.5000000000000004 0.30634529888629919 9.4735498428344744 18.500000000000004 0.56282487511634838
decision_type=2 2 2 2 2 2 2 2 2 2 2 2 2 2 2 2 2 2 2 2 2 2
left_child=2 5 -1 7 8 -2 14 -4 11 10 12 15 13 -5 -6 19 -7 18 -9 -3 -16 -14
right_child=1 4 3 9 6 16 -8 17 -10 -11 -12 -13 21 -15 20 -17 -18 -19 -20 -21 -22 -23
leaf_value=-0.04220245106325414 0.007026382303400803 4.0195527463434174e-05 -0.037375042137733419 -0.022321021267648834 0.022207071878914953 -0.036521467138295023 0.031027185291723738 -0.029474893507406171 0.016185380556791921 0.014266096851374878 0.0075073453989594439 0.025613269879897746 -0.023270897838993228 0.015856475458827533 -0.022201618954322121 0.016201039976557498 -0.0090640568758230608 -0.03539787120445357 0.0090395674014225585 -0.033087916889926836 0.013223860874036637 -0.0027759686790476417
leaf_weight=942.16086847306542 70.506600007036468 787.17085369766573 595.64617131757404 63.490606909821508 1278.3816420981893 407.04234445972543 1164.5211514780531 38.868099867540877 854.8561038094922 105.6253375413944 179.83423194548232 105.54451442341087 451.63129808221129 108.61323163154884 19.893651780439541 128.25094814042677 63.299447956567747 39.63286536000669 93.876159314648248 24.039549296270707 416.48197388992412 97.095275497093098
leaf_count=502706 5573 42556 220776 12441 8807 214393 3365 8409 12038 5677 6726 1745 106286 7848 674 4564 10872 9948 7891 2928 5104 12864
internal_value=4.37173e-10 0.0136591 -0.0267021 -0.0182811 0.0184025 -0.0278293 0.0242377 -0.0319969 0.00947872 -0.00760097 -0.0102939 0.003891 -0.014777 0.00132014 0.0194736 0.00120653 -0.0330918 -0.0123825 -0.00351248 -0.00133249 0.0111477 -0.019759
internal_weight=8036.46 5319.99 2716.47 1774.31 4779.14 540.848 2879.28 768.023 1899.86 1006.29 900.665 1045.01 720.83 172.104 1714.76 939.461 470.342 172.377 132.744 811.21 436.376 548.727
internal_count=1214191 312619 901572 398866 81781 230838 17950 247024 63831 151842 146165 51793 139439 20289 14585 50048 225265 26248 16300 45484 5778 119150
is_linear=0
shrinkage=0.04


Tree=35
num_leaves=23
num_cat=0
split_feature=26 10 10 13 26 18 8 7 26 13 8 9 16 31 26 15 10 31 15 6 30 29
split_gain=1755.54 627.331 213.162 179.266 151.024 61.9097 61.705 54.353 44.6252 39.7401 29.8894 26.9852 29.2445 25.6379 24.7462 24.2639 24.1282 22.8578 25.2597 22.146 21.6964 21.4824
threshold=0.5958346724510194 0.0079072723165154474 0.0046083058696240195 0.0080465520732104796 0.97964814305305492 4.8213264942169198 0.84331884980201732 0.7679525911808015 0.435479685664177 0.15308607369661334 0.48819254338741308 0.71485650539398204 4.7505102157592782 8.9077382087707537 0.73549595475196849 3.1567740440368657 0.23882629722356799 7.9633073806762704 4.4829866886138925 0.33196201920509344 3.6669236421585087 0.93374615907669078
decision_type=2 2 2 2 2 2 2 2 2 2 2 2 2 2 2 2 2 2 2 2 2 2
left_child=2 5 -1 10 6 -2 7 9 20 -3 -4 12 -11 -10 -14 -15 -8 -18 -19 -16 -5 -7
right_child=1 4 3 8 -6 21 16 -9 13 11 -12 -13 14 15 19 -17 17 18 -20 -21 -22 -23
leaf_value=-0.04201939169961056 0.0066366496809210007 -0.016769066454152687 -0.039141940047914749 -0.022952046031741218 0.030631387510131485 -0.036204292991532418 -0.0030621529010637304 0.024775634668393862 0.0014818197958053176 -0.012349318990130049 -0.010902376927383875 0.020635143340386061 -0.0015646567106766174 -0.034242042724528229 0.019211087866321773 -0.0041782313025473293 0.023580370470798907 0.0088553516334734482 0.022577197915823348 0.0029406276016929397 0.0022452711556192155 -0.0093337599999882212
leaf_weight=914.14013307561618 70.267713547451422 117.2719070835301 518.38071599633622 346.88121845808928 1146.6477836648701 396.41623162452015 77.101890004705638 245.55561512228451 563.52354253585509 138.684073203156 78.317804871956469 180.0121114829235 342.31501439205022 60.037114520644536 298.51536980009405 119.68426908367837 1024.8890557675622 553.25987401383463 366.62623143778183 243.85511206957744 62.576789911137894 63.402947967413638
leaf_count=502706 5573 11762 230560 69167 3365 214393 1905 2879 38903 7390 17620 3752 21715 15979 4715 19549 7088 8093 3239 5878 7088 10872
internal_value=1.29803e-10 0.0133834 -0.026405 -0.0180534 0.0180118 -0.027526 0.0139051 0.00786968 -0.00870249 0.0045637 -0.0356762 0.00676369 0.00414761 -0.00277494 0.0068428 -0.0154967 0.0185185 0.0193854 0.0145083 0.0120814 -0.0191395 -0.0327767
internal_weight=7928.36 5264.82 2663.54 1749.4 4734.73 530.087 3588.09 1566.21 1152.7 1320.65 596.699 1203.38 1023.37 743.245 884.685 179.721 2021.88 1944.78 919.886 542.37 409.458 459.819
internal_count=1214191 312619 901572 398866 81781 230838 78416 58091 150686 55212 248180 43450 39698 74431 32308 35528 20325 18420 11332 10593 76255 225265
is_linear=0
shrinkage=0.04


Tree=36
num_leaves=23
num_cat=0
split_feature=14 10 12 13 8 7 18 8 31 18 31 28 12 28 8 15 28 9 31 30 3 0
split_gain=1486.11 665.915 228.802 220.611 87.2244 77.8058 69.2857 68.4472 64.5174 60.6627 53.8729 46.7188 44.7606 36.2894 33.8867 31.1084 30.178 29.9167 29.0467 25.2086 22.0177 21.6153
threshold=1.8815903663635256 0.022602157667279247 0.0033277962356805806 0.0080465520732104796 0.67261725664138805 0.54565098881721508 4.2030684947967538 0.57373660802841198 8.022707939147951 3.4643369913101201 6.3612966537475595 0.51445010304451 0.96083045005798351 0.21524738520383838 0.99376392364501964 3.3842465877532963 0.032328225672245033 0.505079746246338 0.89587974548339855 3.777522206306458 0.13314308226108554 0.12541969120502475
decision_type=2 2 2 2 2 2 2 2 2 2 2 2 2 2 2 2 2 2 2 2 2 2
left_child=2 6 -1 14 5 12 -2 8 9 10 -5 -11 21 -10 20 19 17 -12 -8 -6 -4 -3
right_child=1 4 3 7 15 -7 18 -9 13 11 16 -13 -14 -15 -16 -17 -18 -19 -20 -21 -22 -23
leaf_value=-0.040815110650210658 0.010448328512466345 -0.014991095592044337 -0.040048925906248263 0.023595780893607914 0.01846059833059973 0.02168239594345529 -0.0096200256221447168 0.013288713052777503 -0.034013699138204609 -0.030357265338363654 -0.023246608477278372 0.015222078630122267 0.0092822932645223594 -0.0024812080544076975 0.0013200054877596757 0.024262202080776629 0.0063777588637132622 0.015983245219812887 -0.037146557446086623 0.0028969552566730271 -0.0070776208726809585 0.0074035900156556875
leaf_weight=863.55699416685093 61.890986573169357 260.95082830662432 524.19741768614585 142.23263856918493 978.45476016280008 468.18172439213959 81.473108486105048 228.50290244776988 217.91837314376608 169.26432892982848 148.18747729607276 38.432458609982859 472.8527788399806 80.744054731796496 36.857775453390786 2078.6329026382009 190.2167532259482 31.176212723308709 418.37080385060835 205.22926595830359 39.60480768753041 85.615731460449751
leaf_count=468305 4719 31754 241428 3890 11221 8350 31585 11972 55770 34900 16175 3333 10755 14606 2655 17271 8892 918 221852 4094 5892 3854
internal_value=-6.99267e-10 0.0126913 -0.0238895 -0.0158002 0.0177727 0.00885955 -0.0280573 -0.00609787 -0.0105356 -0.00391351 0.00354493 -0.0216114 0.00136002 -0.0258454 -0.0355079 0.0212528 -0.00458996 -0.0159439 -0.0329365 0.015809 -0.0378965 -0.00940624
internal_weight=7822.55 5111.65 2710.89 1847.34 4549.92 1287.6 561.735 1246.68 1018.17 719.51 511.813 207.697 819.419 298.662 600.66 3262.32 369.58 179.364 499.844 1183.68 563.802 346.567
internal_count=1214191 345455 868736 400431 87299 54713 258156 150456 138484 68108 29875 38233 46363 70376 249975 32586 25985 17093 253437 15315 247320 35608
is_linear=0
shrinkage=0.04


Tree=37
num_leaves=23
num_cat=0
split_feature=26 10 10 26 26 13 23 0 3 24 31 15 28 9 8 22 8 16 6 12 6 27
split_gain=1630.32 422.493 289.653 287.664 102.92 85.2292 45.6006 35.898 35.2095 31.5172 27.6239 26.7038 23.5708 27.1667 22.8066 23.1799 21.3967 21.1178 20.9112 20.024 19.8397 18.6736
threshold=0.70659214258193981 0.0028739577392116193 0.024303223006427292 0.50981926918029796 0.97964814305305492 0.31486493349075323 2.5000000000000004 0.21919206529855731 0.12835847586393359 1.2424533367156985 7.2631113529205331 2.9174053668975835 0.101200208067894 0.33587798476219183 0.65106043219566356 45.500000000000007 0.99376392364501964 4.7447893619537362 1.077498257160187 0.71133798360824596 0.46441288292407995 0.24461449682712558
decision_type=2 2 2 2 2 2 2 2 2 2 2 2 2 2 2 2 2 2 2 2 2 2
left_child=1 -1 7 5 11 8 17 -2 16 -7 19 -4 13 -11 21 -16 -3 -5 -9 -8 -13 -12
right_child=2 3 4 6 -6 9 10 18 -10 12 14 20 -14 -15 15 -17 -18 -19 -20 -21 -22 -23
leaf_value=-0.040826637270516983 -0.030059518045059925 -0.038051772458854896 0.0091738220726032358 -0.0086365104953271387 0.030518006048094497 -0.023078384731027111 -0.0077841038995680725 0.0094852848542186993 -0.0063725571332762876 -0.018491210233862191 -0.027850463480417732 0.021979976906108988 0.01311607710714815 0.013856527308964861 0.0063944762857692473 -0.03018884155838452 -0.004525063541149738 0.011913583948983172 -0.029078102531433031 0.012161687599209631 0.013536651189538515 0.00020021626273096691
leaf_weight=1048.9751729842337 195.39441473109764 615.05778687676684 731.6133292503655 84.845627628208604 1102.582627478987 209.38501201920735 135.82126395753585 77.084423013482592 74.583157967324951 151.45159957700525 152.69982953321596 1100.0929414912243 90.917380627957755 47.750133477995405 128.44765870287665 24.657589297537925 35.059837495471584 596.1573305248603 20.338470209666411 171.25274557498051 874.1476360775996 49.346645292200265
leaf_count=619927 83039 265604 14041 6986 3360 42863 12996 9905 9930 21303 30098 11059 9491 2918 6268 2244 3924 27121 7913 5060 12461 5680
internal_value=1.50475e-11 -0.0195497 0.0172442 -0.0107319 0.0201982 -0.0246735 0.00206267 -0.0205742 -0.0333843 -0.0116282 -0.00537186 0.0158962 -0.00287079 -0.0104455 -0.0128176 -0.000986922 -0.0363397 0.00926533 -0.000522836 0.00337225 0.0183285 -0.0213132
internal_weight=7717.66 3616.41 4101.25 2567.43 3808.44 1224.2 1343.23 292.817 724.701 499.504 662.226 2705.85 290.119 199.202 355.152 153.105 650.118 681.003 97.4229 307.074 1974.24 202.046
internal_count=1214191 1072413 141778 452486 40921 356033 96453 100857 279458 76575 62346 37561 33712 24221 44290 8512 269528 34107 17818 18056 23520 35778
is_linear=0
shrinkage=0.04


Tree=38
num_leaves=23
num_cat=0
split_feature=26 10 10 26 13 8 8 9 28 8 18 26 7 31 8 13 29 3 7 6 17 27
split_gain=1555.35 541.531 196.29 165.769 158.631 44.9029 41.1222 47.9483 45.6238 43.4184 35.243 34.2952 33.3897 32.1769 27.5933 27.5283 23.8832 22.57 20.5316 22.2983 20.2701 18.3462
threshold=0.5958346724510194 0.0024403325514867906 0.0046083058696240195 0.88382774591445934 0.0080465520732104796 0.99376392364501964 0.9234740436077119 0.68450859189033519 0.101200208067894 0.10507215186953546 5.3883748054504403 0.97964814305305492 0.56832286715507518 8.9077382087707537 0.48819254338741308 0.75592619180679332 0.21177646517753604 0.078328475356102004 0.10753788799047471 1.2058480978012087 6.2176032066345224 0.74491310119628917
decision_type=2 2 2 2 2 2 2 2 2 2 2 2 2 2 2 2 2 2 2 2 2 2
left_child=2 10 -1 5 14 12 7 8 17 -10 -2 -5 13 15 -4 -3 -11 -6 19 -7 -17 -12
right_child=1 3 4 11 6 18 -8 -9 9 16 21 -13 -14 -15 -16 20 -18 -19 -20 -21 -22 -23
leaf_value=-0.041494843497526954 -0.00037064610079071359 -0.010604584756282773 -0.038471905169293989 0.019331632138444195 -0.030274014084986353 0.02479739411615316 0.0088533682832322158 0.013442003581669571 0.012954458430886018 0.0013971828051077548 -0.036815801059718913 0.030120933296871946 0.015315559332752412 -0.011180471215713528 -0.01074137467428773 0.016851875246135371 -0.024375916976390705 -0.01206930355779064 0.011606517289741115 -0.018968007855381486 0.0019212385049647805 -0.0078136368337670577
leaf_weight=833.62062476058782 58.909065041851136 134.93495349312434 479.84690197051714 995.53564839961473 283.35645497078076 372.62919699607301 170.24818859493826 97.806712734891335 137.1690929246397 91.174746213451726 335.25040858056309 1089.3553350553848 333.05684228491737 253.96910262297024 75.807813445979264 264.90251068444923 141.23441247502342 206.60603942337912 885.86791882966645 12.558863246464169 315.26834948317264 45.754629029470379
leaf_count=502706 8626 8302 230560 6682 59217 3127 6113 4787 11944 10879 201568 3401 7861 27388 17620 5273 29835 27911 15735 500 10420 13736
internal_value=3.40186e-10 0.0126981 -0.0256689 0.0167165 -0.0176324 0.0098644 -0.00886874 -0.0120793 -0.0151045 -0.00431695 -0.0292764 0.0250859 0.00459053 0.000785708 -0.0349454 0.00513107 -0.0146245 -0.0229924 0.0151892 0.0229266 0.00890851 -0.0336219
internal_weight=7614.86 5097.99 2516.87 4658.08 1683.25 2573.19 1127.6 957.347 859.541 369.578 439.914 2084.89 1302.13 969.075 555.655 715.106 232.409 489.962 1271.06 385.188 580.171 381.005
internal_count=1214191 312619 901572 88689 398866 78606 150686 144573 139786 52658 223930 10083 59244 51383 248180 23995 40714 87128 19362 3627 15693 215304
is_linear=0
shrinkage=0.04


Tree=39
num_leaves=23
num_cat=0
split_feature=26 10 10 26 26 23 13 18 26 31 16 3 27 8 22 30 1 8 13 18 4 17
split_gain=1492.52 339.423 319.343 235.834 113.996 62.7902 52.0828 50.7812 35.4975 35.0019 28.8663 26.1115 26.0172 23.9951 23.8478 23.3594 24.3874 22.344 21.046 20.7305 20.0226 18.0445
threshold=0.67737483978271495 0.0028739577392116193 0.022602157667279247 0.435479685664177 0.97964814305305492 2.5000000000000004 0.31486493349075323 4.2030684947967538 0.78283172845840465 7.2631113529205331 4.739781618118287 0.15023843199014666 0.27543367445468908 0.99376392364501964 46.500000000000007 1.0764033198356631 0.58117738366127025 0.49933046102523809 0.0913653038442135 3.4643369913101201 0.48224507272243505 6.9092540740966806
decision_type=2 2 2 2 2 2 2 2 2 2 2 2 2 2 2 2 2 2 2 2 2 2
left_child=1 -1 7 6 8 10 -3 -2 11 18 -5 14 17 -11 -4 16 -9 20 -7 -20 -12 -8
right_child=2 3 4 5 -6 9 21 15 -10 13 12 -13 -14 -15 -16 -17 -18 -19 19 -21 -22 -23
leaf_value=-0.040804376037911101 0.014732008532512155 -0.036080846748668231 -0.0018695928439688354 -0.013951198263355008 0.029745263999742082 -0.022169641898843902 -0.0055487798007933485 -0.022905251222890843 0.017308399442521077 -0.024400854712387132 -0.0091615883291821312 0.017410705621285494 0.02323691846208658 -0.00017723853276857513 0.016104375004818497 -0.033462374739453231 0.019794502874027103 0.012351212221870904 0.015173627689541313 -0.0061588979118259212 0.020382488324310555 -0.026200686859433945
leaf_weight=934.86323648675534 47.332787589053623 552.37480626821343 453.7513566808193 93.49313540381263 1067.7735407035798 52.675783860875526 171.62672939796175 42.368828724080231 2011.5280242414447 286.81146387191257 207.61155653763853 281.05410486308392 144.59306906093843 84.117686950237839 148.88466768956278 224.7203198422867 26.692352109472267 255.74967804491462 121.51912547898246 154.75098835781682 34.446440520885517 110.08637455831922
leaf_count=590657 1957 240586 15841 11603 3360 8983 24766 19456 20708 67187 26592 5589 6555 3809 3714 106904 2663 8731 2612 16553 1857 23508
internal_value=-1.90122e-10 -0.0206315 0.0153738 -0.0121805 0.0185772 -0.0022996 -0.0289604 -0.0213118 0.0143702 -0.0108015 0.00582255 0.00756321 0.0088701 -0.0190564 0.00276137 -0.0274128 -0.00598542 0.0043217 -0.00120539 0.00342662 -0.00431543 -0.0142405
internal_weight=7508.83 3204.72 4304.11 2269.86 3962.99 1435.77 834.088 341.114 2895.22 699.875 735.894 883.69 642.401 370.929 602.636 293.782 69.0612 497.808 328.946 276.27 242.058 281.713
internal_count=1214191 1033999 180192 443342 49212 154482 288860 130980 45852 99144 55338 25144 43735 70996 19555 129023 22119 37180 28148 19165 28449 48274
is_linear=0
shrinkage=0.04


Tree=40
num_leaves=23
num_cat=0
split_feature=26 10 10 26 26 13 23 31 8 18 8 16 22 18 31 28 13 18 15 8 18 31
split_gain=1427.76 347.931 284.678 232.914 112.092 50.9407 49.223 34.7675 31.9308 31.2856 26.8564 26.7547 22.9263 24.7307 23.7694 27.4982 22.7047 22.9785 22.5717 20.7868 26.1771 25.7358
threshold=0.68439850211143505 0.0028739577392116193 0.0053777841385453948 0.435479685664177 0.97964814305305492 0.31486493349075323 2.5000000000000004 7.2631113529205331 0.84331884980201732 5.3883748054504403 0.99376392364501964 4.9462726116180429 45.500000000000007 2.7206075191497807 6.8106861114501962 0.72339150309562694 0.0913653038442135 3.0378198623657231 4.6959142684936532 0.61393472552299511 2.1205899715423588 6.4002518653869638
decision_type=2 2 2 2 2 2 2 2 2 2 2 2 2 2 2 2 2 2 2 2 2 2
left_child=1 -1 9 5 8 -3 19 16 11 -2 -9 -4 13 14 -13 18 -8 -18 -16 20 21 -5
right_child=2 3 4 6 -6 -7 7 10 -10 -11 -12 12 -14 -15 15 -17 17 -19 -20 -21 -22 -23
leaf_value=-0.040682126910304602 0.0036951896260048623 -0.035758904499371108 0.00053265123974736712 0.023746440055497975 0.029375784638039231 -0.014033605103219104 -0.02210747506253901 -0.023286343381154279 0.017535442801863432 -0.028631955457715894 0.0012853616636557567 0.028159291198338963 0.024483621174802128 -0.0088238118823330391 -0.0072437027673738575 0.025875456164042424 0.016280785802373198 -0.005545732618705012 0.018062570214746672 0.012670977657310163 -0.014355590896424559 -0.0014344538853957669
leaf_weight=917.99195554049038 57.068076633702731 538.55775614085542 409.82003259778139 82.069027481149533 1054.4809869576711 280.1846913335321 52.629351150768343 293.26184646545153 1690.1916437383625 232.16121410331107 91.674877631507115 108.33219916117378 202.76116261503194 98.272591647459194 182.8779888820136 80.400546654709615 130.17718168196734 163.61685874653631 69.694990003947169 316.52484772261232 139.75989817593654 216.91108996326511
leaf_count=598064 5485 240586 11926 1228 3367 48274 9039 68127 16019 116861 3955 501 3495 4161 6343 919 2547 16997 1408 8853 24125 21911
internal_value=-5.90788e-10 -0.0199758 0.0153927 -0.0115905 0.0182436 -0.0285833 -0.00210345 -0.00943723 0.0140252 -0.0223431 -0.0175501 0.00876907 0.0132486 0.00865805 0.0126603 0.00694369 -0.00018297 0.00434295 0.000161271 0.00502874 -0.00064419 0.00602245
internal_weight=7409.42 3223.36 4186.06 2305.37 3896.83 818.742 1486.62 731.36 2842.35 289.229 384.937 1152.16 742.339 539.578 441.306 332.974 346.423 293.794 252.573 755.265 438.74 298.98
internal_count=1214191 1043706 170485 445642 48139 288860 156782 100665 44772 122346 72082 28753 16827 13332 9171 8670 28583 19544 7751 56117 47264 23139
is_linear=0
shrinkage=0.04


Tree=41
num_leaves=23
num_cat=0
split_feature=26 10 10 13 26 18 8 7 26 31 12 8 13 31 1 3 8 23 9 15 3 8
split_gain=1370.78 467.775 182.593 142.183 138.63 72.0416 54.0069 52.5789 38.3436 38.3023 53.6451 38.4346 33.0076 30.7327 30.5127 30.3355 26.3211 25.6376 24.6346 23.7258 23.1803 21.5667
threshold=0.5958346724510194 0.022602157667279247 0.0046083058696240195 0.0025863330811262135 0.97964814305305492 4.2030684947967538 0.84331884980201732 0.7679525911808015 0.30634529888629919 7.0466380119323739 0.71133798360824596 0.76726898550987255 0.15308607369661334 3.7012257575988774 0.12624759227037433 0.17430504411458972 0.5567397177219392 1.5000000000000002 0.71485650539398204 3.4811217784881596 0.25675377249717718 0.65106043219566356
decision_type=2 2 2 2 2 2 2 2 2 2 2 2 2 2 2 2 2 2 2 2 2 2
left_child=2 5 -1 15 6 -2 7 12 -5 10 16 14 -3 -7 17 21 20 -11 19 -14 -10 -4
right_child=1 4 3 8 -6 13 -8 -9 9 11 -12 -13 18 -15 -16 -17 -18 -19 -20 -21 -22 -23
leaf_value=-0.041050313275747527 0.014073663475027124 -0.016655485554069881 -0.039774209020140755 -0.033414213137854205 0.028962590575979098 -0.0087075341906220731 0.016653067870619452 0.023511684935111198 -0.035053997606780685 0.0056388473949862787 0.010517926841646118 0.0081859975821098867 -0.0042872896247474332 -0.035351827740240267 -0.0036835732527651052 0.0053952904699390482 0.00083113544580330117 -0.030987685136339808 0.018697466990430952 0.0081650272565423811 0.010082291089154967 -0.0062441707412377893
leaf_weight=757.60320934846641 62.820424901787192 112.60895487712696 426.02069014157678 86.359979710039624 1033.9878480966436 95.952636103731493 1908.2471676327987 232.14508767877123 91.621910477639176 31.436516883259173 329.4263491636375 91.767033691692632 432.97364804639074 344.19385816053546 136.45243884483352 25.777574449050007 91.880580898548942 252.39685296757671 172.31937311020738 539.49645971252176 17.507750521559501 37.437155054765753
leaf_count=502706 3574 11728 228976 24735 3360 33957 19674 2814 24538 2366 14754 4236 20464 194386 24255 3057 4944 59616 3706 18956 1869 5520
internal_value=-3.14405e-10 0.0120147 -0.0249025 -0.0171363 0.0161712 -0.0242104 0.012205 0.00643365 -0.00917925 -0.00687322 0.000684308 -0.0145652 0.00312001 -0.0298658 -0.0196076 -0.0349445 -0.0151663 -0.0268772 0.00519264 0.00263367 -0.0275743 -0.0372548
internal_weight=7310.43 4934.75 2375.69 1618.08 4431.78 502.967 3397.79 1489.54 1128.85 1042.49 530.437 512.053 1257.4 440.146 420.286 489.235 201.01 283.833 1144.79 972.47 109.13 463.458
internal_count=1214191 312619 901572 398866 80702 231917 77342 57668 161313 136578 46105 90473 54854 228343 86237 237553 31351 61982 43126 39420 26407 234496
is_linear=0
shrinkage=0.04


Tree=42
num_leaves=23
num_cat=0
split_feature=26 10 26 10 26 13 8 7 9 23 26 15 31 18 26 7 16 15 9 3 8 16
split_gain=1309.13 400.538 258.265 177.556 75.9555 72.3282 38.8725 38.7701 42.1026 30.3995 27.2787 26.6753 26.5082 38.1354 26.2895 25.6786 23.7235 19.8751 24.5458 19.229 20.6961 19.1071
threshold=0.73549595475196849 0.0028739577392116193 0.50981926918029796 0.23882629722356799 0.97964814305305492 0.005590044893324376 0.63159459829330455 0.53832983970642101 0.67959746718406688 2.5000000000000004 0.90415155887603771 3.5694335699081425 7.2631113529205331 3.0378198623657231 0.30855594575405126 0.24075572192668918 4.8852663040161142 3.1984648704528813 0.25151592493057257 0.13314308226108554 0.73941960930824291 4.9732379913330087
decision_type=2 2 2 2 2 2 2 2 2 2 2 2 2 2 2 2 2 2 2 2 2 2
left_child=1 -1 5 10 11 19 7 8 12 14 -2 -5 13 -4 -7 17 -16 18 -8 20 -3 -13
right_child=3 2 6 4 -6 9 15 -9 -10 -11 -12 21 -14 -15 16 -17 -18 -19 -20 -21 -22 -23
leaf_value=-0.03940831507589506 -0.021281077731838911 -0.040304238417289681 0.007706976167464478 0.010146132950842402 0.028664942386894855 -0.029224634928213217 0.011124930659338901 0.015368973708720131 0.014927687139892856 -0.024948246593368299 0.0061808491002848312 0.01430576045525459 -0.020396901325707296 -0.023103693822582115 -0.020843577821916755 -0.0016912291132849028 0.0030641546451766113 0.01932715515907165 -0.022617372887437492 -0.0054960405765146058 -0.0014245768417577049 0.024246890102866667
leaf_weight=939.5258476829913 196.97388720727031 392.19213266223232 176.40571050235303 972.23877161002019 1008.3660571201472 64.068035404445254 111.39094198183739 123.38317662775808 97.613083964693942 274.3905513263162 75.081323433638318 743.37128411364392 300.87863369735715 88.321850204680231 77.927794690913288 261.9860944050015 263.62765729537932 318.9887135415629 38.229776290943846 34.892060911675799 23.958318422839511 628.58444635718479
leaf_count=645103 69306 224668 4469 15735 3325 17997 2658 5651 4885 65102 6370 8514 50170 14337 12852 13298 26940 6695 2106 5254 3220 5536
internal_value=2.81707e-11 -0.0171049 -0.00907385 0.0169316 0.019455 -0.0234512 0.00172768 -0.00441821 -0.00827297 -0.0148605 -0.0137517 0.0153883 -0.0124667 -0.00303928 -0.0076004 0.00831501 -0.00282827 0.0138277 0.00162657 -0.0357996 -0.0381518 0.019003
internal_weight=7212.4 3587.78 2648.25 3624.62 3352.56 1131.06 1517.2 786.602 663.219 680.014 272.055 2344.19 565.606 264.728 405.623 730.596 341.555 468.609 149.621 451.043 416.15 1371.96
internal_count=1214191 1105405 460302 108786 33110 356033 104269 79512 73861 122891 75676 29785 68976 18806 57789 24757 39792 11459 4764 233142 227888 14050
is_linear=0
shrinkage=0.04


Tree=43
num_leaves=23
num_cat=0
split_feature=26 10 26 10 13 18 8 7 18 27 26 23 31 17 13 3 3 3 18 2 9 1
split_gain=1256.74 493.006 145.093 128.497 118.798 71.6153 46.6199 50.0923 40.105 35.5959 30.1893 28.2863 25.664 24.49 26.8196 23.9942 36.7281 47.4408 25.2938 26.2548 23.3118 25.1086
threshold=0.56282487511634838 0.022602157667279247 0.88382774591445934 0.0046083058696240195 0.0080465520732104796 4.2030684947967538 0.65106043219566356 0.55045935511589061 2.0128885507583623 0.26474970579147344 0.97964814305305492 2.5000000000000004 3.7012257575988774 6.4823350906372079 0.80101704597473156 0.09343359619379045 1.0000000180025095e-35 0.025899167172610763 1.4114928245544436 0.0021257922053337102 0.48486009240150457 0.35298147797584539
decision_type=2 2 2 2 2 2 2 2 2 2 2 2 2 2 2 2 2 2 2 2 2 2
left_child=3 5 6 -1 -5 -2 7 8 13 11 -4 -6 -7 14 -3 16 -8 -18 -19 -20 21 -10
right_child=1 2 10 4 9 12 15 -9 20 -11 -12 -13 -14 -15 -16 -17 17 18 19 -21 -22 -23
leaf_value=-0.040843695024984403 0.012840501929164826 -0.014014175761440768 0.017793312033965808 -0.035316764567403146 -0.006733348787058069 -0.011249247475687136 0.012760298058130939 0.017532323472879204 -0.029007702997932015 0.012232909300449846 0.02824146560745195 -0.021740996261423496 -0.035126505674529865 -0.0040063530159980447 0.019079134379217454 0.018958823404656374 -0.049639396966377279 0.020277889811540026 0.015405867238318273 -0.026931519091787055 0.0031321612447039551 0.00077213919343124045
leaf_weight=658.50293607348431 64.896199121518293 40.371772331811371 948.38556867159787 473.14197554781276 482.91014605771488 103.78406713235017 668.92011230482603 252.48598120018141 151.98327233523014 90.107400697364938 1000.37257766322 351.75593213169486 374.10323458244238 267.31823031777458 202.59834510553628 663.15647660649847 24.895896575180814 59.920683394535445 29.369902431964874 52.286317171296105 89.378498506732285 62.180503536714241
leaf_count=457196 4404 3783 6427 244861 58448 40541 11409 5904 21260 7304 3360 71714 233026 15381 4616 9855 1738 635 478 1899 5994 3958
internal_value=7.00852e-10 0.0107229 0.0150625 -0.0262901 -0.0191931 -0.0249835 0.0087576 0.00233153 -0.00253999 -0.0106542 0.0232736 -0.0132406 -0.0302779 0.00430384 0.0132438 0.0132844 0.00860892 -0.00784996 0.00228865 -0.0116843 -0.0138156 -0.0207127
internal_weight=7112.83 5056.41 4513.62 2056.42 1397.92 542.784 2564.87 1066.32 813.831 924.773 1948.76 834.666 477.887 510.288 242.97 1498.55 835.393 166.473 141.577 81.6562 303.542 214.164
internal_count=1214191 374668 96697 839523 382327 277971 86910 60896 54992 137466 9787 130162 273567 23780 8399 26014 16159 4750 3012 2377 31212 25218
is_linear=0
shrinkage=0.04


Tree=44
num_leaves=23
num_cat=0
split_feature=26 10 26 10 13 18 26 8 27 7 8 31 18 31 17 3 31 3 26 15 15 2
split_gain=1206.39 470.028 137.754 126.322 114.139 70.1716 48.2634 37.1822 32.9243 31.8366 28.0391 31.3071 44.6319 37.2691 27.2012 29.8192 24.3434 23.3877 20.5649 20.317 19.648 18.3898
threshold=0.56282487511634838 0.022602157667279247 0.82050970196723949 0.0046083058696240195 0.0080465520732104796 4.2030684947967538 0.97964814305305492 0.99376392364501964 0.26474970579147344 0.54565098881721508 0.9234740436077119 8.0437264442443865 3.4643369913101201 6.7928600311279306 6.2176032066345224 0.052800819277763374 3.113268375396729 0.13314308226108554 0.90415155887603771 1.8688347935676577 3.5972183942794804 0.050286956131458289
decision_type=2 2 2 2 2 2 2 2 2 2 2 2 2 2 2 2 2 2 2 2 2 2
left_child=3 5 7 -1 17 -2 20 9 10 14 11 12 13 -6 15 -3 -7 -5 -18 -9 -4 -11
right_child=1 2 6 4 8 16 -8 19 -10 21 -12 -13 -14 -15 -16 -17 18 -19 -20 -21 -22 -23
leaf_value=-0.040711134174873584 0.012621399487833916 -0.0060971414488995316 0.01051795222434326 -0.037691549527425962 0.012439633730768762 -0.010670152895461449 0.027838994092168529 -0.0052925332763330288 0.011395133442659163 0.020591118612540101 0.0059556104239649908 -0.028744526333538717 -0.027743364895332658 -0.012835326192440526 -0.0080136378797125637 0.016934940362575607 -0.037522084375381973 -0.0041673445823461313 -0.0032603724592603594 0.014976059251646417 0.01995554058921457 -0.0033764235587706612
leaf_weight=638.96817882669257 65.15635949614807 158.83324950344104 627.01622760074679 423.16637604718017 149.36439034834621 96.107828595468163 984.67811939434614 83.374141698121093 90.172472504724283 176.22242474000086 102.70784840043052 207.45329651488282 152.04801561235217 215.85271819628542 493.50538955532829 186.00087215041276 338.21886647382053 38.947837597006583 32.664561193872942 748.0972454759758 947.65786524000578 67.155908953747712
leaf_count=457196 4404 12717 7656 239001 6466 38855 3360 2245 7304 4302 4427 62340 33735 23194 39871 6633 229624 5860 5088 10572 6820 2521
internal_value=-1.25767e-11 0.0105293 0.0147661 -0.0260273 -0.0189829 -0.0246955 0.020823 0.00659742 -0.0106189 0.00167531 -0.0131254 -0.0158738 -0.0102647 -0.00244248 -0.00205701 0.00645333 -0.0300575 -0.0350142 -0.0346694 0.0129049 0.0162877 0.0141055
internal_weight=7023.37 5004.69 4472.54 2018.68 1379.71 532.148 2559.35 1913.19 917.599 1081.72 827.426 724.718 517.265 365.217 838.34 344.834 466.991 462.114 370.883 831.471 1574.67 243.378
internal_count=1214191 374668 96697 839523 382327 277971 17836 78861 137466 66044 130162 125735 63395 29660 59221 19350 273567 244861 234712 12817 14476 6823
is_linear=0
shrinkage=0.04


Tree=45
num_leaves=23
num_cat=0
split_feature=26 10 26 10 13 26 18 8 9 8 1 29 8 31 1 22 29 5 3 18 6 15
split_gain=1155.35 446.464 145.445 123.459 109.703 48.2657 37.1895 35.6266 32.8662 32.4312 37.8413 42.0921 29.3781 28.4444 27.6304 23.9537 23.5717 31.9006 22.6847 21.4257 21.1134 20.154
threshold=0.56282487511634838 0.0026906024431809787 0.82050970196723949 0.0046083058696240195 0.0080465520732104796 0.97964814305305492 5.3883748054504403 0.99376392364501964 0.68450859189033519 0.9234740436077119 0.12624759227037433 0.20915628969669345 0.10507215186953546 7.8121080398559579 0.3476844877004624 45.500000000000007 0.16502036899328235 0.027373435907065872 0.17430504411458972 1.6352660655975344 1.1913692355155947 1.8688347935676577
decision_type=2 2 2 2 2 2 2 2 2 2 2 2 2 2 2 2 2 2 2 2 2 2
left_child=3 6 7 -1 18 -4 -2 14 9 10 13 -12 -13 19 15 16 -3 -18 -5 -6 -10 -9
right_child=1 2 5 4 8 -7 -8 21 20 -11 11 12 -14 -15 -16 -17 17 -19 -20 -21 -22 -23
leaf_value=-0.040566748934628943 0.0010116628099073616 0.0041485070231249447 0.015825693196219612 -0.036956890907270064 -0.0033321467954835638 0.027410055484153838 -0.032974388379530636 -0.005784446592910635 0.019587022286919033 0.0073227467204425587 0.016842460960352416 0.0073635431882560524 -0.030328650727917739 -0.0347667870614949 0.0097028701266703848 0.00774414085788007 0.021235856881432459 -0.017566701245052246 0.00086910044134541099 -0.024088339902836809 -0.024417684536975477 0.013842599614629067
leaf_weight=617.96673693556295 58.982597995425749 166.56696322889184 1570.9350522780733 423.50161738750012 156.70077841647435 973.17393802391598 367.37315779102937 88.036657209799159 76.705275536252884 102.78477009004564 95.458996295710676 47.220101622631773 79.703497840004275 178.0593632076052 375.0558142808004 206.44093657939811 29.294142153506982 322.09897645900492 26.461870527651627 159.85966214587097 12.815289838181341 786.98871750634862
leaf_count=457196 10653 11327 15133 241406 12258 3396 258324 3102 2924 4287 8295 5314 21100 53392 15296 13060 745 29530 3455 28220 1676 14102
internal_value=-2.05902e-10 0.0103341 0.0140394 -0.0257669 -0.0187914 0.0203469 -0.0283573 0.00585072 -0.0105963 -0.0131148 -0.016105 -0.00225083 -0.0167922 -0.0221659 0.00103235 -0.00352777 -0.00808195 -0.0138338 -0.0347619 -0.0142305 0.011467 0.0118249
internal_weight=6922.18 4944.95 4518.59 1977.24 1359.27 2544.11 426.356 1974.48 909.308 819.787 717.002 222.383 126.924 494.62 1099.46 724.401 517.96 351.393 449.963 316.56 89.5206 875.025
internal_count=1214191 374668 105691 839523 382327 18529 268977 87162 137466 132866 128579 34709 26414 93870 69958 54662 41602 30275 244861 40478 4600 17204
is_linear=0
shrinkage=0.04


Tree=46
num_leaves=23
num_cat=0
split_feature=26 10 26 10 14 18 31 15 3 18 26 23 31 31 3 3 3 3 16 26 5 27
split_gain=1103.71 427.878 127.947 121.649 87.2763 63.3715 60.1385 43.5106 37.4139 31.7246 28.9195 26.0642 24.3431 23.5817 23.469 23.0831 44.6292 38.4395 20.7884 19.5448 19.4181 19.9996
threshold=0.56282487511634838 0.022602157667279247 0.88382774591445934 0.0046083058696240195 1.1306682825088503 4.2030684947967538 7.0527195930480966 2.8617925643920903 0.12224456295371057 2.6566975116729741 0.97964814305305492 1.5000000000000002 3.113268375396729 5.7251844406127939 0.21768738329410556 0.069419879466295256 1.0000000180025095e-35 0.025899167172610763 4.6481945514678964 0.93302914500236522 0.92990377545356762 0.69110804796218883
decision_type=2 2 2 2 2 2 2 2 2 2 2 2 2 2 2 2 2 2 2 2 2 2
left_child=3 5 7 -1 8 -2 9 14 -5 13 -4 -8 -7 -6 20 16 -9 -18 -17 -14 21 -3
right_child=1 2 10 4 6 12 11 15 -10 -11 -12 -13 19 -15 -16 18 17 -19 -20 -21 -22 -23
leaf_value=-0.04043601690270425 0.011321538527526277 -0.014521653605488554 0.016652633986557686 -0.038122228888774652 0.029699927939858838 -0.0100121556312474 0.0061137447664526166 0.010583382377230156 -0.006229339870652246 -0.012700090873675849 0.027025190921210807 -0.023942283722367914 -0.036803282404467667 0.0017710476625369721 0.014515143507727315 -0.01535957363335394 -0.042154598577527673 0.0014163658699226035 0.01730854763481425 -0.00015237311363748183 0.0031979533382001232 0.019397516174406264
leaf_weight=598.72312672684893 64.835344980405353 252.21275613762555 926.09461759234546 366.00000455074314 55.266633228355204 93.767544907219417 47.627495826149243 788.68899655026325 74.959431861454505 177.8748046982073 954.10340966982767 424.23160249429202 327.28509548845614 192.39627077367913 131.61170575051801 24.98079073781264 39.87014503631508 90.699227864883142 840.09255946395569 25.095359130558791 312.39345299295383 22.429725380323362
leaf_count=457196 4404 20358 6427 183358 1120 38855 4409 24555 10819 31375 3360 135418 231783 15828 3611 1355 5237 3834 18672 2929 8919 369
internal_value=7.23856e-11 0.0101161 0.0141631 -0.0254796 -0.0185385 -0.0242047 -0.0111675 0.00818852 -0.0329591 -0.000204711 0.0220313 -0.0208446 -0.0295024 0.00891424 -0.000126527 0.0115195 0.00698751 -0.0139407 0.0162004 -0.0342694 -0.00359728 -0.0111674
internal_weight=6831.24 4894.16 4383.18 1937.08 1338.36 510.983 897.397 2502.98 440.959 425.538 1880.2 471.859 446.148 247.663 718.648 1784.33 919.258 130.569 865.073 352.38 587.036 274.642
internal_count=1214191 374668 96697 839523 382327 277971 188150 86910 194177 48323 9787 139827 273567 16948 33257 53653 33626 9071 20027 234712 29646 20727
is_linear=0
shrinkage=0.04


Tree=47
num_leaves=23
num_cat=0
split_feature=26 10 26 10 13 26 18 15 9 8 1 8 7 18 3 23 3 17 31 4 26 15
split_gain=1059.4 406.159 134.504 118.78 103.379 55.8444 32.357 32.1711 31.1042 30.3679 39.9185 25.2341 40.2907 29.8255 24.1718 23.5308 21.4473 20.354 20.0093 18.3138 17.6524 17.2833
threshold=0.56282487511634838 0.0024403325514867906 0.78283172845840465 0.0046083058696240195 0.0080465520732104796 0.97964814305305492 5.3883748054504403 1.4978661537170412 0.50192853808403026 0.49746057391166693 0.22614195942878726 0.65106043219566356 0.53655022382736217 1.9634925723075869 0.15160694718360904 2.5000000000000004 0.17430504411458972 6.2176032066345224 8.0437264442443865 0.23678327351808551 0.79685989022254955 3.113268375396729
decision_type=2 2 2 2 2 2 2 2 2 2 2 2 2 2 2 2 2 2 2 2 2 2
left_child=3 6 7 -1 16 21 -2 -3 9 10 15 12 13 14 -9 17 -5 18 -6 -13 -8 -4
right_child=1 2 5 4 8 -7 20 11 -10 -11 -12 19 -14 -15 -16 -17 -18 -19 -20 -21 -22 -23
leaf_value=-0.040297433264332931 0.00026206926713451327 -0.012281272249202547 0.0084046516820226354 -0.036542276097860628 0.0050120590892346129 0.026611057427515485 -0.037717805069825812 -0.0057813880475836013 0.0078663171889096425 0.0015950487978627199 0.0049482614006446241 0.016499407012338693 0.017948962935499191 -0.016767915986775097 0.016774758950021926 -0.032651324263400137 0.00040638228228318939 -0.023098264533768842 -0.032030107967307944 0.0039938184255746099 -0.014589819048074118 0.017006054890029508
leaf_weight=579.81209663529444 55.808208966758684 163.31313200824661 560.42750802461524 402.79952716479147 113.166877043157 943.06518209155183 259.97721614213515 194.24554636026733 122.00489973321964 168.27591784126707 101.53289748825046 413.34066988638369 147.00030752496968 200.95227961575438 111.43231864980771 199.53936177623109 26.532904474472161 166.64066627575085 18.833633650443517 350.98312055077986 88.067344444974879 1354.0013168638689
leaf_count=457196 10444 12769 8948 241406 9092 3401 225584 13753 8598 14914 14791 7404 5037 25758 3212 52635 3455 31157 6279 12972 32286 13100
internal_value=4.31116e-10 0.00993096 0.0134392 -0.0252423 -0.0183726 0.018606 -0.0280208 0.00404395 -0.0103927 -0.0133573 -0.0175101 0.00599705 0.000206346 -0.00518951 0.00271218 -0.0220946 -0.0343016 -0.0142117 -0.0021565 0.0108825 -0.0324366 0.0145448
internal_weight=6741.75 4842.61 4438.76 1899.14 1319.33 2857.49 403.853 1581.27 889.994 767.989 599.713 1417.95 653.63 506.63 305.678 498.181 429.332 298.641 132.001 764.324 348.045 1914.43
internal_count=1214191 374668 106354 839523 382327 25449 268314 80905 137466 128868 113954 68136 47760 42723 16965 99163 244861 46528 15371 20376 257870 22048
is_linear=0
shrinkage=0.04


Tree=48
num_leaves=23
num_cat=0
split_feature=26 10 26 10 13 18 8 4 27 13 2 28 27 31 31 15 8 16 3 3 26 5
split_gain=1014.19 389.609 117.815 116.51 98.8175 58.8559 54.9369 43.5644 29.9549 29.2166 24.6247 24.9066 45.4359 22.9464 22.2153 23.7135 21.536 19.3548 19.1833 18.5542 17.7156 16.4187
threshold=0.56282487511634838 0.022602157667279247 0.97964814305305492 0.0046083058696240195 0.0080465520732104796 4.2030684947967538 0.84331884980201732 0.80164495110511791 0.26474970579147344 0.15012575685977939 0.085928969085216536 0.101200208067894 0.027542266063392166 3.113268375396729 8.9077382087707537 2.6020033359527592 0.73941960930824291 4.9778313636779794 0.078328475356102004 0.13314308226108554 0.90415155887603771 1.2948824763298037
decision_type=2 2 2 2 2 2 2 2 2 2 2 2 2 2 2 2 2 2 2 2 2 2
left_child=3 5 6 -1 16 -2 7 9 10 -3 11 18 -13 -7 -11 -16 19 -17 -6 -5 -15 -8
right_child=1 2 -4 4 8 13 21 -9 -10 14 -12 12 -14 20 15 17 -18 -19 -20 -21 -22 -23
leaf_value=-0.040167831673822672 0.010658608772318608 -0.015559706265438239 0.026205084169582157 -0.039214063017779473 -0.027125436043058615 -0.009861136270889798 0.020126214239813991 0.020613359452962419 0.010862643189624883 0.0069944248249196265 0.010112207884127212 0.01256282270983226 -0.01973612890139767 -0.036695429696894821 -0.026112323396591031 -0.010413220010054363 -0.0013152332110049226 0.010527980838084434 -0.010140165364080538 -0.0066098491465512747 -0.0041191038486800002 0.011860493275138948
leaf_weight=561.21313290389662 64.196793502567743 131.90072387574764 924.89476947457297 351.85552215598454 271.76162566371204 91.677776247714064 616.03188046280411 216.86722044815542 87.933399180386914 856.33927937975386 62.057359939964954 121.99995803614729 138.53572288878786 302.9392443587567 58.788043540029321 128.6593750147149 30.765399637282826 133.90997312130639 200.10979993660294 35.156427975569386 32.165650502793142 1230.0612739175849
leaf_count=457196 4404 16426 3360 235235 57517 38855 6716 2987 7304 23951 4424 11779 29036 229624 8812 11502 3945 8595 27406 5681 5088 14348
internal_value=-1.75439e-11 0.00974079 0.0136065 -0.0249764 -0.0181626 -0.0236915 0.0100842 0.00442775 -0.01037 0.00161154 -0.012826 -0.0148795 -0.00470632 -0.0289842 0.00364952 -0.00520593 -0.0339941 0.000261184 -0.0202823 -0.0364934 -0.0337785 0.0147123
internal_weight=6649.82 4788.43 4297.45 1861.39 1300.18 490.979 3372.56 1526.46 882.398 1309.6 794.464 732.407 260.536 426.783 1177.7 321.357 417.777 262.569 471.871 387.012 335.105 1846.09
internal_count=1214191 374668 96697 839523 382327 277971 93337 72273 137466 69286 130162 125738 40815 273567 52860 28909 244861 20097 84923 240916 234712 21064
is_linear=0
shrinkage=0.04


Tree=49
num_leaves=23
num_cat=0
split_feature=26 12 26 12 13 26 18 9 8 1 29 8 15 8 7 18 3 31 28 8 0 31
split_gain=968.534 361.319 129.454 112.822 94.7825 51.9006 31.9534 28.0449 28.0856 34.3063 32.6393 27.8745 27.867 22.3921 36.0295 28.0592 22.2015 21.5949 20.7283 20.6122 19.5019 19.4221
threshold=0.56282487511634838 0.0031321046408265833 0.78283172845840465 0.0043681990355253228 0.0080465520732104796 0.97964814305305492 5.3883748054504403 0.50192853808403026 0.9234740436077119 0.12624759227037433 0.20915628969669345 0.10507215186953546 1.4978661537170412 0.65106043219566356 0.53655022382736217 1.9634925723075869 0.15160694718360904 7.8121080398559579 0.68425729870796215 0.73941960930824291 0.032758831977844245 0.89587974548339855
decision_type=2 2 2 2 2 2 2 2 2 2 2 2 2 2 2 2 2 2 2 2 2 2
left_child=3 6 12 -1 19 -4 -2 8 9 17 -11 -12 -3 14 15 16 -14 -6 20 -5 -17 -8
right_child=1 2 5 4 7 -7 21 -9 -10 10 11 -13 13 -15 -16 18 -18 -19 -20 -21 -22 -23
leaf_value=-0.040019665747372937 0.00082690680673660328 -0.011840075607799299 0.014044515200291921 -0.036288689202467722 -0.014832687548930207 0.025831262355380091 -0.0087602352533604766 0.0069677791304144521 0.0068100547357577233 0.014857495118708635 0.008167159203505709 -0.029535409370722181 -0.0057589491134202491 0.010024946083012602 0.016745199080455075 -0.0057263385946401228 0.015940639742630335 -0.033775515634113712 0.016835455027286266 -0.0017097519359868089 -0.032524057128262313 -0.035874362103797762
leaf_weight=539.00855595990106 56.488461359840585 158.74906030351849 1882.5173271937529 376.02778213435431 293.30564087857783 914.07981958193704 58.746010594550171 121.65930163656594 92.332193777430803 89.402089977149444 44.678383339487482 73.152997510187561 191.96756094177545 752.7164529755828 145.63812967843842 83.394108828957542 110.72987250081496 161.79169210324471 19.014018714544363 30.798169041445362 94.116072191594867 274.7924257621271
leaf_count=454950 10480 12726 21929 241238 39750 3399 33561 8911 4330 8083 5122 20989 13742 20211 5014 10236 3212 52138 1085 4012 14408 224665
internal_value=7.26062e-11 0.00952436 0.0128429 -0.0247079 -0.0180162 0.0179754 -0.0269082 -0.0104019 -0.0132566 -0.0161137 -0.00245139 -0.0157191 0.00356449 0.00538596 -9.93147e-05 -0.00524571 0.00243491 -0.0221485 -0.0166209 -0.0337748 -0.0209113 -0.0314928
internal_weight=6565.11 4742.95 4352.92 1822.16 1283.15 2796.6 390.027 876.322 754.663 662.331 207.233 117.831 1556.33 1397.58 644.86 499.222 302.697 455.097 196.524 406.826 177.51 333.538
internal_count=1214191 374668 105962 839523 384573 25328 268706 139323 130412 126082 34194 26111 80634 67908 47697 42683 16954 91888 25729 245250 24644 258226
is_linear=0
shrinkage=0.04


Tree=50
num_leaves=23
num_cat=0
split_feature=26 10 10 26 13 8 18 7 8 9 28 8 31 3 31 1 12 31 4 26 22 22
split_gain=929.418 334.895 127.823 108.707 98.5985 51.1582 50.6252 41.7137 26.7747 32.9832 28.2656 27.9602 25.0488 23.6097 22.9957 21.8502 19.225 22.6546 18.0635 19.7197 17.6221 17.6093
threshold=0.57520487904548656 0.022602157667279247 0.0046083058696240195 0.93302914500236522 0.01953974645584822 0.85778120160102855 4.2030684947967538 0.9663875699043275 0.9234740436077119 0.68450859189033519 0.098369751125574126 0.10507215186953546 8.9077382087707537 0.17430504411458972 3.7012257575988774 0.4300303608179093 0.61206930875778209 6.9275536537170419 0.28908985853195196 0.68439850211143505 15.500000000000002 44.500000000000007
decision_type=2 2 2 2 2 2 2 2 2 2 2 2 2 2 2 2 2 2 2 2 2 2
left_child=2 6 -1 5 13 7 -2 12 9 10 20 -12 16 -4 -8 18 -3 -18 19 -14 -6 -19
right_child=1 3 4 -5 8 -7 14 -9 -10 -11 11 -13 15 -15 -16 -17 17 21 -20 -21 -22 -23
leaf_value=-0.039993529264165779 0.0095622543708745438 -0.010790771745978731 -0.034476742201288983 0.022803373935886377 0.0028975507217739328 0.013810555632500733 -0.0095690223398475754 0.020943632201560019 0.0079116663542563685 0.011379465571467821 0.010402723486236293 -0.014505044778122369 -0.021856392347534528 0.0012818186993112887 -0.033514695496635855 0.0077280717885564254 0.014711636503951084 -0.0047254515864932397 -0.026195194219234441 0.00817182810841704 -0.024060539014514108 0.012017881681832116
leaf_weight=542.19081819875282 61.712303902677377 113.34168588322063 412.86539019173597 1292.4389973054058 41.104900306730997 1522.3596948703052 94.229938313321327 171.53894740057876 122.99567844963167 80.974535522982478 111.42923423764296 169.55771320464555 48.719492955919122 31.006091196963098 293.45998719484487 85.186681730352575 294.14620940903842 310.04803123409511 110.55019568833814 77.693344809871633 358.64073938201182 136.53223737550434
leaf_count=474503 4089 9700 253755 5697 4518 18789 38005 2464 4877 4101 10695 33424 11642 3910 218360 4272 5194 10947 13739 4520 73497 3493
internal_value=3.53548e-10 0.00964656 -0.0237063 0.0131977 -0.0168104 0.00880797 -0.0228166 0.0030972 -0.00891408 -0.0116983 -0.0145685 -0.00460948 0.000339874 -0.0320057 -0.0280815 -0.00899898 0.00392582 0.0062914 -0.0150817 -0.0041549 -0.0212854 0.000544561
internal_weight=6482.72 4611.96 1870.77 4162.56 1328.57 2870.12 449.402 1347.76 884.703 761.707 680.733 280.987 1176.22 443.871 387.69 322.15 854.068 740.726 236.963 126.413 399.746 446.58
internal_count=1214191 350911 863280 90457 388777 84760 260454 65971 131112 126235 122134 44119 63507 257665 256365 34173 29334 19634 29901 16162 78015 14440
is_linear=0
shrinkage=0.04


Tree=51
num_leaves=23
num_cat=0
split_feature=26 10 26 10 26 8 27 31 18 13 30 8 27 7 15 31 12 22 15 1 27 31
split_gain=892.336 300.657 189.607 123.854 54.605 39.3038 47.1066 39.8322 42.8291 37.9932 26.4443 25.6637 22.9165 21.1756 20.639 21.8946 22.321 20.8514 19.4251 18.7232 18.6998 16.5247
threshold=0.73549595475196849 0.0028739577392116193 0.435479685664177 0.23882629722356799 0.97964814305305492 0.61737444996833812 0.25965505838394171 7.2631113529205331 4.8213264942169198 0.31486493349075323 2.9771189689636235 0.23377398401498797 0.62014630436897289 0.24075572192668918 4.0689902305603036 8.9077382087707537 0.6602836847305299 37.500000000000007 2.6020033359527592 0.096697650849819197 0.52783578634262096 5.7899181842803964
decision_type=2 2 2 2 2 2 2 2 2 2 2 2 2 2 2 2 2 2 2 2 2 2
left_child=1 -1 9 10 14 6 7 8 21 -3 12 -8 -2 19 15 16 -5 -17 -9 -7 -19 -4
right_child=3 2 5 4 -6 13 11 18 -10 -11 -12 -13 -14 -15 -16 17 -18 20 -20 -21 -22 -23
leaf_value=-0.037977091417941755 -0.014398220310016434 -0.033646244691942592 0.023096981611075335 -0.0055773591458070258 0.025121411935980761 0.0051143884854258923 0.02193558575128713 -0.034806697175497885 -0.022399456624582949 -0.013315052719807347 -0.029141102838291695 -0.0033124508405353247 0.015213534993565821 -0.0037850320765777114 0.017462929113157742 0.0088777229031943121 0.014752611390011479 -0.020990443385760539 -0.014009157269123051 0.022307946649314046 0.010276967533569586 0.00062809557631049299
leaf_weight=713.07235458073774 91.041834249128442 420.07295274494209 62.714332411327632 91.617762790701818 876.17744865297573 354.99088716469123 108.20012443849555 106.69203365625435 105.04308476453298 253.90177039996343 86.943031037168112 136.63976076138351 61.498589581919077 254.98184830645914 987.5754667588335 175.19143613934284 793.91746125649661 89.237017798877787 261.33938663032313 137.05737739928009 37.047593089169823 189.29578627804585
leaf_count=645103 29841 240586 1659 3176 3325 13053 5150 30465 21972 48274 38198 14189 7637 15491 10427 4866 7158 3562 55788 3957 596 9718
internal_value=-9.00983e-11 -0.0153591 -0.00848339 0.0144923 0.0166691 -0.00138035 -0.00666183 -0.0117471 -0.0021039 -0.0262937 -0.0127948 0.00826814 -0.00225837 0.0054744 0.0131642 0.00947166 0.0126105 0.000143047 -0.0207996 0.0102525 -0.0117366 0.00688774
internal_weight=6394.25 3104 2390.93 3290.25 3050.76 1716.95 969.925 725.085 357.053 673.975 239.483 244.84 152.54 747.03 2174.59 1187.01 885.535 301.476 368.031 492.048 126.285 252.01
internal_count=1214191 1105405 460302 108786 33110 171442 138941 119602 33349 288860 75676 19339 37478 32501 29785 19358 10334 9024 86253 17010 4158 11377
is_linear=0
shrinkage=0.04


Tree=52
num_leaves=23
num_cat=0
split_feature=26 10 26 10 13 18 26 27 31 3 3 3 26 0 28 29 3 30 16 22 6 31
split_gain=858.217 318.691 107.596 107.26 87.2698 50.6772 36.2064 29.8606 23.9113 21.973 44.7926 46.992 21.7139 26.3103 32.5478 20.5556 20.4845 19.7587 18.6933 19.0217 17.9018 17.7382
threshold=0.56282487511634838 0.022602157667279247 0.82050970196723949 0.0072296061553061017 0.0080465520732104796 4.2030684947967538 0.97964814305305492 0.26474970579147344 8.9077382087707537 0.067452196031808867 1.0000000180025095e-35 0.023523150011897091 0.30855594575405126 0.010904090944677593 0.11591628193855287 0.93374615907669078 0.13314308226108554 2.3539781570434575 4.882413625717164 34.500000000000007 1.2932289242744448 7.9633073806762704
decision_type=2 2 2 2 2 2 2 2 2 2 2 2 2 2 2 2 2 2 2 2 2 2
left_child=3 5 9 -1 16 -2 18 8 12 10 -3 -12 -6 14 17 -7 -5 -14 -4 20 -20 -21
right_child=1 2 6 4 7 15 -8 -9 -10 -11 11 -13 13 -15 -16 -17 -18 -19 19 21 -22 -23
leaf_value=-0.039245423303320801 0.0095445873997061937 0.0046504385282802275 0.0057443909294488654 -0.036004571243749658 -0.030066239725785732 -0.031511273824702493 0.024681139224736394 0.011937596703215082 -0.026188917872743512 0.0096669577586080153 -0.046972067576109819 -0.0014413546377646405 -0.015695868487375104 -0.018334992881309662 0.019808633553322894 -0.0045021191766292023 -0.0036149356303638415 0.0050755219946332806 0.011570201248333155 0.026417733577015563 -0.018721487600974026 0.013231212431968014
leaf_weight=514.78982791361977 62.869400436982687 787.6405658654985 342.4853421447915 339.39056459740732 56.853421930965851 332.98384084300051 870.22894029243616 82.936139188066591 149.93759574532305 866.44137284244061 48.939978223424987 96.010659199149814 153.4853445149638 167.71360071543313 91.853055429935921 56.127809786823491 36.916059060044063 125.91422542827786 373.96396640955936 386.9130332946952 25.060510038281791 343.63302722206572
leaf_count=460412 4404 36140 4158 238455 15364 262022 3360 6597 52207 29022 8122 5577 22558 25471 4685 11545 5840 7934 3856 2216 611 3635
internal_value=2.39815e-10 0.00902637 0.0125168 -0.0240209 -0.0172473 -0.0225335 0.0181528 -0.00978451 -0.0123262 0.00511907 0.000836043 -0.0188533 -0.00846299 -0.00567798 0.00037078 -0.0278257 -0.0330029 -0.00648311 0.014153 0.0166297 0.00925655 0.0204775
internal_weight=6313.09 4593.3 4141.32 1719.79 1205 451.981 2342.28 828.693 745.757 1799.03 932.591 144.951 595.82 538.966 371.253 389.112 376.307 279.4 1472.06 1129.57 399.024 730.546
internal_count=1214191 374668 96697 839523 379111 277971 17836 134816 128219 78861 49839 13699 76012 60648 35177 273567 244295 30492 14476 10318 4467 5851
is_linear=0
shrinkage=0.04


Tree=53
num_leaves=23
num_cat=0
split_feature=26 10 10 26 26 13 23 30 8 31 31 7 7 16 1 15 31 16 27 22 28 18
split_gain=820.213 238.588 155.38 150.51 65.498 37.3987 34.8048 33.0122 27.9247 23.918 22.7859 22.4882 21.5969 21.3509 20.6351 18.7363 18.631 17.6815 19.9432 16.8514 19.247 16.418
threshold=0.68439850211143505 0.0028739577392116193 0.23882629722356799 0.4214725941419602 0.97964814305305492 0.31486493349075323 2.5000000000000004 2.9771189689636235 0.84331884980201732 7.2631113529205331 3.8499212265014653 0.83054965734481823 0.61348608136177074 4.9462726116180429 0.28495527803897863 4.1510088443756112 7.0378963947296151 4.739781618118287 0.27543367445468908 26.500000000000004 0.35748980939388281 7.0536787509918222
decision_type=2 2 2 2 2 2 2 2 2 2 2 2 2 2 2 2 2 2 2 2 2 2
left_child=1 -1 7 5 8 -3 17 10 11 -8 -2 13 -12 16 -11 -15 -4 -5 -19 -6 -21 -14
right_child=2 3 4 6 19 -7 9 -9 -10 14 12 -13 21 15 -16 -17 -18 18 -20 20 -22 -23
leaf_value=-0.038889539761039198 0.013280356471419754 -0.034316869399150678 0.0066607110330700039 -0.012100501897531859 0.011918444740385635 -0.013163691223027024 -0.0013762857168902081 -0.030424635061122078 0.014914372021466289 -0.02114561666687962 -0.033723118208918254 0.019446026589592404 0.0083173734313318776 0.0020533238544705036 0.0032688147706591048 0.016953825134304972 -0.01273585000011441 0.0018414524839396494 0.018869408736359922 0.010843587731671505 0.030151251855635715 -0.026624564548180671
leaf_weight=610.41319996412494 69.854649977416557 380.36104395522125 126.85058161156485 92.252150656371668 168.20119098329451 231.88584785457351 319.45829414604668 115.1186366468537 1461.188206623352 277.89136116466398 42.930249147393624 161.98065155709628 69.2670344573271 333.64547687792219 65.55093608093739 220.55487532526604 181.57501852983842 467.41600372505491 135.02102488197852 113.94163354695775 568.48719553323463 19.554037863403209
leaf_count=598064 10922 230629 2635 12681 845 43841 31326 59839 14369 67857 26408 2063 14124 10779 11133 4523 8059 41212 6963 1059 1421 13439
internal_value=3.49545e-10 -0.0172275 0.0121817 -0.0103523 0.0147268 -0.0266455 -0.00286329 -0.0142589 0.011368 -0.0093537 -0.00402656 0.0062153 -0.0134922 0.00353651 -0.0165251 0.00817866 -0.0047997 0.00337496 0.00590363 0.0242961 0.0271307 -0.00129092
internal_weight=6233.4 2580.25 3653.15 1969.84 3336.42 612.247 1357.59 316.725 2485.79 662.901 201.606 1024.61 131.751 862.626 343.442 554.2 308.426 694.689 602.437 850.63 682.429 88.8211
internal_count=1214191 1043706 170485 445642 45753 274470 171172 124732 42428 110316 64893 28059 53971 25996 78990 15302 10694 60856 48175 3325 2480 27563
is_linear=0
shrinkage=0.04


Tree=54
num_leaves=23
num_cat=0
split_feature=26 10 26 10 13 8 7 17 18 27 26 8 3 2 31 8 26 4 18 31 1 3
split_gain=792.108 290.17 115.275 102.556 81.2049 36.943 27.4722 28.1878 27.0778 26.8852 26.6595 23.358 22.8531 22.1223 21.73 20.9759 20.4863 21.3457 20.3116 31.8462 20.2678 18.1683
threshold=0.56282487511634838 0.002432426437735558 0.88382774591445934 0.0072296061553061017 0.0080465520732104796 0.99376392364501964 0.55400663614273082 6.2176032066345224 5.3883748054504403 0.26474970579147344 0.97964814305305492 0.49746057391166693 0.052800819277763374 0.045599956065416343 8.9077382087707537 0.73941960930824291 0.68805432319641124 1.0000000180025095e-35 3.4643369913101201 6.7928600311279306 0.12624759227037433 0.13314308226108554
decision_type=2 2 2 2 2 2 2 2 2 2 2 2 2 2 2 2 2 2 2 2 2 2
left_child=3 8 5 -1 15 6 7 12 -2 11 -4 14 -3 -8 18 21 -9 -18 19 -6 -21 -5
right_child=1 2 10 4 9 -7 13 16 -10 -11 -12 -13 -14 -15 -16 -17 17 -19 -20 20 -22 -23
leaf_value=-0.038992152959151476 0.00044625642493644174 -0.0042068818483466429 0.014394135165872247 -0.03836906891404742 0.0093944479332128388 0.011136586805675992 0.018732011450837971 -0.017003143804218496 -0.030802336193524758 0.01098141685860801 0.024772138067738893 0.0013691167319714523 0.014689129354848783 -0.0025558700486581136 -0.031435289103879542 0.00022954019284449114 0.018549135432605637 -0.0062781534956468342 -0.025430605072205507 -0.021887969856941428 0.004842265086398405 -0.0054149982848459496
leaf_weight=483.71602259234169 51.722520427079871 185.19230996070837 869.89959118417755 297.22193454476837 123.65380217121856 1172.200690949554 207.51985041641456 222.50563412705378 290.47413144060192 82.250122954283142 836.72180300625041 158.48560535875731 209.74644164478377 118.47593857327593 108.76900963526714 28.682998701122415 58.848442511458416 274.73982104974857 116.6946580714939 166.83296336815692 56.790804613876389 33.260343642410589
leaf_count=460412 10444 13938 6707 234758 6008 22632 5406 30509 255208 6597 3410 15204 7640 4596 45092 3873 1463 12715 29667 27802 4446 5664
internal_value=-2.66253e-11 0.00871053 0.0116411 -0.0235649 -0.0169252 0.00604041 0.00131237 -0.00214057 -0.0262006 -0.00971884 0.0195969 -0.012164 0.00594345 0.0111496 -0.015868 -0.0325415 -0.00788542 -0.00148597 -0.0116324 -0.00641376 -0.0151829 -0.035309
internal_weight=6154.41 4498.05 4155.85 1656.36 1172.64 2449.23 1277.03 951.033 342.197 813.477 1706.62 731.227 394.939 325.996 572.741 359.165 556.094 333.588 463.972 347.278 223.624 330.482
internal_count=1214191 374668 109016 839523 379111 98899 76267 66265 265652 134816 10117 128219 21578 10002 113015 244295 44687 14178 67923 38256 32248 240422
is_linear=0
shrinkage=0.04


Tree=55
num_leaves=23
num_cat=0
split_feature=26 10 10 26 13 26 18 31 15 30 1 3 12 26 31 18 15 15 17 23 31 6
split_gain=756.658 264.711 113.598 104.648 81.1813 41.4958 34.7993 23.7867 23.8831 22.0511 21.8719 21.6718 21.1873 20.8685 18.2932 18.2112 19.6875 16.3205 15.6344 15.5872 14.8386 14.7548
threshold=0.57520487904548656 0.0079072723165154474 0.0046083058696240195 0.97964814305305492 0.01953974645584822 0.73549595475196849 5.3883748054504403 7.2631113529205331 2.8617925643920903 0.76666668057441723 0.35029962658882147 0.17430504411458972 0.6772570312023164 0.30855594575405126 0.89587974548339855 2.0692632198333745 1.7005987167358401 5.1029059886932382 8.1144709587097186 2.5000000000000004 6.9827661514282235 0.42602665722370153
decision_type=2 2 2 2 2 2 2 2 2 2 2 2 2 2 2 2 2 2 2 2 2 2
left_child=2 6 -1 5 11 7 -2 12 10 -6 -9 -4 -3 -11 -8 16 -7 21 -19 -15 -18 -17
right_child=1 3 4 -5 9 15 14 8 -10 13 -12 -13 -14 19 -16 17 20 18 -20 -21 -22 -23
leaf_value=-0.039388461728282705 0.00017262346144339673 -0.0037089810228246888 -0.033431258541407674 0.024476582879472412 -0.020959497935334751 0.00020259355018616972 -0.0079911789460136683 -0.025821108058974362 0.0013852074096824072 -0.027365807863489879 0.006395178640367951 0.0013542003937286953 0.014113076342548025 0.0019029241506463316 -0.034082723448195386 0.0099774617131930272 0.024453399991734515 0.020424458302278837 -0.014848548400831075 -0.011072588073707026 0.013459689232136354 -0.0013710367448524833
leaf_weight=461.59250432655381 82.469241236285598 154.27373722154152 364.58075165501714 823.2412406244548 178.79765801706526 133.75882345694117 61.147858025327878 108.28397408554156 388.07940363579837 52.564179768662143 42.403285822772887 30.205182273144601 312.51052244256425 384.79239048477029 233.07374186756715 352.89094916707836 284.85637063119793 181.91714790833066 15.294243748125153 228.4620405723108 835.5579595634772 366.13002461016004
leaf_count=474503 12049 10436 253755 3365 41536 2283 32920 13202 25347 14929 2560 3910 5781 32439 214276 5721 1200 2166 337 42208 9751 9517
internal_value=4.493e-10 0.00880139 -0.0225611 0.0118326 -0.016029 0.00848858 -0.0228534 0.00174748 -0.00395008 -0.00884415 -0.0169217 -0.0308021 0.00826858 -0.00532872 -0.0291011 0.0115894 0.0147292 0.00717883 0.0171044 -0.00303108 0.0164463 0.00425919
internal_weight=6076.88 4375.89 1700.99 3999.2 1239.4 3175.96 376.691 1005.55 538.767 844.616 150.687 394.786 466.784 665.819 294.222 2170.41 1254.17 916.232 197.211 613.254 1120.41 719.021
internal_count=1214191 350911 863280 91666 388777 88301 259245 57326 41109 131112 15762 257665 16217 89576 247196 30975 13234 17741 2503 74647 10951 15238
is_linear=0
shrinkage=0.04


Tree=56
num_leaves=23
num_cat=0
split_feature=26 10 26 10 13 18 8 8 28 6 7 17 3 26 29 4 8 13 16 31 28 15
split_gain=727.553 264.611 105.219 97.3067 72.5634 38.6336 34.3519 33.8791 29.9231 29.5418 29.2711 27.1633 25.8634 23.6382 23.2697 21.9201 21.9125 18.8911 17.3219 16.9796 16.628 15.4894
threshold=0.56282487511634838 0.0079072723165154474 0.88382774591445934 0.0046083058696240195 0.27143251895904547 5.3883748054504403 0.99376392364501964 0.99376392364501964 0.101200208067894 0.46104587614536291 0.9663875699043275 6.3835051059722909 0.072977595031261458 0.97964814305305492 0.14922130107879641 1.0217928290367129 0.39787338674068456 0.80101704597473156 4.3373985290527353 0.89587974548339855 0.41987481713294988 6.4960203170776376
decision_type=2 2 2 2 2 2 2 2 2 2 2 2 2 2 2 2 2 2 2 2 2 2
left_child=3 5 7 -1 6 -2 12 10 9 16 11 17 20 -4 -10 -12 -6 -3 -13 -7 -5 -9
right_child=1 2 13 4 8 19 -8 21 14 -11 15 18 -14 -15 -16 -17 -18 -19 -20 -21 -22 -23
leaf_value=-0.039177838832252135 0.00075294601607810586 -0.0081429167524640113 0.014155462041645148 -0.036800059175710206 -0.024763536114630117 -0.0091257969848173772 0.0014259888977774333 0.0097264145303966251 0.01792191809663508 0.0088304490839306426 0.025472530782486198 -0.028762807182923206 -0.0093250714898839206 0.024084284575502983 -0.0067737822559350829 -0.01244192574161441 -0.00043986743555080889 0.010693388774329996 -0.0041638218645358117 -0.034211462542189548 -0.00054574797278930643 0.030725690727255815
leaf_weight=432.73445358226263 86.379557562569971 102.41302650974831 852.41771241834795 380.26530589818276 238.21041568313376 63.183353876840556 58.643010412051808 1065.460449546692 98.601078818144742 69.153415245062206 110.59722681657877 40.230486840016965 85.249249396874802 810.53547877442907 130.83669012667087 24.089585606940091 78.324522659328068 362.26566312606155 600.61996995388472 237.48751186390291 21.668855156260179 52.321583737328183
leaf_count=457196 12936 9543 6460 257363 50404 35173 4864 16467 6898 5137 1537 5171 20268 3365 21799 855 8321 13488 40715 228573 7273 385
internal_value=7.66894e-11 0.00837684 0.0114293 -0.0230774 -0.0167927 -0.0228238 -0.0272916 0.00595488 -0.00718913 -0.0138656 0.00138049 -0.000826398 -0.0307075 0.0191099 0.00414447 0.0183001 -0.0189426 0.00645787 -0.00612627 -0.0294034 -0.0349062 0.0109731
internal_weight=6001.69 4408 4020.95 1593.69 1160.95 387.05 545.826 2358 615.126 385.688 1240.22 1105.53 487.183 1662.95 229.438 134.687 316.535 464.679 640.85 300.671 401.934 1117.78
internal_count=1214191 374668 97986 839523 382327 276682 289768 88161 92559 63862 71309 68917 284904 9825 28697 2392 58725 23031 45886 263746 264636 16852
is_linear=0
shrinkage=0.04


Tree=57
num_leaves=23
num_cat=0
split_feature=26 10 26 10 26 8 0 31 13 0 18 31 13 7 15 2 1 5 31 6 6 9
split_gain=696.308 245.717 151.644 95.3085 50.7083 36.6937 40.3004 33.1211 30.7753 28.3138 20.6706 31.2413 20.5662 20.1697 19.6212 18.2892 16.47 16.2921 15.7496 15.501 13.9081 14.7134
threshold=0.73549595475196849 0.0028739577392116193 0.435479685664177 0.23882629722356799 0.97964814305305492 0.61737444996833812 0.093311104923486723 8.9077382087707537 0.31486493349075323 0.21919206529855731 4.8213264942169198 5.7899181842803964 0.060482649132609374 0.24075572192668918 3.3140207529067998 0.050819115713238723 0.085279617458581938 0.53018027544021618 1.0000000180025095e-35 1.077498257160187 0.47167409956455236 0.33248037099838262
decision_type=2 2 2 2 2 2 2 2 2 2 2 2 2 2 2 2 2 2 2 2 2 2
left_child=1 -1 8 9 14 6 7 10 17 18 11 -4 -13 16 -5 -8 -7 -3 -2 -11 -16 -22
right_child=3 2 5 4 -6 13 15 -9 -10 19 -12 12 -14 -15 20 -17 -18 -19 -20 -21 21 -23
leaf_value=-0.03700702063551535 0.0021655562438074459 -0.035305874008954109 0.021672017663122999 0.0061725207538134473 0.0236753597753065 0.0045114604437699627 0.017342376613703255 -0.026427836505592946 -0.013222479384339212 0.014796094645911939 -0.021359447743659037 -0.025844992276685567 -0.0025037020071821494 -0.0041820998103192161 0.018117308903376369 -0.0092294695778700146 0.020604465226289639 -0.006358923686249289 -0.028938666516911685 -0.022002928214746541 -0.025398381246425145 0.01066280410923804
leaf_weight=592.52662717686644 31.727435766071721 324.23431256920912 62.961099012260092 715.32416818328784 788.82862154403119 321.98240694483684 127.92667909448937 164.67479149521387 242.47797957074363 66.547852373783826 107.69982115778839 64.106960453398642 341.67415751925728 244.30886794250546 761.20387343782932 51.814656153612304 144.42949034391495 39.757799285314832 107.92524301937374 14.563252743871997 9.4135430706664902 601.62159612654068
leaf_count=645103 8747 220737 1757 13763 3325 12635 7172 60231 48274 8015 23577 22663 17835 15491 7503 5706 4375 19849 52404 6510 242 8277
internal_value=5.78335e-11 -0.0143141 -0.00816819 0.013086 0.0150327 -0.00177102 -0.00700793 -0.0111099 -0.0250705 -0.0118307 -0.00635795 -0.002537 -0.00672417 0.00501736 0.0116696 0.0095997 0.00982272 -0.0323987 -0.0221996 0.00649916 0.0144698 0.00970723
internal_weight=5927.73 2830.58 2238.05 3097.16 2876.39 1631.58 920.858 741.117 606.47 220.764 576.442 468.742 405.781 710.721 2087.56 179.741 466.412 363.992 139.653 81.1111 1372.24 611.035
internal_count=1214191 1105405 460302 108786 33110 171442 138941 126063 288860 75676 65832 42255 40498 32501 29785 12878 17010 240586 61151 14525 16022 8519
is_linear=0
shrinkage=0.04


Tree=58
num_leaves=23
num_cat=0
split_feature=26 10 10 26 13 18 26 3 13 8 9 28 29 31 3 22 9 9 15 22 29 22
split_gain=671.192 229.638 105.151 90.691 71.7853 41.1537 34.6683 23.3131 21.9001 21.85 28.3926 24.9067 26.0866 20.5434 20.3123 17.4436 17.3992 17.8374 17.1749 18.5134 16.7803 16.3371
threshold=0.57520487904548656 0.022602157667279247 0.0046083058696240195 0.81158882379531871 0.01953974645584822 4.2030684947967538 0.97964814305305492 0.12964208424091342 0.015134900342673065 0.9234740436077119 0.78465908765792858 0.098369751125574126 0.14922130107879641 3.113268375396729 0.17430504411458972 31.500000000000004 0.14168795943260196 0.4444840699434281 3.113268375396729 18.500000000000004 0.99979683756828319 15.500000000000002
decision_type=2 2 2 2 2 2 2 2 2 2 2 2 2 2 2 2 2 2 2 2 2 2
left_child=2 5 -1 7 14 -2 18 8 -3 10 11 21 -13 -7 -4 -10 -17 -18 -5 -20 -15 -6
right_child=1 3 4 6 9 13 -8 -9 15 -11 -12 12 -14 20 -16 16 17 -19 19 -21 -22 -23
leaf_value=-0.039030187432878692 0.0088688703575597501 -0.017357889065808957 -0.032821647844576259 0.0056109723608332085 0.0028977842004058426 -0.007274882187960633 0.023258404557749131 0.010404922538957953 -0.0060498759005678769 0.0067848962698457997 0.011642838111919429 0.011576774440603786 -0.01359856925075047 -0.035502141056574087 0.001231470057663457 0.012766459014347694 -0.010334793157880093 0.0071514669696943799 -0.0073587966083216222 0.016517110679787492 -0.0034627071776259246 -0.023499244288757111
leaf_weight=418.84868929003642 58.890442197589437 91.213056985870935 338.03143573659327 417.94190226821229 39.813655695063062 79.603141540708748 783.82937931540073 562.60556209845527 277.69061175359093 115.8186856098182 68.915857124578906 94.623886215973471 169.98227916759788 215.93922533261139 29.71002776719979 295.96021258372639 150.55702419771114 212.94962251831021 49.296796824331977 1017.0404258328199 32.179957529813692 332.71858660121507
leaf_count=474503 4089 10684 253755 6387 4529 36404 3360 18062 14926 4877 3597 9267 35086 214004 3910 11172 8584 7849 809 8624 5957 73756
internal_value=-3.00069e-10 0.00833828 -0.0219253 0.011293 -0.0156277 -0.0206959 0.0164135 0.00393616 0.00033108 -0.00886325 -0.011489 -0.0141323 -0.00450206 -0.0261139 -0.0301107 0.00221782 0.00573758 -0.000173777 0.0126674 0.0153552 -0.0316419 -0.0206761
internal_weight=5854.16 4245.7 1608.46 3859.08 1189.61 386.613 2268.11 1590.98 1028.37 821.873 706.054 637.138 264.606 327.722 367.741 937.157 659.467 363.507 1484.28 1066.34 248.119 372.532
internal_count=1214191 350911 863280 90457 388777 260454 19180 71277 53215 131112 126235 122638 44353 256365 257665 42531 27605 16433 15820 9433 219961 78285
is_linear=0
shrinkage=0.04


Tree=59
num_leaves=23
num_cat=0
split_feature=26 10 26 10 13 18 26 8 7 9 26 9 23 31 18 8 1 8 31 3 0 3
split_gain=646.143 228.668 90.8743 90.5135 64.8406 41.2204 37.9873 24.2243 32.8792 27.0152 23.4673 22.3049 21.821 23.7211 25.6666 21.0964 20.6336 22.334 19.6256 18.1513 16.8245 17.4826
threshold=0.56282487511634838 0.022602157667279247 0.78283172845840465 0.0046083058696240195 0.005590044893324376 4.2030684947967538 0.97964814305305492 0.65106043219566356 0.53655022382736217 0.64594855904579174 0.30855594575405126 0.14168795943260196 1.5000000000000002 7.0466380119323739 2.4138631820678715 0.73941960930824291 0.12624759227037433 0.55250763893127453 3.113268375396729 0.13314308226108554 0.1408096253871918 0.25675377249717718
decision_type=2 2 2 2 2 2 2 2 2 2 2 2 2 2 2 2 2 2 2 2 2 2
left_child=3 5 7 -1 15 -2 -4 8 9 11 -6 -3 -12 14 -14 19 17 -15 -7 -5 21 -16
right_child=1 2 6 4 10 18 -8 -9 -10 -11 12 -13 13 16 20 -17 -18 -19 -20 -21 -22 -23
leaf_value=-0.038832921715160749 0.0086439463934119675 -0.001988001679253862 0.012024840621834884 -0.038200337549762604 -0.031081217393144046 -0.0078218764287276508 0.022849560118972684 0.0077898888756742484 0.01345650119183508 0.012866765891535537 0.0099422046690171746 -0.019710329418407179 0.0075138488930341901 -0.03225971550169307 -0.022631220501965334 0.0016427638294605174 -0.0019378324824834028 -0.001167786906442442 -0.031325521477773441 -0.0045721669271128525 0.01760346372359976 0.011855390576259728
leaf_weight=393.35041606038658 60.467931001512625 222.47166116092558 1721.6938716094883 252.42959851524893 68.428400009470352 82.786578337163519 772.61849378468469 707.99211584650038 146.72809830447659 80.516955793369561 89.424841151456349 227.68529720049992 174.25343438546406 155.71848899140605 139.42500429982465 26.973943140954361 87.066096480550186 48.568975894202595 254.48833597551857 31.719127206728444 16.72861181377084 21.450751498166937
leaf_count=457196 4404 20233 20708 231926 23395 38855 3360 18095 4943 4343 4758 25015 7327 49531 28189 3766 18965 5832 234712 5445 965 2228
internal_value=-3.69943e-10 0.00793565 0.0109071 -0.0224499 -0.0163613 -0.0206058 0.0154557 0.00266573 -0.00272524 -0.00736553 -0.010117 -0.0111853 -0.00776674 -0.0103433 -0.00318866 -0.0316231 -0.0185912 -0.0252671 -0.0259477 -0.0347295 -0.01353 -0.0176082
internal_weight=5782.99 4277.45 3879.71 1505.54 1112.19 397.743 2494.31 1385.39 677.402 530.674 801.065 450.157 732.636 643.211 351.858 311.123 291.354 204.287 337.275 284.149 177.604 160.876
internal_count=1214191 374668 96697 839523 382327 277971 24068 72629 54534 49591 141190 45248 117795 113037 38709 241137 74328 55363 273567 237371 31382 30417
is_linear=0
shrinkage=0.04


Tree=60
num_leaves=23
num_cat=0
split_feature=26 10 26 10 13 26 15 26 26 23 31 12 8 8 7 12 1 8 3 3 9 3
split_gain=614.74 217.031 94.8397 88.6234 62.3935 38.4822 23.3885 23.1833 22.0701 20.3283 21.7017 23.7236 20.3014 20.0315 26.5221 20.2302 19.3762 21.4685 18.172 17.616 16.7125 19.7867
threshold=0.56282487511634838 0.002432426437735558 0.78283172845840465 0.0046083058696240195 0.005590044893324376 0.97964814305305492 1.4978661537170412 0.86758989095687877 0.30855594575405126 1.5000000000000002 7.0466380119323739 0.71133798360824596 0.73941960930824291 0.65106043219566356 0.53655022382736217 0.9251534938812257 0.12624759227037433 0.55250763893127453 0.22301754355430606 0.13314308226108554 0.64594855904579174 0.18133208155632022
decision_type=2 2 2 2 2 2 2 2 2 2 2 2 2 2 2 2 2 2 2 2 2 2
left_child=3 7 6 -1 12 -4 -3 -2 -6 -10 11 18 19 14 15 -8 17 -12 -11 -5 21 -17
right_child=1 2 5 4 8 -7 13 -9 9 10 16 -13 -14 -15 -16 20 -18 -19 -20 -21 -22 -23
leaf_value=-0.038697066834739113 -0.02938750476205982 -0.012624265530971837 0.011540405345961218 -0.03800717332910937 -0.030597534557385724 0.022445978666815948 -0.017863177590817167 -7.2789360605760703e-05 0.0094046745462756931 -0.022398722151208493 -0.03179211817997124 0.0049630230782699769 0.001406070769211443 0.0083488884339325276 0.013376293938261841 -0.01147121499805607 -0.0020366470887548983 -0.0011018925376858005 0.011366417651173034 -0.0047075970890545242 0.018651084953648315 0.011525186588241603
leaf_weight=379.74639702727973 248.79140976207418 145.65834509298656 1735.1591444355581 243.72547952317336 66.576035974627302 764.49333932227455 147.60056790099043 51.864485091224196 89.102095569163794 111.69708527177863 151.31195883448527 212.69452142472437 26.8292809776176 696.37079304771032 135.38799437696434 184.70406518265372 86.448395589490246 48.072370216410491 25.599247776495758 31.649188496310671 50.994529784715269 77.221960297814803
leaf_count=457196 254331 13102 22235 231926 23395 3410 25591 11321 4758 24053 49531 11780 3766 21873 5263 13099 18965 5832 2876 5445 2057 2386
internal_value=1.13451e-11 0.00774098 0.0102582 -0.0221683 -0.0161307 0.0149519 0.00205203 -0.0244957 -0.0100011 -0.00771892 -0.010227 -0.00337782 -0.0313502 0.0037905 -0.00158625 -0.00617587 -0.0182159 -0.0247986 -0.0157589 -0.0344791 -0.000280653 -0.00451683
internal_weight=5711.7 4238.25 3937.59 1473.45 1093.71 2499.65 1437.94 300.656 791.502 724.926 635.824 349.991 302.204 1292.28 595.909 460.521 285.833 199.384 137.296 275.375 312.921 261.926
internal_count=1214191 374668 109016 839523 382327 25645 83371 265652 141190 117795 113037 38709 241137 70269 48396 43133 74328 55363 26929 237371 17542 15485
is_linear=0
shrinkage=0.04


Tree=61
num_leaves=23
num_cat=0
split_feature=26 10 10 8 13 7 26 18 17 26 9 8 1 8 9 14 15 26 13 23 1 3
split_gain=585.482 205.845 86.4518 83.0889 59.6395 46.6935 40.0763 39.602 26.89 24.9019 20.9049 22.1324 27.4928 19.518 19.0633 30.4761 23.333 22.1381 18.992 18.8128 17.8634 17.2135
threshold=0.56282487511634838 0.022602157667279247 0.0046083058696240195 0.9234740436077119 0.005590044893324376 0.9663875699043275 0.97964814305305492 4.5545287132263192 9.3968939781188983 0.93302914500236522 0.50192853808403026 0.49746057391166693 0.22614195942878726 0.73941960930824291 0.71485650539398204 2.5404615402221684 3.0677825212478642 0.72709336876869213 0.15816279500722888 2.5000000000000004 0.26889187097549444 0.13314308226108554
decision_type=2 2 2 2 2 2 2 2 2 2 2 2 2 2 2 2 2 2 2 2 2 2
left_child=2 7 -1 5 13 8 -5 -2 9 14 11 12 19 21 15 16 -3 -18 -16 -6 -7 -4
right_child=1 3 4 6 10 20 -8 -9 -10 -11 -12 -13 -14 -15 18 -17 17 -19 -20 -21 -22 -23
leaf_value=-0.038557273414581268 0.0067843787680983746 -0.0085383386709954618 -0.037824662770738406 0.012086898820960095 -0.013113686896401003 -0.008953442842465402 0.024548179479754705 -0.025940901992089517 -0.024126407495749742 0.013546038685171289 0.0057885869887258122 0.00088398662250923753 0.003319591111995669 0.0011840254073557713 -0.025723370329969599 -0.016549624461459463 -0.002412458056002811 0.014179046630993524 0.016176646281413059 -0.030997005575980709 0.024312125632095127 -0.0047758430622047736
leaf_weight=366.41646890646734 67.960369255335536 263.32724591490114 234.91771294224418 1633.7675543451041 264.3142078634628 24.424809214367997 568.9361080591043 314.06616973649579 56.496285207962501 232.37108878028812 110.27561872039951 151.17095891333156 90.578038969542831 26.660015238259803 10.46940062678186 192.26895345732919 251.4210488812023 248.33474707213463 144.68921892867365 165.50190147084504 191.45648081606487 31.604433235122997
leaf_count=457196 5815 21698 231926 20198 47894 1254 1709 272156 4767 2199 8701 15483 15171 3766 1711 8760 23662 5326 3983 53941 1430 5445
internal_value=-2.984e-10 0.00755288 -0.0219076 0.0103646 -0.0159296 0.00344272 0.0154019 -0.0200947 0.000713577 0.00192923 -0.00993221 -0.0125607 -0.0164094 -0.0310679 -0.000600755 -0.00274404 0.000903541 0.00594848 0.0119631 -0.0205479 0.0203187 -0.0342201
internal_weight=5641.43 4199.99 1441.44 3817.96 1075.02 1615.26 2202.7 382.027 1399.38 1342.88 781.841 671.565 520.394 293.182 1110.51 955.352 763.083 499.756 155.159 429.816 215.881 266.522
internal_count=1214191 374668 839523 96697 382327 74790 21907 277971 72106 67339 141190 132489 117006 241137 65140 59446 50686 28988 5694 101835 2684 237371
is_linear=0
shrinkage=0.04


Tree=62
num_leaves=23
num_cat=0
split_feature=26 10 26 10 26 26 27 26 27 1 8 7 12 9 3 2 29 22 15 9 28 13
split_gain=564.06 197.379 88.5273 84.6547 60.0505 37.1317 23.1406 21.8312 21.5136 24.2101 21.4595 23.915 24.0019 18.8962 20.6946 17.6091 16.9392 17.7253 16.1609 15.6241 15.6166 15.3642
threshold=0.56282487511634838 0.002432426437735558 0.78283172845840465 0.0072296061553061017 0.34117986261844641 0.97964814305305492 0.25965505838394171 0.86758989095687877 0.0040219505317509183 0.056749263778328903 0.65106043219566356 0.53655022382736217 0.92139831185340892 0.64594855904579174 0.23222959041595462 0.064957398921251311 0.20645699650049212 23.500000000000004 3.113268375396729 0.25562694668769842 0.72339150309562694 0.056803386658430106
decision_type=2 2 2 2 2 2 2 2 2 2 2 2 2 2 2 2 2 2 2 2 2 2
left_child=3 7 10 -1 -5 16 8 -2 9 15 11 12 -3 14 18 -6 -4 20 -14 -12 -18 -21
right_child=1 2 5 4 6 -7 -8 -9 -10 -11 19 -13 13 -15 -16 -17 17 -19 -20 21 -22 -23
leaf_value=-0.0378770434013408 -0.028850804464642128 -0.019417348671854073 0.022765515325597931 -0.031046941897345942 -0.015153605179865847 0.021912665963995551 0.0095984570514716337 -0.00010904853780559717 -0.019767704097331813 0.011079743989087405 0.011380617257599273 0.010282759315562129 -0.022935296401939781 0.017204803758832706 0.015430806000753619 0.012094426012092638 -0.011452118460582073 0.011307676051894705 -0.0021794876981515695 -0.028951905533247828 0.0093681613729669818 0.0022751377831585766
leaf_weight=375.02334472677421 237.72237495881745 166.082013742649 173.00037943161442 282.68292568437073 242.04714536727624 739.3898428119719 82.800856401729106 51.078063732231385 300.29300347054959 97.299221550823859 428.09302891403422 151.12831064185593 91.13500939719961 61.594059752314934 51.702573878399562 36.974749437227729 105.69474374026322 1330.5460132384833 153.5229013407079 17.47614003358467 104.98353987270093 295.76441831955162
leaf_count=460412 254331 30586 1514 174571 67784 3410 10088 11321 107056 15413 11000 6360 8259 2478 1396 4199 2276 16958 8971 1404 1487 12917
internal_value=-1.48469e-10 0.00743022 0.00982693 -0.0217052 -0.0155807 0.0144089 -0.00949485 -0.0239412 -0.0119372 -0.00533867 0.00184484 -0.00329012 -0.0073237 -0.00133733 -0.00562683 -0.0112493 0.011064 0.00961221 -0.010508 0.00650302 -0.00112275 -0.000308843
internal_weight=5576.03 4158.91 3870.11 1417.12 1042.1 2453.61 759.415 288.8 676.614 376.321 1416.5 675.165 524.037 357.955 296.36 279.022 1714.22 1541.22 244.658 741.334 210.678 313.241
internal_count=1214191 374668 109016 839523 379111 25645 204540 265652 194452 87396 83371 58050 51690 21104 18626 71983 22235 20721 17230 25321 3763 14321
is_linear=0
shrinkage=0.04


Tree=63
num_leaves=23
num_cat=0
split_feature=26 10 10 26 13 18 8 8 22 17 28 9 5 3 31 2 1 8 16 29 31 2
split_gain=536.935 187.767 82.9342 79.0972 57.3686 37.8536 32.2776 28.4432 25.2635 26.7797 25.0272 28.379 26.1913 22.9921 20.4543 20.2111 19.518 19.4671 20.2151 18.0194 17.9764 17.7015
threshold=0.56282487511634838 0.022602157667279247 0.0046083058696240195 0.88382774591445934 0.27143251895904547 4.5545287132263192 0.99376392364501964 0.99376392364501964 45.500000000000007 6.3216667175292978 0.101200208067894 0.37332038581371313 0.65242898464202892 0.072977595031261458 8.3079695701599139 0.063768766820430769 0.30386959016323095 0.72192299365997326 4.9792823791503915 0.14922130107879641 0.89587974548339855 0.21346576511859897
decision_type=2 2 2 2 2 2 2 2 2 2 2 2 2 2 2 2 2 2 2 2 2 2
left_child=2 5 -1 6 7 -2 8 13 9 15 11 12 -6 -4 -5 -3 -11 -16 -19 -12 -7 -17
right_child=1 3 4 14 10 20 -8 -9 -10 16 19 -13 -14 -15 17 21 -18 18 -20 -21 -22 -23
leaf_value=-0.03831319718738329 0.0067477507429369978 0.010731562442984502 -0.033676370187676129 0.020114230419883104 -0.024515305688214691 -0.0065222540222815845 0.010131501410576586 0.0010917822964495582 0.010244190709061227 -0.015904624484808037 0.016132703287634175 0.008129004421416005 0.0055201901300087125 -0.0084909545979819107 -0.0069217741540327808 -0.018549604376906371 -0.00031314770532876154 0.0028137275936529526 0.020770885679305757 -0.0061494463443778451 -0.030667976148894733 0.019388344140531266
leaf_weight=343.43379097743991 67.22725844031811 268.2422569395203 339.01252098361556 1037.5727655099472 229.81045369413187 69.917373888951261 1049.9464794464584 55.254367248824565 303.07837589826522 272.96616130248731 93.718421843237593 73.114675734570483 53.583304937492358 79.352858411788475 84.688750752713531 73.827087817233405 236.02796585428587 173.95063508138992 238.95489369553979 123.3530638506345 232.70718241657596 16.864627338247374
leaf_count=457196 5815 12885 264636 5444 53724 35819 16178 4864 15230 26557 6898 5620 4518 20268 1563 4723 11028 1335 1445 21799 236337 309
internal_value=-3.63916e-10 0.00724891 -0.0214055 0.00993722 -0.0155506 -0.0195957 0.00507426 -0.0257246 0.000492458 -0.00299072 -0.00685285 -0.0132395 -0.0188417 -0.0292091 0.0168942 0.00529058 -0.00881997 0.00991577 0.0134512 0.00375746 -0.0254765 -0.0102699
internal_weight=5516.61 4125.97 1390.63 3756.12 1047.2 369.852 2220.95 473.62 1171.01 867.928 573.58 356.508 283.394 418.365 1535.17 358.934 508.994 497.594 412.906 217.071 302.625 90.6917
internal_count=1214191 374668 839523 96697 382327 277971 86910 289768 70732 55502 92559 63862 58242 284904 9787 17917 37585 4343 2780 28697 272156 5032
is_linear=0
shrinkage=0.04


Tree=64
num_leaves=23
num_cat=0
split_feature=26 10 10 26 26 30 8 3 16 7 23 16 15 31 0 22 12 5 15 31 30 3
split_gain=517.285 140.135 121.184 88.7027 57.1493 29.8075 26.3228 25.9526 25.8293 23.9947 22.1479 20.03 21.4275 17.4483 19.5623 15.9104 15.7548 15.5588 17.2706 17.8907 15.7284 18.0464
threshold=0.65238302946090709 0.0030500283464789395 0.23882629722356799 0.39976622164249426 0.97964814305305492 3.0226957798004155 0.9234740436077119 0.083531644195318236 4.739781618118287 0.7679525911808015 2.5000000000000004 4.9462726116180429 3.5694335699081425 0.89587974548339855 0.22899755090475085 36.500000000000007 0.61206930875778209 1.2948824763298037 3.3140207529067998 7.443005084991456 0.50802582502365123 0.22840274870395663
decision_type=2 2 2 2 2 2 2 2 2 2 2 2 2 2 2 2 2 2 2 2 2 2
left_child=1 -1 5 7 6 13 9 -3 -5 11 -10 -4 -13 -2 -15 -12 -14 -8 19 -19 -21 -22
right_child=2 3 4 8 -6 -7 17 -9 10 -11 15 12 16 14 -16 -17 -18 18 -20 20 21 -23
leaf_value=-0.037053014918438515 0.01204048719208612 -0.031846237668453112 -0.0066676554602433918 -0.018929278645424787 0.021488024951520298 -0.03044668241628716 0.018648870503821344 -0.0098984495271061748 0.0038961333944574042 0.016898373862855549 -0.016725049371144888 -0.0023058405167979651 -0.019511091257838328 -0.020641499102825055 0.0094225856234410165 -0.0015579503038880783 0.015092739919025542 0.011300864909594054 0.012652524701838697 0.016997926777035863 -0.020679019395039602 0.01268274024346459
leaf_weight=408.83853709013988 59.987409101340745 312.81439949781793 325.44848839603947 159.7979682157129 707.98939899069956 106.31531947503754 420.21031278488226 133.92591590528173 489.09710138862283 177.22661368636182 190.96725520455948 282.91557921195636 14.233331362658644 106.49267717065595 42.384499520019745 251.37804524336752 284.42056783402222 133.24827120528789 693.66636223408568 24.328008141368628 104.41304821244557 26.177119819913059
leaf_count=563301 12458 223614 14429 36476 3325 71768 4040 27123 50460 2494 46490 12238 1133 68535 8956 48653 7433 1736 6242 262 2605 420
internal_value=3.0823e-10 -0.0164871 0.00916684 -0.0108161 0.0115071 -0.0141759 0.0085903 -0.0256274 -0.00457485 0.00385887 -0.0019373 0.00115453 0.00557057 -0.00488112 -0.0120281 -0.00833081 0.0128649 0.012196 0.00927411 0.000990084 -0.00802592 -0.0135651
internal_weight=5456.28 1946.82 3509.46 1537.98 3194.28 315.18 2486.29 446.74 1091.24 1084.24 931.442 907.018 581.569 208.865 148.877 442.345 298.654 1402.04 981.833 288.166 154.918 130.59
internal_count=1214191 996117 218074 432816 56357 161717 53032 250737 182079 37727 145603 35233 20804 89949 77491 95143 8566 15305 11265 5023 3287 3025
is_linear=0
shrinkage=0.04


Tree=65
num_leaves=23
num_cat=0
split_feature=26 10 10 26 14 3 3 3 3 31 8 26 12 18 1 15 26 6 22 17 29 7
split_gain=496.241 145.843 102.513 74.1607 67.392 28.0973 26.8932 37.6541 26.9549 24.0577 23.4758 22.6392 21.4176 19.8377 17.9042 15.5884 15.2549 14.2605 14.0356 13.5935 13.3184 20.9114
threshold=0.5958346724510194 0.002432426437735558 0.0046083058696240195 0.85254633426666271 1.1306682825088503 0.12224456295371057 0.063662458211183562 1.0000000180025095e-35 0.023523150011897091 7.0466380119323739 0.76726898550987255 0.97964814305305492 0.71133798360824596 5.8130505084991464 0.12624759227037433 3.5972183942794804 0.30634529888629919 1.1400616168975832 25.500000000000004 7.787788152694703 0.091581702232360854 0.45595476031303411
decision_type=2 2 2 2 2 2 2 2 2 2 2 2 2 2 2 2 2 2 2 2 2 2
left_child=2 13 -1 6 5 -4 7 17 -9 12 14 15 -6 -2 -11 -5 -7 20 19 -13 -3 -22
right_child=1 3 4 11 9 16 -8 8 -10 10 -12 18 -14 -15 -16 -17 -18 -19 -20 -21 21 -23
leaf_value=-0.038039165072636244 8.7717939560561491e-06 0.013426908559587414 -0.035503167437276634 0.0053331416513741669 -0.012411654044072962 -0.023781041485943573 0.0088231563118709097 -0.041196672058473292 -0.0048282469662127873 -0.024758555786297258 0.0040474417476569378 0.01511903978007628 0.0059656974901731042 -0.027372917442042063 -0.0054278640733990769 0.015376170392130276 0.010231666830166171 -0.015793893635498081 0.023606592049994463 -0.012776674682289981 -0.0059934600553545108 0.0090182160897856727
leaf_weight=350.63001054269739 53.524488934959663 172.45477741595823 238.1434648869606 415.67381300358102 148.13139853426037 28.014350137069414 912.09529749881767 46.955808247003006 83.572575874160975 232.50020686454809 89.339553888734372 92.626968203985598 273.2507163438313 192.37391292873508 122.09275126124339 661.1095362177366 38.521444813326525 53.226109682673268 585.33645698710461 29.82338912630803 309.21204264969856 267.73497237229458
leaf_count=502706 16027 5626 184324 5461 29064 6292 30883 6623 4681 102061 6789 545 23012 205848 42785 5010 4539 3501 2614 251 17046 8503
internal_value=-1.07048e-10 0.00759892 -0.019291 0.00963406 -0.0133977 -0.0292916 0.00397807 -0.000801007 -0.0199119 -0.00753072 -0.0139203 0.0154276 -0.000632581 -0.0216453 -0.0184341 0.011584 -0.00532516 0.0025137 0.0210323 0.00787322 0.00400485 0.00100774
internal_weight=5396.34 3875.72 1520.62 3629.82 1169.99 304.679 1845.25 933.156 130.528 865.315 443.933 1784.57 421.382 245.898 354.593 1076.78 66.5358 802.628 707.787 122.45 749.402 576.947
internal_count=1214191 312619 901572 90744 398866 195155 76863 45980 11304 203711 151635 13881 52076 221875 144846 10471 10831 34676 3410 796 31175 25549
is_linear=0
shrinkage=0.04


Tree=66
num_leaves=23
num_cat=0
split_feature=26 10 26 10 26 8 0 31 13 0 15 18 31 16 2 13 24 23 31 18 6 8
split_gain=480.519 181.032 108.881 66.9818 38.2429 27.996 30.8733 25.116 23.9699 22.8965 17.7505 17.0061 25.5197 16.3785 15.3268 14.7352 14.7178 15.9733 13.9283 12.7655 12.6981 12.6953
threshold=0.73549595475196849 0.0028739577392116193 0.435479685664177 0.23882629722356799 0.97964814305305492 0.61737444996833812 0.093311104923486723 8.9077382087707537 0.31486493349075323 0.21919206529855731 2.9174053668975835 4.8213264942169198 5.7899181842803964 4.7447893619537362 0.050819115713238723 0.060482649132609374 3.3497501611709599 2.5000000000000004 1.0000000180025095e-35 5.0890688896179208 1.077498257160187 0.99376392364501964
decision_type=2 2 2 2 2 2 2 2 2 2 2 2 2 2 2 2 2 2 2 2 2 2
left_child=1 19 8 9 10 6 7 11 -3 18 -5 12 -4 -7 -8 -14 17 -15 -2 -1 -11 -12
right_child=3 2 5 4 -6 13 14 -9 -10 20 21 -13 15 16 -16 -17 -18 -19 -20 -21 -22 -23
leaf_value=-0.0050218865716090775 0.0022407963050012766 -0.030655981266040959 0.019864912066130103 0.0033967700214881172 0.021024977957051345 -0.012110024774815296 0.015373742465814029 -0.024820817956585722 -0.012449215510059492 0.014029914602024369 0.0071761541047689267 -0.020572228106787827 -0.02393861259043371 0.015733550903003813 -0.009641935294497004 -0.0030869803205082007 -0.009845367883878962 0.001732720038331145 -0.02778324108501138 -0.037024716118088781 -0.020623809461342582 0.015089797597158209
leaf_weight=24.461357242933218 30.637871636219643 297.50513826125439 57.952631731030124 503.18938038194028 684.09973394108238 79.912891643543844 119.66056212421972 147.7360787124635 220.5225684983925 61.097666864116036 548.73484120340436 99.237118543278484 56.311081288342393 247.7245638321765 48.197872167875175 320.93811508012004 71.077719043358229 269.5197760906085 93.315986410983896 427.57497842050952 12.714621441926282 911.95648533882922
leaf_count=17196 8747 240586 1757 11012 3325 5632 7172 60231 48274 8015 11568 23577 22663 6446 5706 17835 3919 16504 52404 627907 6510 7205
internal_value=-6.10141e-10 -0.0128117 -0.00764006 0.0112083 0.0128889 -0.00218359 -0.00696401 -0.010722 -0.023288 -0.0108312 0.00996255 -0.00644034 -0.0028282 0.00391039 0.00805263 -0.00673725 0.00625251 0.00860939 -0.0207489 -0.0354391 0.00631211 0.0121859
internal_weight=5334.08 2488.33 2036.3 2845.75 2647.98 1518.27 850.033 682.175 518.028 197.766 1963.88 534.439 435.202 668.235 167.858 377.249 588.322 517.244 123.954 452.036 73.8123 1460.69
internal_count=1214191 1105405 460302 108786 33110 171442 138941 126063 288860 75676 29785 65832 42255 32501 12878 40498 26869 22950 61151 645103 14525 18773
is_linear=0
shrinkage=0.04


Tree=67
num_leaves=23
num_cat=0
split_feature=26 10 10 14 26 16 23 3 0 31 8 27 29 29 3 26 0 28 6 31 28 15
split_gain=460.863 148.059 91.8911 86.7888 47.1001 39.869 32.5469 26.3667 25.8063 27.021 21.7776 20.284 18.3682 18.3251 20.7739 16.6221 16.1132 21.7487 15.1015 13.8618 13.4755 13.3227
threshold=0.67737483978271495 0.0028739577392116193 0.23882629722356799 1.1306682825088503 0.97964814305305492 4.739781618118287 2.5000000000000004 0.072977595031261458 0.21919206529855731 3.8064155578613286 0.9234740436077119 0.27543367445468908 0.76069810986518871 0.28000530600547796 0.090361312031745925 0.48410700261592871 0.01227428298443556 0.37478668987751013 1.1528213620185854 5.7899181842803964 0.092331953346729292 2.1383330821990971
decision_type=2 2 2 2 2 2 2 2 2 2 2 2 2 2 2 2 2 2 2 2 2 2
left_child=1 -1 8 7 10 -5 11 -3 9 -2 12 16 13 -4 -15 -8 19 -18 -14 -7 21 -21
right_child=2 3 4 5 -6 6 15 -9 -10 -11 -12 -13 18 14 -16 -17 17 -19 -20 20 -22 -23
leaf_value=-0.036804122841038248 0.0012708060303403487 -0.035452985319941108 0.011492562911570334 -0.021636973721908943 0.020620405466743263 0.018766729626449114 -0.021376710758156156 -0.0071290272823961599 0.0050626176237671631 -0.03082611001216954 0.011937780573811488 0.017571739430809447 0.016992976254933893 -0.0095603412265142362 0.0053402488155971728 -0.0051222654109222736 -0.018156621662687524 0.011875052366845565 -0.017963796823024059 -0.027597322787281092 0.012885413996347645 -0.00050243894558716392
leaf_weight=389.24439621298211 60.05793657292088 221.78020012311367 191.38638364180224 188.86765039671809 674.82079005701235 79.014196731262928 131.32129784333301 75.650732908798091 85.618931079181493 123.63473194593826 1313.64598937345 125.62765647478227 201.93268855550559 303.85814723646035 277.22454056632705 384.86157263789937 121.59347081102533 46.561806261204765 13.711007198551668 25.922224130623363 83.604381157394528 153.50370924301751
leaf_count=590657 17831 182699 6178 48995 3325 4119 68904 16781 21413 93162 14136 7442 2461 13428 7773 53965 22121 4200 485 5958 6817 21341
internal_value=-5.6402e-10 -0.0149196 0.00933676 -0.00952834 0.0113661 -0.00509131 -0.00221585 -0.0287151 -0.0126967 -0.0208083 0.00857552 0.00382258 0.00403074 0.00108337 -0.00248145 -0.0095852 0.00016438 -0.00964113 0.0140728 0.00512188 0.000485746 -0.00566716
internal_weight=5273.44 2027.55 3245.89 1638.31 2976.58 1340.88 1152.01 297.431 269.312 183.693 2301.76 635.827 988.113 772.469 581.083 516.183 510.2 168.155 215.644 342.045 263.03 179.426
internal_count=1214191 1033999 180192 443342 47786 243862 194867 199480 132406 110993 44461 71998 30325 27379 21201 122869 64556 26321 2946 38235 34116 27299
is_linear=0
shrinkage=0.04


Tree=68
num_leaves=23
num_cat=0
split_feature=26 10 26 12 26 18 26 23 13 15 27 5 31 23 15 31 2 28 15 31 28 16
split_gain=441.966 189.177 85.3348 41.7505 30.8843 30.1925 25.5371 21.9223 20.5287 18.3317 18.6997 18.0154 17.456 16.6182 16.539 18.2632 16.4462 16.378 14.6588 19.2449 29.7116 16.0565
threshold=0.50981926918029796 0.0079072723165154474 0.81158882379531871 0.0058303745463490495 0.30634529888629919 5.3883748054504403 0.97964814305305492 2.5000000000000004 0.015134900342673065 6.5184092521667489 0.69110804796218883 0.56083494424819957 0.89587974548339855 3.5000000000000004 2.6735538244247441 7.8824751377105722 0.12613368779420855 0.64578956365585338 2.8617925643920903 7.540879726409913 0.57581177353858959 4.9852454662323007
decision_type=2 2 2 2 2 2 2 2 2 2 2 2 2 2 2 2 2 2 2 2 2 2
left_child=3 5 8 -1 -5 -2 14 -6 -3 10 13 -9 -7 18 15 -4 17 -15 19 -10 -21 -20
right_child=1 2 6 4 7 12 -8 11 9 -11 -12 -13 -14 16 -16 -17 -18 -19 21 20 -22 -23
leaf_value=-0.037541163981458986 -0.00013283618573298002 -0.013038679819019716 0.0093973855168484367 -0.03327669563546886 -0.0065696803813108011 -0.00843901409514272 0.020242586089784118 -0.028068484432743235 0.0045214705704608223 0.02425155305827047 0.022083139824411166 -0.0025630124564523012 -0.033410483297769314 -0.014156970990364708 0.012797983260760584 -0.010849271256371272 0.01186549796780299 0.015284370706552634 0.0014339499142798241 -0.021597551556828767 0.0174739996797935 0.012549050247823507
leaf_weight=258.04530493128073 80.543355413128666 126.6565206513842 181.98358387098415 168.36021231624841 330.66916283065802 66.73084201502661 674.01817713753553 192.05222172564027 224.53736242584273 53.163146944985783 62.672691112209577 59.504159155734669 209.11790982151615 238.34805476508336 1104.889321320552 103.60613513464341 54.268360910878982 26.115118882153183 472.71380654071982 127.65751938911126 32.059498832357349 365.45439457057364
leaf_count=383330 16697 23249 2139 135016 82060 45632 3365 111336 8950 1888 1313 18942 290396 22226 10940 2863 1729 1045 21698 14075 1255 14047
internal_value=-1.49828e-10 0.00571486 0.00831122 -0.023645 -0.0184368 -0.021781 0.013828 -0.0136562 0.00188424 0.00309629 0.00224911 -0.022364 -0.0278762 0.00130537 0.0105963 0.00193376 -0.00669629 -0.0107988 0.00342912 -0.00298707 -0.0131873 0.00637112
internal_weight=5213.17 4204.54 3848.14 1008.63 750.586 356.392 2064.5 582.226 1783.65 1656.99 1603.83 251.556 275.849 1541.15 1390.48 285.59 318.732 264.463 1222.42 384.254 159.717 838.168
internal_count=1214191 483507 130782 730684 347354 352725 19307 212338 111475 88226 86338 130278 336028 85025 15942 5002 25000 23271 60025 24280 15330 35745
is_linear=0
shrinkage=0.04


Tree=69
num_leaves=23
num_cat=0
split_feature=26 10 26 10 14 18 26 31 8 17 3 31 1 2 9 15 5 15 17 29 6 15
split_gain=424.755 179.979 79.6469 39.1997 32.4652 28.9734 28.5573 24.0387 20.7523 18.9827 17.5519 16.8845 16.6651 17.3907 16.5464 19.0664 16.3623 16.764 15.7238 15.3255 15.0922 14.7031
threshold=0.50981926918029796 0.0079072723165154474 0.78283172845840465 0.0072296061553061017 1.1306682825088503 5.3883748054504403 0.97964814305305492 7.3950848579406747 0.99376392364501964 9.5504422187805194 0.12835847586393359 0.89587974548339855 0.3476844877004624 0.050286956131458289 0.65613672137260448 3.5972183942794804 1.0041531920433047 4.6586997509002694 7.0084948539733896 0.16157710552215579 0.52260601520538341 4.5271940231323251
decision_type=2 2 2 2 2 2 2 2 2 2 2 2 2 2 2 2 2 2 2 2 2 2
left_child=3 5 8 -1 10 -2 19 18 9 12 -5 -7 14 -14 15 -3 -10 -18 -6 -4 -17 -21
right_child=1 2 6 4 7 11 -8 -9 16 -11 -12 -13 13 -15 -16 20 17 -19 -20 21 -22 -23
leaf_value=-0.036832882761909685 -0.00030138344898702438 -0.014874987545912748 0.022118848240445615 -0.0343437027420887 0.0043011034504200499 -0.0084116586527368028 0.019838650605676595 -0.020751151763075702 0.020850935505534299 -0.028430041236366419 -0.0076235871896257511 -0.03313161189072273 0.01432708230099135 -0.0076175090343666768 0.0096286222665064019 0.0033967656565807485 -0.0010626967967578092 0.014723325210664108 -0.01644273701716506 0.0055265995458857456 -0.02244065556513191 0.013948312099433683
leaf_weight=258.24187946569623 80.626632829053051 268.354300626037 142.8488804975932 211.13369718051922 167.9736255544376 66.365952337488125 665.27252998920449 220.12417078499129 99.556791027920553 33.641837509407196 56.071147806876979 202.94592141465182 167.12112542191608 78.130232844589045 99.614542532886844 253.45389070778037 356.61943175127089 143.42923760210397 77.410981369910587 958.46357652417646 31.929289419247652 518.56464329992014
leaf_count=384418 16697 37415 1236 181343 24046 45632 3365 113802 1606 6222 9581 290396 8010 5485 6075 25161 9253 2589 17494 14643 4698 5024
internal_value=-4.14598e-11 0.00560829 0.00813965 -0.0234031 -0.0182377 -0.0214618 0.0128542 -0.0114554 0.00106897 -0.00265913 -0.029214 -0.0275592 -0.00139204 0.0073116 -0.00472013 -0.00742641 0.00681382 0.00366511 -0.00263051 0.00988156 -0.00015583 0.00855727
internal_weight=5157.89 4166.94 3817 990.956 732.714 349.939 2285.15 465.509 1531.85 932.245 267.205 269.312 898.603 245.251 653.352 553.737 599.605 500.049 245.385 1619.88 285.383 1477.03
internal_count=1214191 483507 130782 730684 346266 352725 24268 155342 106514 93066 190924 336028 86844 13495 73349 67274 13448 11842 41540 20903 29859 19667
is_linear=0
shrinkage=0.04


Tree=70
num_leaves=23
num_cat=0
split_feature=26 10 26 12 26 18 26 8 0 3 3 8 1 31 3 3 18 2 31 18 9 15
split_gain=407.747 171.478 75.7417 40.1793 29.5303 27.7945 25.4203 23.1955 23.8186 21.2876 19.385 17.9528 17.1838 16.2786 15.5139 21.5567 15.9236 14.4305 14.3689 22.5591 20.8889 14.9734
threshold=0.50981926918029796 0.0079072723165154474 0.79685989022254955 0.0058303745463490495 0.30634529888629919 5.3883748054504403 0.97964814305305492 0.99376392364501964 0.13531847298145297 0.078328475356102004 0.0028937865281477575 0.53696358203887951 0.31541822850704199 0.89587974548339855 0.09343359619379045 1.0000000180025095e-35 1.5249283313751223 0.013473106548190119 7.2631113529205331 2.7466067075729375 0.99947062134742748 4.49422311782837
decision_type=2 2 2 2 2 2 2 2 2 2 2 2 2 2 2 2 2 2 2 2 2 2
left_child=3 5 7 -1 -5 -2 -4 8 18 10 11 12 -6 -7 15 -9 -17 -10 19 21 -20 -3
right_child=1 2 6 4 9 13 -8 14 17 -11 -12 -13 -14 -15 -16 16 -18 -19 20 -21 -22 -23
leaf_value=-0.037253509593806453 -0.00042291644582375656 0.011532401140224592 0.0098823258834216995 -0.032890657378650996 -0.02108221630395574 -0.0084300509677372945 0.01945447109269394 0.0068141557100285556 0.022799074563591412 -0.0027628444250505473 -0.034515135632972205 0.0072138923291854475 0.013286864979514037 -0.032889826578142954 0.013813369853467095 0.0050442672482451526 -0.028611645528355118 -0.00068955299094235016 -0.012965973581922113 -0.011957644207382975 0.013011673816664807 -0.01562041399807667
leaf_weight=242.79190781655029 80.016615279328107 214.03190166955028 1493.4498052303752 160.94192177952414 204.81217089174243 65.926930681149315 656.79652687645284 277.85383805385209 76.177162862630212 203.29766895139619 89.732873946381005 51.910082854155917 19.337774072806496 196.84064477230277 298.23647323982732 32.996553688513814 46.627025755296927 80.251054212159943 398.00906687612587 135.8338565575832 48.229858044505818 29.096268357796362
leaf_count=383330 16697 4813 18436 135016 93555 45632 3365 5679 1977 34271 72399 8506 3607 290396 5511 762 2263 4289 61748 17501 3508 930
internal_value=5.51767e-10 0.00549798 0.0079642 -0.0231615 -0.0180347 -0.0212059 0.0128827 0.00146601 -0.00242121 -0.013338 -0.0189854 -0.0129074 -0.0176763 -0.027287 0.00723428 0.00151894 -0.0156578 0.0114315 -0.00515262 0.000588994 -0.00993463 0.00779418
internal_weight=5103.2 4130.37 3787.59 972.824 730.032 342.784 2150.25 1637.34 981.629 569.091 365.793 276.06 224.15 262.768 655.714 357.477 79.6236 156.428 825.201 378.962 446.239 243.128
internal_count=1214191 483507 130782 730684 347354 352725 21801 108981 94766 212338 178067 105668 97162 336028 14215 8704 3025 6266 88500 23244 65256 5743
is_linear=0
shrinkage=0.04


Tree=71
num_leaves=23
num_cat=0
split_feature=26 10 10 8 13 26 4 18 18 9 9 8 1 13 8 3 4 27 23 29 15 6
split_gain=392.11 129.936 67.2124 60.4708 44.949 33.8434 31.4725 30.6525 22.7361 21.195 17.3239 17.4929 21.998 16.824 16.2281 15.8387 15.5642 15.9897 15.2492 14.5175 13.6788 12.9009
threshold=0.56282487511634838 0.022602157667279247 0.0046083058696240195 0.6613435447216035 0.005590044893324376 0.97964814305305492 0.71652734279632579 4.5545287132263192 2.0397878885269169 0.505079746246338 0.50192853808403026 0.49746057391166693 0.22614195942878726 0.73724994063377391 0.73941960930824291 0.13314308226108554 0.5033324956893922 0.69110804796218883 2.5000000000000004 0.93374615907669078 3.113268375396729 1.1913692355155947
decision_type=2 2 2 2 2 2 2 2 2 2 2 2 2 2 2 2 2 2 2 2 2 2
left_child=2 7 -1 6 14 20 8 -2 13 16 11 12 18 -3 15 -4 17 -10 -6 -9 -5 -12
right_child=1 3 4 5 10 -7 -8 19 9 -11 21 -13 -14 -15 -16 -17 -18 -19 -20 -21 -22 -23
leaf_value=-0.037253986655325665 0.0064527070512961308 -0.010100194127614497 -0.036721292589254897 0.0037355113197891539 -0.012302511698775007 0.020785361208934018 0.015340774722957327 -0.027608515817431321 -0.024509493484852443 0.0053615094056505977 0.011347029595180684 0.00068600422328775942 0.0030704469628202082 0.0060500989281951426 0.0013752521283119695 -0.0038178018336947057 0.00019382381874791783 0.017117682440169094 -0.029482791595501663 -0.001732601495614518 0.011570498328448572 -0.023024683281243675
leaf_weight=266.66358364078155 63.469315197824471 121.05636089044128 184.43413483556265 506.19875657631928 240.13767749414546 553.19092280592304 191.49981147909421 216.81640526933825 175.75761145554497 99.473708018005709 89.672341742290882 139.86739479622338 82.551233750142273 481.70153252510499 24.182334704761161 29.433416227511771 70.763251212134492 9.1306111183657759 143.10802239721306 42.601387692478966 1307.5912820317681 11.55836063166498
leaf_count=457196 5815 11089 231926 12024 47894 1934 3135 260665 24749 6128 6979 15483 15171 16580 3766 5445 3117 170 53941 11491 17771 1722
internal_value=-3.96256e-10 0.00626616 -0.0197445 0.0085071 -0.0144649 0.0121497 0.000965649 -0.017661 -0.00203703 -0.00992195 -0.00916421 -0.0117018 -0.0153578 0.00269462 -0.0292014 -0.0325658 -0.0158467 -0.0216809 -0.0193044 -0.0235812 0.00941635 0.00570535
internal_weight=5050.86 3839.25 1211.61 3516.36 944.945 2366.98 1149.38 322.887 957.883 355.125 706.895 605.664 465.797 602.758 238.05 213.868 255.651 184.888 383.246 259.418 1813.79 101.231
internal_count=1214191 374668 839523 96697 382327 31729 64968 277971 61833 34164 141190 132489 117006 27669 241137 237371 28036 24919 101835 272156 29795 8701
is_linear=0
shrinkage=0.04


Tree=72
num_leaves=23
num_cat=0
split_feature=26 10 26 12 26 18 26 8 7 3 9 31 2 15 31 13 2 9 29 14 9 6
split_gain=375.941 155.365 71.4526 38.8025 27.3573 24.7355 22.4724 21.2475 22.3852 20.0636 18.939 18.177 16.5254 15.2246 16.355 15.1496 14.6056 13.4364 13.3709 17.3154 12.5221 16.6616
threshold=0.50574043393135082 0.0079072723165154474 0.81158882379531871 0.0058303745463490495 0.30634529888629919 5.3883748054504403 0.97964814305305492 0.99376392364501964 0.53655022382736217 0.078328475356102004 0.84246250987052929 0.89587974548339855 0.085928969085216536 2.6735538244247441 7.8824751377105722 0.25072222948074346 0.050286956131458289 0.14168795943260196 0.47526836395263677 3.3924698829650883 0.33248037099838262 0.097571823745965972
decision_type=2 2 2 2 2 2 2 2 2 2 2 2 2 2 2 2 2 2 2 2 2 2
left_child=3 5 7 -1 -5 -2 13 8 10 12 17 -7 -6 14 -4 -12 -10 -3 19 -15 21 -11
right_child=1 2 6 4 9 11 -8 -9 16 20 15 -13 -14 18 -16 -17 -18 -19 -20 -21 -22 -23
leaf_value=-0.037342887982034008 -0.00085129931382778355 -0.0015233110703090013 0.008444830853021305 -0.032445317148742443 -0.021328699817710742 -0.0068889418677010837 0.018929834252256507 0.0069339024924602926 0.015322325872189792 -0.00077797447937604837 -0.022890879204231444 -0.032525361825340257 0.0088626505205637949 0.019151584690084513 -0.010979902365656187 0.016814806413653682 -0.0069791467322254351 -0.012381501652943994 0.0081369437931613168 -0.017410105749898805 0.01354571275555432 -0.030455928314972982
leaf_weight=225.01787591661332 79.161005090812978 351.94351025333162 176.63683083235082 153.44111030542672 319.68485606363902 65.130120146936861 637.71535440745356 708.0459186246153 156.63850589613867 119.70194246593383 9.3609459439467155 188.6421978681019 26.417621758071618 396.35307788159116 100.46505231555784 84.994295822063577 58.646659657024429 375.63320766522884 672.44686541230476 14.336034615524111 46.679065812211775 30.762185561266961
leaf_count=377256 16986 40401 2139 135016 170672 46538 3365 15162 5434 18138 2194 295307 4561 3352 2863 3146 2988 45614 7419 169 5015 10456
internal_value=3.68715e-10 0.00522808 0.0075714 -0.0229287 -0.0178106 -0.0205707 0.0127174 0.00164141 -0.00200317 -0.0131652 -0.00501477 -0.0264564 -0.0188401 0.009688 0.00126513 0.0110595 0.00920697 -0.00722104 0.0118116 0.0174918 -0.00277391 -0.00836545
internal_weight=4997.85 4076.15 3743.22 921.705 696.687 332.933 1997.95 1745.26 1037.22 543.246 821.932 253.772 346.102 1360.24 277.102 94.3552 215.285 727.577 1083.14 410.689 197.143 150.464
internal_count=1214191 493077 134246 721114 343858 358831 19307 114939 99777 208842 91355 341845 175233 15942 5002 5340 8422 86015 10940 3521 33609 28594
is_linear=0
shrinkage=0.04


Tree=73
num_leaves=23
num_cat=0
split_feature=26 10 26 10 8 22 8 9 28 1 13 0 3 5 31 22 5 17 17 0 5 8
split_gain=360.711 142.505 83.6019 50.3113 26.8266 27.9532 24.1106 25.7551 25.2438 20.9517 20.5778 18.7037 17.6283 17.585 17.086 16.4532 15.7731 15.719 15.0887 21.6908 16.7388 16.0567
threshold=0.73549595475196849 0.0028739577392116193 0.41950233280658727 0.23882629722356799 0.9234740436077119 46.500000000000007 0.61737444996833812 0.48486009240150457 0.30760459601879125 0.53617098927497875 0.31486493349075323 0.21919206529855731 0.16692169755697253 0.68139249086380016 8.1347699165344256 29.500000000000004 1.3527407646179201 6.4823350906372079 4.2696731090545663 0.030861798673868183 0.16370607167482379 0.70035317540168773
decision_type=2 2 2 2 2 2 2 2 2 2 2 2 2 2 2 2 2 2 2 2 2 2
left_child=1 -1 10 11 5 9 7 8 12 14 -3 -2 -4 15 -5 -10 -6 -14 -16 -20 -21 -22
right_child=3 2 6 4 16 -7 -8 -9 13 -11 -12 -13 17 -15 18 -17 -18 -19 19 20 21 -23
leaf_value=-0.034138454439524804 -0.019503791386739248 -0.030235906319411324 -0.0211802961910382 0.0027611381959316518 0.020857728733305835 0.018284604744729229 0.0031857234406629034 0.0059328680242733359 -0.0087835546460156098 0.012327850065331953 -0.011721372955074853 0.005850810784745448 0.011352439643960854 -0.018633684013080389 0.013050587561717501 0.015583196825587779 0.011785949866632783 -0.015951818795228234 0.0033170623198891364 0.015278690507871019 -0.041976839595549126 -0.0026772981890611745
leaf_weight=369.13677337512422 112.14224709088012 239.83943047954267 311.40562179061089 325.0593366768444 456.40714243241382 208.25402322490118 640.61199128567023 182.66336931937985 63.449679384564661 203.62042726529762 188.28434576020663 69.180366432097799 56.706562977517024 49.279666179463675 23.816913491871674 106.24419527596547 1142.2003556178097 58.621623777104105 51.381357835838571 7.3309758038958526 63.131826297321822 23.38273973116884
leaf_count=645103 61151 229205 93638 5918 3277 3357 33780 17346 9918 2648 43279 14525 4111 8469 804 11357 9667 9199 2428 175 4036 800
internal_value=-1.08797e-10 -0.0117249 -0.00720761 0.00989976 0.0113767 0.00578598 -0.0026149 -0.00708525 -0.0108023 0.00184979 -0.0225468 -0.01003 -0.0163597 0.0002695 -0.00262713 0.00649052 0.0144895 -0.00269179 -0.0125639 -0.0173347 -0.0278724 -0.0327331
internal_weight=4952.15 2266.24 1897.11 2685.91 2504.59 905.978 1468.98 828.371 645.707 697.724 428.124 181.323 426.734 218.974 494.103 169.694 1598.61 115.328 169.044 145.227 93.8455 86.5146
internal_count=1214191 1105405 460302 108786 33110 20166 187818 154038 136692 16809 272484 75676 106948 29744 14161 21275 12944 13310 8243 7439 5011 4836
is_linear=0
shrinkage=0.04


Tree=74
num_leaves=23
num_cat=0
split_feature=26 10 10 26 14 18 3 3 3 13 31 8 30 31 16 16 4 7 2 9 4 4
split_gain=347.242 106.118 70.3591 51.8242 42.7356 26.6242 24.4214 23.7137 59.021 23.6864 16.1187 15.5534 17.3704 15.3164 15.2125 13.4291 13.2481 25.8497 16.8399 13.5513 12.4166 13.2987
threshold=0.57520487904548656 0.022602157667279247 0.0046083058696240195 0.88382774591445934 1.1306682825088503 4.5545287132263192 0.12224456295371057 0.052800819277763374 1.0000000180025095e-35 0.99997213482856762 8.3079695701599139 0.72192299365997326 3.0577539205551152 0.89587974548339855 4.7276363372802743 4.7620799541473398 0.073672004044055953 0.43489180505275732 0.0040934951975941667 0.19445189833641055 1.1168596148490908 0.82934385538101207
decision_type=2 2 2 2 2 2 2 2 2 2 2 2 2 2 2 2 2 2 2 2 2 2
left_child=2 5 -1 7 6 -2 -4 8 16 -10 20 -12 -13 -7 -9 -6 18 19 -3 -18 21 -5
right_child=1 3 4 10 15 13 -8 14 9 -11 11 12 -14 -15 -16 -17 17 -19 -20 -21 -22 -23
leaf_value=-0.037000826151551112 0.0063194986835675964 -0.0059996951353598164 -0.033801233371476835 0.014718377245398496 -0.019760817828865154 -0.0043323971962350889 -0.0043932021272898433 -0.0053849943483499172 -0.045052205777158329 -0.007055778496778008 -0.0076982897210467098 0.016085803836991285 -0.0029745201313547878 -0.028254141409815782 0.0098940344009106618 -0.0053572332040529988 0.00065896224278543772 0.0075598469058876048 0.018874754922316942 -0.015556901526427833 0.00092987348717646161 0.026269942158686811
leaf_weight=251.29743146493956 60.476372414501384 55.495697119353281 192.76077884212236 584.60691960153054 119.66243404147463 61.212487079323182 62.369863327876374 110.99183620626718 49.597171130997594 54.838368945929687 78.946682044537738 276.99957169237314 100.50886126974365 173.17896393840965 925.14669240387593 590.29084266094287 156.57806800144317 363.47875880204083 141.6056318168994 162.36760566914745 70.570130335087015 258.29873340131599
leaf_count=474503 5402 3724 183853 3722 42054 33515 10827 5595 8238 3252 1563 1736 1044 221537 26795 152043 8486 9805 3695 11080 567 1155
internal_value=3.19099e-10 0.00612137 -0.0184428 0.00813421 -0.0132805 -0.0165275 -0.0270489 0.00402869 -0.000424764 -0.0274606 0.0141152 0.00772458 0.0110653 -0.0224398 0.00822151 -0.00802571 0.00305811 0.000363513 0.0119196 -0.00781812 0.0171902 0.0185247
internal_weight=4901.28 3684.9 1216.38 3390.03 965.084 294.868 255.131 2020.1 983.961 104.436 1369.93 456.455 377.508 234.391 1036.14 709.953 879.526 682.424 197.101 318.946 913.476 842.906
internal_count=1214191 350911 863280 90457 388777 260454 194680 80670 48280 11490 9787 4343 2780 255052 32390 194097 36790 29371 7419 19566 5444 4877
is_linear=0
shrinkage=0.04


Tree=75
num_leaves=23
num_cat=0
split_feature=26 10 26 12 26 26 18 3 8 7 9 3 31 2 9 8 29 1 22 3 3 26
split_gain=333.649 134.442 65.2684 36.2672 25.0704 23.7179 22.6336 19.152 19.0036 18.906 22.6659 18.3076 17.293 15.546 14.3533 13.5984 13.411 13.0335 12.731 14.0109 61.2705 12.9649
threshold=0.50574043393135082 0.0079072723165154474 0.78283172845840465 0.0058303745463490495 0.30634529888629919 0.97964814305305492 5.3883748054504403 0.22840274870395663 0.61393472552299511 0.53655022382736217 0.67959746718406688 0.078328475356102004 0.89587974548339855 0.085928969085216536 0.29263879358768469 0.045320698991417892 0.16157710552215579 0.0020891167223453526 23.500000000000004 0.059583939611911781 0.0028937865281477575 0.93302914500236522
decision_type=2 2 2 2 2 2 2 2 2 2 2 2 2 2 2 2 2 2 2 2 2 2
left_child=3 6 7 -1 -5 16 -2 8 9 10 15 13 -8 -6 -10 17 -4 -3 21 20 -20 -18
right_child=1 2 5 4 11 -7 12 -9 14 -11 -12 -13 -14 -15 -16 -17 18 -19 19 -21 -22 -23
leaf_value=-0.036904418640315025 -0.00074348073200930888 -0.023831782546714253 0.02042092943189399 -0.031777158920019331 -0.020818754297267473 0.018149621629671198 -0.0064208223577996975 0.011643540691445036 0.0080100465474261407 0.0079680632610224286 0.010123466030548086 -0.0027618699259745806 -0.031886183161222818 0.0087327938146735014 -0.0038286230507878476 -0.016128081827665591 -0.0084350377444127982 0.012115418751737153 0.008457603027043601 0.013081819998107123 -0.034851639315724305 0.012960740566606024
leaf_weight=204.77948635102075 77.145500819729023 11.810377970687112 137.27649833846954 143.59908804486895 307.14855185107626 612.26876935779001 63.20073272830632 205.27522517008765 406.85374354495434 112.61837057675439 71.553659149823943 192.64654875521228 174.65576515762496 25.867470742203295 262.17382769506366 358.93195832785932 137.5185542948966 53.146152266032004 552.52722678764258 641.73305396137584 47.747268709907075 55.568480634188745
leaf_count=377256 16986 3593 1236 135016 170672 3365 46538 9150 12712 5094 4867 33609 295307 4561 11126 59408 3111 4028 7137 7495 1470 454
internal_value=6.19874e-10 0.00492393 0.00709249 -0.0222347 -0.0172688 0.0114724 -0.0197622 0.000603919 -0.00124723 -0.00631373 -0.00965352 -0.0127862 -0.0256518 -0.0183356 0.00338273 -0.0131483 0.00877412 0.00327206 0.00752642 0.00900226 0.00449805 -0.00194256
internal_weight=4856.05 3982.01 3667 874.041 669.262 2184.64 315.002 1482.36 1277.09 608.061 495.442 525.663 237.856 333.016 669.028 423.888 1572.37 64.9565 1435.09 1242.01 600.274 193.087
internal_count=1214191 493077 134246 721114 343858 24268 358831 109978 100828 76990 71896 208842 341845 175233 23838 67029 20903 7621 19667 16102 8607 3565
is_linear=0
shrinkage=0.04


Tree=76
num_leaves=23
num_cat=0
split_feature=26 10 26 12 26 26 18 15 13 16 9 15 12 22 16 3 3 28 0 18 2 1
split_gain=320.147 128.741 61.3774 35.5431 27.3173 24.1589 21.3122 18.4462 20.2927 19.5589 17.615 15.2434 22.1616 16.9257 19.018 14.84 14.8104 14.647 13.9156 13.6174 13.5867 12.8033
threshold=0.50574043393135082 0.0079072723165154474 0.73549595475196849 0.0058303745463490495 0.97964814305305492 0.30634529888629919 5.3883748054504403 2.8617925643920903 0.00033657108724582946 4.6845293045043954 0.78465908765792858 4.9870197772979745 0.61206930875778209 31.500000000000004 4.973576784133912 0.23012495040893557 0.12224456295371057 0.50046288967132579 0.14260697364807132 8.998077869415285 0.056867305189371116 0.068527039140462889
decision_type=2 2 2 2 2 2 2 2 2 2 2 2 2 2 2 2 2 2 2 2 2 2
left_child=3 6 7 -1 11 -5 -2 15 -9 -10 16 12 18 14 -13 17 21 -3 -4 -8 -20 -7
right_child=1 2 4 5 -6 10 19 8 9 -11 -12 13 -14 -15 -16 -17 -18 -19 20 -21 -22 -23
leaf_value=-0.036759521199664337 -0.0010608858831958736 -0.015711470105072473 -0.018427039718102091 -0.031499151130938145 0.017812678665234762 -0.025428352423469622 -0.030929026142851115 -0.023603804720904141 -0.021380300847305991 0.0058086650031964693 0.0098793675683707186 -0.021010818315865088 0.0076088695325830904 0.018215147811622152 0.015311307862107597 0.0092885234330351268 -0.0037278018894341711 0.0057279195721346631 0.023084785180701731 -0.0075372693729165328 -0.010443644421558811 -0.0085131791966754217
leaf_weight=198.36360167629982 76.998936930346645 246.78587494684325 82.100035229428613 140.14822294738178 604.9535368517536 206.62866802024837 171.73953218133738 34.429033586522564 35.264389160656719 706.28468438588607 43.842400834138971 34.987126839223492 1335.8793739936082 349.6825183875917 37.527941180189373 58.123964411046472 142.00937905444152 58.07567094303522 26.301677952258615 61.093057887724171 32.56082151519513 128.17100755923093
leaf_count=377256 16986 32543 3597 135016 3365 116238 295120 11379 3991 44862 4378 812 21241 3633 379 3187 23662 3944 426 46725 887 64564
internal_value=-7.21358e-10 0.00482196 0.00694166 -0.0219848 0.0104317 -0.0170678 -0.0195389 -0.000755101 0.00272806 0.00424841 -0.0126628 0.00799941 0.00601074 0.0146557 -0.0026359 -0.00807479 -0.0148959 -0.0115751 -0.00863529 -0.0253544 0.00571467 -0.0193874
internal_weight=4811.95 3952.79 3642.96 859.163 2503.99 660.8 309.832 1138.96 775.978 741.549 520.651 1899.04 1476.84 422.198 72.5151 362.986 476.809 304.862 140.963 232.833 58.8625 334.8
internal_count=1214191 493077 134246 721114 34340 343858 358831 99906 60232 48853 208842 30975 26151 4824 1191 39674 204464 36487 4910 341845 1313 180802
is_linear=0
shrinkage=0.04


Tree=77
num_leaves=23
num_cat=0
split_feature=26 10 26 10 8 8 9 7 7 18 22 13 13 31 0 4 26 30 5 31 17 28
split_gain=306.939 125.124 72.2157 40.9608 23.8629 21.8572 23.0503 22.9652 21.2805 19.4211 18.2186 17.5815 17.0439 16.9738 16.4353 14.0124 15.5269 13.9648 13.8141 13.1082 21.5842 17.737
threshold=0.73549595475196849 0.0028739577392116193 0.41950233280658727 0.23882629722356799 0.9234740436077119 0.61737444996833812 0.47995047271251684 0.53048336505889904 0.9663875699043275 1.5249283313751223 46.500000000000007 0.31486493349075323 0.49230866134166723 7.0527195930480966 0.21919206529855731 1.1016471982002261 0.97964814305305492 0.079140055924654021 1.3527407646179201 8.0610079765319842 6.2176032066345224 0.76078021526336681
decision_type=2 2 2 2 2 2 2 2 2 2 2 2 2 2 2 2 2 2 2 2 2 2
left_child=1 17 11 14 8 6 7 9 10 13 19 -3 -10 -4 -2 16 18 -1 -6 -5 -21 -22
right_child=3 2 5 4 15 -7 -8 -9 12 -11 -12 -13 -14 -15 -16 -17 -18 -19 -20 20 21 -23
leaf_value=0.0053658065592331518 -0.018390494627215731 -0.029131617660560046 0.0058996273632140892 0.0033368938044669887 0.018289403223320417 0.0029320975751521918 0.0053399721695926239 0.0088726338969728775 -0.013841294888109271 -0.020036590097963578 0.013464707738554679 -0.011494518513387141 0.023154071970758468 -0.014752806535561297 0.0058642017216978997 -0.0008329932893108463 0.021313790562974579 -0.034966125295633768 0.0083608539528399785 0.0070066207101757913 -0.026646759984502159 0.006529337104274128
leaf_weight=11.754895636910303 105.90971987696139 221.90919518602163 118.05936354304868 366.13550934931845 346.63285000776523 625.06632993055973 181.22437421865288 77.482430392290553 16.382105646131095 305.50570451352542 168.63313761964673 182.33932495678346 133.03735937771853 118.56423281690513 66.467452723813039 100.57236572242982 399.6080160845886 318.76354956970044 706.73130259795289 76.984889179235324 94.952312666049693 29.670884155959357
leaf_count=15410 61151 229205 6727 6148 2858 33780 17664 5376 699 90524 3052 43279 1071 33747 14525 1072 1397 629693 7617 2611 5792 793
internal_value=-1.80309e-10 -0.0111252 -0.00693974 0.00921114 0.0105466 -0.00264881 -0.00698724 -0.0106203 0.00522324 -0.0135165 0.00232084 -0.0216458 0.0184842 -0.00462722 -0.00922932 0.0135291 0.0145221 -0.0334163 0.0117693 -0.00116491 -0.00911187 -0.0188498
internal_weight=4772.39 2160.67 1830.15 2611.72 2439.34 1425.9 800.836 619.612 885.796 542.129 736.377 404.249 149.419 236.624 172.377 1553.54 1452.97 330.518 1053.36 567.744 201.608 124.623
internal_count=1214191 1105405 460302 108786 33110 187818 154038 136374 20166 130998 18396 272484 1770 40474 75676 12944 11872 645103 10475 15344 9196 6585
is_linear=0
shrinkage=0.04


Tree=78
num_leaves=23
num_cat=0
split_feature=26 10 8 7 12 13 26 26 18 9 26 14 15 1 22 3 3 15 22 14 8 1
split_gain=295.861 117.451 58.9535 35.9583 34.0944 28.9534 23.3291 23.1381 20.1103 16.9529 17.313 27.6468 21.8992 17.9427 17.3345 16.5416 16.2715 16.109 15.5418 15.5335 14.6195 14.0461
threshold=0.50574043393135082 0.0079072723165154474 0.84331884980201732 0.9663875699043275 0.0058303745463490495 0.15012575685977939 0.97964814305305492 0.30634529888629919 5.3883748054504403 0.71485650539398204 0.93302914500236522 2.5404615402221684 3.5114340782165532 0.30867354571819311 29.500000000000004 0.078328475356102004 0.0028937865281477575 3.1984648704528813 16.500000000000004 1.149959444999695 0.045320698991417892 0.26889187097549444
decision_type=2 2 2 2 2 2 2 2 2 2 2 2 2 2 2 2 2 2 2 2 2 2
left_child=4 8 3 5 -1 -3 17 -6 -2 10 11 12 13 20 -14 16 19 -4 -15 -9 -7 -5
right_child=1 2 6 21 7 9 -8 15 -10 -11 -12 -13 14 18 -16 -17 -18 -19 -20 -21 -22 -23
leaf_value=-0.036458218264533229 -0.00097301784312663021 -0.017687105155385234 0.0023584668775178804 -0.0086246566866294335 -0.031121669272444856 0.0064702199281175604 0.019093029527222149 -0.029767768635718349 -0.02482544907882336 0.011781199951322915 0.01015131540463635 -0.017978474271928519 -0.0090834072106676187 -0.025096435997112559 0.010347208249422264 -0.0027660137516973267 -0.033172211217948659 0.011295319598504262 0.011306675459814735 -0.0060572889928223106 -0.019041143046014883 0.020887172281720569
leaf_weight=186.76177068104744 75.685493406994283 146.7140367346401 459.93409637902369 24.672951928856492 134.40768370336309 39.318651487395982 453.50997899699723 50.336016331491919 224.00992453834897 173.77935259995866 164.83772579365177 162.98570490643033 86.641898981106351 13.107573251123538 313.225764561088 189.10703033547543 75.821701202528857 1123.4195291343931 95.322349746333202 195.25839549074954 175.06899264039384 162.60627500285045
leaf_count=377256 16986 32513 10248 1288 135016 3186 1739 35350 341845 5181 1299 8331 7271 1209 19473 33609 71467 13902 4963 68416 22077 1566
internal_value=9.66075e-11 0.0046365 0.00665648 0.000788828 -0.02151 -0.00149827 0.0111197 -0.0166906 -0.0190276 0.000569322 -0.00137899 -0.00361435 -0.000173674 -0.00779374 0.00601815 -0.0123664 -0.017761 0.00873043 0.00515856 -0.0118914 -0.0142825 0.0167591
internal_weight=4726.53 3894.84 3595.14 1558.28 831.693 1371 2036.86 644.931 299.695 1224.29 1050.51 885.671 722.685 322.818 399.868 510.523 321.416 1583.35 108.43 245.594 214.388 187.279
internal_count=1214191 493077 134246 108357 721114 105503 25889 343858 358831 72990 67809 66510 58179 31435 26744 208842 175233 24150 6172 103766 25263 2854
is_linear=0
shrinkage=0.04


Tree=79
num_leaves=23
num_cat=0
split_feature=26 10 10 8 7 13 30 8 26 31 12 3 6 13 9 28 8 31 18 22 8 15
split_gain=284.087 90.5571 55.1449 47.0929 36.4466 34.8235 28.7013 24.4746 21.7004 20.494 24.3787 15.8129 15.2548 14.4352 14.2539 14.6847 18.5424 14.1002 14.2262 14.0173 13.8699 13.6869
threshold=0.56282487511634838 0.23882629722356799 0.0046083058696240195 0.67261725664138805 0.63371711969375621 0.0029985255096107726 2.9771189689636235 0.9234740436077119 0.85254633426666271 8.9077382087707537 0.61206930875778209 0.17430504411458972 0.61418080329895031 0.73724994063377391 0.50192853808403026 0.37478668987751013 0.47047016024589544 3.4334666728973393 7.0536787509918222 11.500000000000002 0.73941960930824291 2.6735538244247441
decision_type=2 2 2 2 2 2 2 2 2 2 2 2 2 2 2 2 2 2 2 2 2 2
left_child=2 6 -1 4 9 11 7 -2 12 10 -3 20 -5 -12 15 16 19 -9 -19 -7 -4 -10
right_child=1 3 5 8 -6 14 -8 17 21 -11 13 -13 -14 -15 -16 -17 -18 18 -20 -21 -22 -23
leaf_value=-0.036125978288185173 -0.019214504625056847 -0.022236286211588983 -0.03504642761142085 0.0092725542420882788 0.014988180695343035 0.012363728095896856 -0.02836560633393833 0.020356992549141882 0.0059712882777914625 -0.012772375009239841 -0.0085784582792721061 0.0038406849603161938 -0.0022823305806528018 0.0064923989439675499 0.0052211016167007162 0.0063605829989680715 -2.6100300616135928e-05 0.0043235795030708256 -0.028826949258524383 -0.019358419496691343 0.00026898270336406103 0.016575983164820791
leaf_weight=208.75038357233825 100.69536088990299 56.195343891275115 157.57749576730203 663.5556669459329 219.09806247943197 17.159554856905743 120.98621324873784 51.771982052501698 261.89658083330869 234.29023176930787 119.7524197545863 20.691579654827365 246.22216514182219 470.65091446512088 95.841319638249843 63.238645576158888 127.3526772447949 77.978042876948166 17.302562226817827 359.02661565008384 19.737819104149821 973.4054902807402
leaf_count=457196 94642 8141 229273 13114 3894 2150 112728 9480 2521 32923 8744 3046 7286 11233 8886 10773 17215 32058 31999 107512 3472 5905
internal_value=4.99449e-10 0.00536531 -0.018013 0.00750659 0.000765018 -0.0132551 -0.0131798 -0.00495109 0.010944 -0.00290115 0.000815663 -0.0276295 0.00615453 0.00334359 -0.00861278 -0.011002 -0.013264 0.00541744 -0.00386272 -0.0176287 -0.0313108 0.0143937
internal_weight=4683.18 3613.8 1069.38 3245.07 1099.99 860.626 368.734 247.748 2145.08 880.889 646.599 198.007 909.778 590.403 662.619 566.777 503.539 147.053 95.2806 376.186 177.315 1235.3
internal_count=1214191 374668 839523 93761 64935 382327 280907 168179 28826 61041 28118 235791 20400 19977 146536 137650 126877 73537 64057 109662 232745 8426
is_linear=0
shrinkage=0.04


Tree=80
num_leaves=23
num_cat=0
split_feature=26 12 12 26 13 31 8 0 3 31 16 3 30 8 14 28 9 28 29 5 22 8
split_gain=275.505 82.3166 52.9859 44.3742 33.1258 28.6988 21.9324 21.8254 18.0641 16.4353 25.8501 15.4037 13.6421 13.6242 13.5237 14.7403 13.2046 14.1525 25.4976 20.6645 17.8011 14.0084
threshold=0.56282487511634838 0.27862021327018743 0.0043681990355253228 0.78283172845840465 0.0029985255096107726 3.8064155578613286 0.9234740436077119 0.21484670788049701 0.15160694718360904 7.8824751377105722 4.757735252380372 0.17430504411458972 2.7886687517166142 0.73941960930824291 3.9034924507141118 0.30760459601879125 0.50192853808403026 0.098369751125574126 0.14922130107879641 0.43944992125034338 10.500000000000002 0.10507215186953546
decision_type=2 2 2 2 2 2 2 2 2 2 2 2 2 2 2 2 2 2 2 2 2 2
left_child=2 5 -1 8 11 6 -2 -7 -3 -5 14 13 -8 -4 15 -11 17 19 -19 20 -6 -20
right_child=1 3 4 9 16 7 12 -9 -10 10 -12 -13 -14 -15 -16 -17 -18 18 21 -21 -22 -23
leaf_value=-0.035994878809230635 -0.015323160918431644 -0.0021883745313292877 -0.034921619009845591 0.015026145253004672 0.015160267601499824 -0.026077016844786111 0.017755903325363261 0.0014298806271552688 0.0086462988557814008 0.0061871451893045796 0.0098304584009549344 0.0035838633217347162 -0.007515255057354865 0.00023730941905843926 0.015099018777691927 -0.025249006034475229 0.0046365425394206015 0.013085820516746807 0.0054869210906425062 -0.0023417632776938369 -0.025840135161053681 -0.021076256239614181
leaf_weight=201.29868135155084 79.930696544988677 772.45750137559662 153.5243429964712 943.22108068929083 11.981350404381372 182.68811255497894 93.929995377555315 59.370555994873939 349.52583241583488 29.952319729258306 944.06735413099523 20.820656095267623 44.067110825180862 19.615217380167451 20.404671363998204 65.788971991481958 95.708914730417746 86.689342725730967 40.299753300074372 119.50643576739458 208.57006120837286 96.343266839910939
leaf_count=454950 26551 52698 229544 6953 1180 208396 10388 29609 13656 720 12500 3055 11379 3524 216 1602 9204 10618 6500 21348 67129 32471
internal_value=-5.82555e-10 0.00529191 -0.0178761 0.00761975 -0.013233 -0.0103503 0.000267718 -0.0195412 0.00123346 0.0111724 0.00763548 -0.0274223 0.00972345 -0.031143 -0.00957085 -0.0157593 -0.00871 -0.0110186 -0.0030003 -0.0160485 -0.0230519 -0.0134021
internal_weight=4639.76 3585.4 1054.36 3125.42 853.059 459.986 217.928 242.059 1121.98 2003.43 1060.21 193.96 137.997 173.14 116.146 95.7413 659.099 563.39 223.332 340.058 220.551 136.643
internal_count=1214191 374668 839523 88345 384573 286323 48318 238005 66354 21991 15038 236123 21767 233068 2538 2322 148450 139246 49589 89657 68309 38971
is_linear=0
shrinkage=0.04


Tree=81
num_leaves=23
num_cat=0
split_feature=26 10 26 10 26 18 26 17 31 3 13 15 3 3 14 21 31 28 18 29 15 0
split_gain=264.532 101.182 54.8063 30.1851 20.848 20.0256 19.1939 17.5429 16.9719 15.74 15.1833 16.8657 20.7071 15.1789 14.0401 13.4196 12.8806 14.7741 13.2601 12.2703 12.6272 12.4669
threshold=0.50574043393135082 0.0079072723165154474 0.78283172845840465 0.0046083058696240195 0.30634529888629919 5.3883748054504403 0.97964814305305492 9.8548717498779315 0.89587974548339855 0.078328475356102004 0.013137524016201498 2.8617925643920903 0.22840274870395663 0.0028937865281477575 1.149959444999695 1.0000000180025095e-35 6.9275536537170419 0.58416205644607555 2.7765965461730961 0.16157710552215579 3.9981586933135991 0.049249609932303436
decision_type=2 2 2 2 2 2 2 2 2 2 2 2 2 2 2 2 2 2 2 2 2 2
left_child=3 5 7 -1 -5 -2 15 10 -7 13 -3 12 16 14 -6 19 18 -18 -12 -4 21 -21
right_child=1 2 6 4 9 8 -8 -9 -10 -11 11 -13 -14 -15 -16 -17 17 -19 -20 20 -22 -23
leaf_value=-0.035843570363571893 -5.8288087424994573e-05 -0.013463220779000796 0.019801058015153066 -0.03050376548719232 -0.029248015063757637 -0.0050983299549617065 0.016674635362051032 -0.024139160818047598 -0.030794980423418074 -0.0028168701245613681 0.011019493743896333 0.0051964301676127589 0.013250128948337919 -0.032912366290083137 -0.0062064727594940815 -0.021106713402995667 -0.020724985603712238 0.008146536972195334 -0.012022291298502536 -0.0055887085542110897 0.01100660624448898 0.0064435303873919096
leaf_weight=167.88287685317573 74.619775729326648 97.113970890455676 130.64412212760362 126.92497667776297 47.869963687091513 61.13369031844195 565.8927369339508 35.769715297356015 152.45694590017774 186.22823781550323 74.342950189486146 904.119125247591 74.07825303284335 71.911692927558761 189.42987777851886 15.815450568567028 149.9341388705725 28.813351014439831 65.941510033117083 178.66889811457804 682.37838087608543 511.10232324460958
leaf_count=375699 16986 22990 1202 135502 35468 46538 3365 5382 295307 34013 1291 49669 3443 71694 68738 584 18700 1438 7065 3209 7299 8609
internal_value=3.58127e-11 0.00438826 0.00627079 -0.0209081 -0.0163762 -0.0180089 0.0103924 0.000232794 -0.0239971 -0.012225 0.00102546 0.00220481 -0.00463388 -0.0176254 -0.0118493 0.00795761 -0.00906299 -0.015886 0.000109297 0.00840099 0.00718016 0.00329154
internal_weight=4593.07 3802.83 3514.61 790.248 622.365 288.21 2084.5 1430.11 213.591 495.44 1394.34 1297.23 393.11 309.212 237.3 1518.61 319.032 178.747 140.284 1502.79 1372.15 689.771
internal_count=1214191 493077 134246 721114 345415 358831 24268 109978 341845 209913 104596 81606 31937 175900 104206 20903 28494 20138 8356 20319 19117 11818
is_linear=0
shrinkage=0.04


Tree=82
num_leaves=23
num_cat=0
split_feature=26 12 26 12 8 7 30 23 5 8 9 26 26 4 18 22 1 0 18 9 8 17
split_gain=255.587 94.6048 52.2594 40.5606 25.2814 20.823 19.3954 19.2652 17.5987 16.3244 15.5834 15.0965 14.7345 14.5108 13.2001 13.0047 13.5039 12.2075 12.0013 12.3168 13.5907 12.0906
threshold=0.68439850211143505 0.0026703459443524484 0.41950233280658727 0.27862021327018743 0.72192299365997326 0.65954312682151806 2.9771189689636235 2.5000000000000004 0.81544783711433422 0.9234740436077119 0.65613672137260448 0.97964814305305492 0.93302914500236522 0.2909474521875382 5.0890688896179208 15.500000000000002 0.23951384425163272 0.08575760200619699 2.0397878885269169 0.48288759589195257 0.47432716190814977 8.5172929763793963
decision_type=2 2 2 2 2 2 2 2 2 2 2 2 2 2 2 2 2 2 2 2 2 2
left_child=1 14 15 6 5 8 9 17 18 -2 12 -6 13 -10 -1 -3 -17 -4 21 20 -20 -5
right_child=3 2 7 4 11 -7 -8 -9 10 -11 -12 -13 -14 -15 -16 16 -18 -19 19 -21 -22 -23
leaf_value=0.0017488408371409423 -0.014274138486809767 0.00038954407646338377 -0.0013864953942204822 0.01224584226738972 0.0093824474623932577 0.014570378486774121 -0.020424280760724636 -0.0090748620933127928 0.000788915755759767 0.0086745139563222957 0.01151463228625935 0.018108271217883446 0.0042779720591855867 -0.025794318700105869 -0.03638457600237912 -0.025430675024896675 0.0041861763121721299 0.013027571930294898 -0.02513225283802354 0.011095510288217255 0.0069991916946476338 -0.013914551597958427
leaf_weight=14.470675409984095 65.877658828886524 41.295543801669282 456.92012988695933 247.07105636259075 1275.5870822057332 186.7312802610686 95.323125711769535 515.02037031542386 44.139089709875407 133.27160856963383 44.435027508588973 443.40183131301455 56.65036747395061 112.21957234042929 239.96908270094832 311.93482897698823 23.850919682363383 107.88652309133249 49.017495449574199 39.026911175489658 27.178344850195572 23.398656345554627
leaf_count=15435 25517 21114 56229 5751 15601 2730 60813 115417 1837 41247 1073 1752 416 6079 572733 242730 12249 7799 4163 1366 930 1210
internal_value=-8.52375e-10 -0.0121728 -0.00811327 0.00734358 0.00896692 0.0031824 -0.00654058 -0.00355661 -0.000296497 0.000763681 -0.00821829 0.0117249 -0.0126664 -0.0186937 -0.0342317 -0.0207329 -0.0232668 0.00154555 0.00506524 -0.0054227 -0.0141889 0.00956725
internal_weight=4554.68 1711.35 1456.91 2843.33 2548.86 829.868 294.472 1079.83 643.137 199.149 257.444 1718.99 213.009 156.359 254.44 377.081 335.786 564.807 385.692 115.223 76.1958 270.47
internal_count=1214191 1043706 455538 170485 42908 25555 127577 179445 22825 66764 9405 17353 8332 7916 588168 276093 254979 64028 13420 6459 5093 6961
is_linear=0
shrinkage=0.04


Tree=83
num_leaves=23
num_cat=0
split_feature=26 10 26 12 26 0 8 15 18 22 31 5 12 7 1 9 1 31 18 15 31 16
split_gain=243.961 93.8382 51.3013 30.5437 20.1806 18.2096 21.5053 18.1078 17.7131 17.5849 16.2045 15.8492 16.9825 14.47 17.5464 14.2964 13.3379 11.9896 16.2715 12.4992 11.0671 13.6012
threshold=0.50574043393135082 0.0079072723165154474 0.81158882379531871 0.0058303745463490495 0.30634529888629919 0.1031555086374283 0.490016520023346 2.6735538244247441 5.3883748054504403 18.500000000000004 0.89587974548339855 0.050143342465162284 0.92139831185340892 0.08657569065690042 0.024989377707242969 0.78465908765792858 0.02065281663089991 6.7254376411437997 2.4138631820678715 4.9522936344146737 8.0610079765319842 4.9804074764251718
decision_type=2 2 2 2 2 2 2 2 2 2 2 2 2 2 2 2 2 2 2 2 2 2
left_child=3 8 5 -1 -5 6 11 -4 -2 -9 -10 16 -13 14 -8 17 -3 18 -6 -19 -11 -22
right_child=1 2 7 4 15 -7 13 9 10 20 -12 12 -14 -15 -16 -17 -18 19 -20 -21 21 -23
leaf_value=-0.035747328484773008 -0.00069078550876726418 -0.015892194978645999 0.0028414857049583577 -0.030051388896714753 0.007041940749639505 0.0087727338870494404 0.001636767392282191 -0.0057973250993220704 -0.0049405472098753411 0.016887634578682958 -0.030326154946112866 -0.024305889972898415 -0.0057473929613456633 -0.0020359424862308149 0.019983152329631479 0.0090161197464412538 0.014409276680517422 -0.022922689744599847 -0.015966756318365766 0.00027275428404814595 0.003108931074143075 0.015163812297625255
leaf_weight=160.663956855999 73.956625464184981 23.515139630053454 388.58801187338395 121.18378207712431 83.587445675344497 353.31544689536531 224.90385765241081 73.191529129559058 60.253903932603862 770.33326061387197 145.60587163507307 111.76961609422142 250.18657338241246 479.54647038615076 124.47754255008476 41.619429020895041 69.726680227584438 219.11710969239175 96.031321842314355 44.089742639767792 298.66159857535968 304.00530431332299
leaf_count=377256 16986 5276 6007 135016 17396 14390 8654 1213 46538 5128 295307 30924 23444 25523 3179 4378 3549 133815 33213 20040 3967 2992
internal_value=3.19939e-10 0.00421282 0.00602283 -0.020416 -0.0158342 0.000864013 -0.00136297 0.0105971 -0.0176802 0.0126472 -0.023469 -0.00825227 -0.0119775 0.00247349 0.00854738 -0.011742 0.00596827 -0.013849 -0.00545273 -0.0191695 0.0136653 0.00933807
internal_weight=4518.33 3752.04 3472.22 766.293 605.629 1637.44 1284.13 1834.78 279.816 1446.19 205.86 455.198 361.956 828.928 349.381 484.445 93.2418 442.826 179.619 263.207 1373 602.667
internal_count=1214191 493077 134246 721114 343858 114939 100549 19307 358831 13300 341845 63193 54368 37356 11833 208842 8825 204464 50609 153855 12087 6959
is_linear=0
shrinkage=0.04


Tree=84
num_leaves=23
num_cat=0
split_feature=26 10 8 7 12 13 26 17 26 5 8 24 28 3 4 15 28 27 9 6 28 4
split_gain=234.339 89.8975 50.053 33.0885 29.6092 23.36 19.424 19.3027 18.7831 19.747 17.3909 27.3497 17.6579 14.4855 13.004 12.6108 14.0005 11.967 11.7047 16.0671 16.9225 11.5903
threshold=0.50574043393135082 0.0079072723165154474 0.9234740436077119 0.9663875699043275 0.0058303745463490495 0.14638990908861163 0.30634529888629919 9.8548717498779315 0.85254633426666271 1.3527407646179201 0.99376392364501964 1.8688347935676577 0.39867605268955236 0.12099079042673112 1.1168596148490908 1.8688347935676577 0.72339150309562694 0.78077369928359996 0.71485650539398204 0.37499284744262701 0.37197098135948187 0.2909474521875382
decision_type=2 2 2 2 2 2 2 2 2 2 2 2 2 2 2 2 2 2 2 2 2 2
left_child=4 10 3 5 -1 -3 -6 18 15 -10 17 12 -12 -8 -5 16 -4 -2 19 20 -7 -21
right_child=1 2 8 14 6 7 13 -9 9 -11 11 -13 -14 -15 -16 -17 -18 -19 -20 21 -22 -23
leaf_value=-0.035546808768897445 -0.03341908215175092 -0.016287257010115696 -0.014143083167911191 0.021233525971406177 -0.029785445051360066 -0.0025227077938068145 -0.016246917574948255 -0.028145905162912613 0.023523414036293509 0.010497670539295175 -0.018054375897577319 -0.025750057841092043 0.015878902003267518 -0.0012551123027887076 -0.0040282464508106406 0.0073228226108550858 0.023949327902313886 0.0043009832452258843 0.010462513152332341 0.0035335427862232057 0.01040740035106855 -0.011553248089161883
leaf_weight=155.66621593749346 98.852991668309187 145.13171058052831 78.33244345523417 144.2873841680921 118.56633056667238 357.14776380483818 328.16937571665767 27.279708470756304 248.98330765425635 817.04972624686343 26.249762943931273 69.165404726185443 68.401114232032342 150.91913757801376 37.71833423996577 756.75167757466261 9.3068953799665888 12.93315770801564 170.66500467919104 110.8576640705287 281.76791266635701 261.43630652793217
leaf_count=377256 185819 32582 3039 1872 135016 31286 184055 3481 1206 5978 38657 86035 40814 24787 994 14467 176 7506 5144 9466 9184 15371
internal_value=6.72019e-10 0.00413001 0.00590204 0.000517067 -0.020194 -0.00167436 -0.015676 0.000198796 0.0102072 0.0137303 -0.017462 -0.00833096 0.00564216 -0.0116465 0.0160612 0.00565067 -0.00805931 -0.0290602 0.0010837 -0.000586144 0.0032521 -0.00708595
internal_weight=4475.64 3722.32 3446.72 1536.29 753.321 1354.29 597.655 1209.15 1910.42 1066.03 275.602 163.816 94.6509 479.089 182.006 844.391 87.6393 111.786 1181.87 1011.21 638.916 372.294
internal_count=1214191 493077 134246 109380 721114 106514 343858 73932 24866 7184 358831 165506 79471 208842 2866 17682 3215 193325 70451 65307 40470 24837
is_linear=0
shrinkage=0.04


Tree=85
num_leaves=23
num_cat=0
split_feature=26 10 14 10 8 3 16 30 28 8 9 22 28 27 26 27 31 18 18 1 15 2
split_gain=225.961 87.9329 47.3367 40.2265 25.7445 23.5589 22.7312 20.4889 19.9862 20.9209 29.4086 19.397 18.5205 17.0285 13.1969 12.8469 13.0382 19.5878 12.2929 12.1777 12.1549 12.1415
threshold=0.68439850211143505 0.0028739577392116193 1.1306682825088503 0.74085366725921642 0.72192299365997326 0.072977595031261458 4.739781618118287 1.0764033198356631 0.36323258280754095 0.49746057391166693 0.47995047271251684 46.500000000000007 0.71719485521316539 0.36819674074649816 0.97964814305305492 0.69110804796218883 6.7928600311279306 3.757416963577271 5.0890688896179208 0.0043939366005361089 4.7578821182250985 0.051362669095397002
decision_type=2 2 2 2 2 2 2 2 2 2 2 2 2 2 2 2 2 2 2 2 2 2
left_child=1 18 5 7 11 -3 -4 -2 9 10 -8 12 15 -9 -6 16 17 -5 -1 -7 -19 -18
right_child=3 2 6 4 14 19 8 13 -10 -11 -12 -13 -14 -15 -16 -17 21 20 -20 -21 -22 -23
leaf_value=0.0013048574268685826 0.0079343614335825267 -0.032674425199792759 -0.017785524435122241 0.015205172256318024 0.009045759962095154 -0.01816868863637934 -0.016014445951020473 -0.031122398344482084 0.0085591450426745937 0.0016564592714946975 0.0094797189140677918 0.013638489372989995 0.011062690110526763 -0.0049425188824764642 0.017286796306143805 0.014912322756108943 -0.0039853716447449681 -0.025327781593445921 -0.035977311677903447 0.012228199227865116 0.009728524496311175 -0.019849819931777254
leaf_weight=14.337274736553807 75.443548237568393 152.53496861559643 167.52856571307711 82.216600230429322 1286.1180811000086 32.881575041032193 350.08938667123039 62.340772201192522 207.9171545342997 390.47004118772747 83.484990540859144 185.02237128111301 151.05230666555872 98.603039817400713 431.42969314067159 40.010440812475281 187.7445607201953 34.914710806682706 222.34458694650175 31.961210155095614 17.788793782005087 129.33123600526596
leaf_count=15929 21529 182715 49410 668 16522 10176 123373 56176 26503 38140 8720 4481 2404 47962 1813 563 9175 2747 582135 6605 584 5861
internal_value=2.82808e-10 -0.0116699 -0.00776949 0.00695319 0.00842206 -0.0245263 -0.00455507 -0.00856477 -0.00225716 -0.00505616 -0.0110025 0.00258733 -0.000752488 -0.0163106 0.0112039 -0.00452801 -0.00653439 0.00369116 -0.0337576 -0.00355401 -0.0138309 -0.0108653
internal_weight=4435.57 1653.55 1416.87 2782.02 2545.63 217.378 1199.49 236.387 1031.96 824.044 433.574 828.081 643.059 160.944 1717.55 492.006 451.996 134.92 236.682 64.8428 52.7035 317.076
internal_count=1214191 1043706 445642 170485 44818 199496 246146 125667 196736 170233 132093 26483 22002 104138 18335 19598 19035 3999 598064 16781 3331 15036
is_linear=0
shrinkage=0.04


Tree=86
num_leaves=23
num_cat=0
split_feature=14 10 12 8 28 8 7 9 8 16 30 8 3 17 5 22 4 30 27 15 9 6
split_gain=189.47 81.2226 51.9233 41.9019 30.1852 28.2576 26.7859 25.3305 20.0304 19.7599 15.4918 14.0762 13.9062 17.5934 13.6716 12.8308 12.5301 12.4855 12.4543 12.4703 12.3783 15.3979
threshold=1.8815903663635256 0.23882629722356799 0.0033277962356805806 0.42941102385520941 0.22080404311418536 0.99376392364501964 0.80224251747131359 0.37332038581371313 0.18844956904649737 4.739781618118287 2.9771189689636235 0.99376392364501964 0.05583061836659909 6.4002559185028085 1.1737825870513918 18.500000000000004 1.1168596148490908 1.980674207210541 0.70287111401557933 6.4960203170776376 0.71485650539398204 0.47167409956455236
decision_type=2 2 2 2 2 2 2 2 2 2 2 2 2 2 2 2 2 2 2 2 2 2
left_child=2 10 -1 4 7 6 20 12 -6 -5 11 -2 -4 -14 -13 -15 -8 -11 19 -7 21 -3
right_child=1 5 3 9 8 18 16 -9 -10 17 -12 14 13 15 -16 -17 -18 -19 -20 -21 -22 -23
leaf_value=-0.031796765363733277 -0.02215919765945602 0.0014899356085672564 -0.027618129803696757 -0.022000672854116918 0.010313675792079169 0.0082656618084039016 0.020129072701710764 0.0016165227138435832 -0.01513671979742265 0.013414597825701653 -0.026294185674734741 0.026065500473686078 0.0011904698902435492 0.0055748336699014446 -0.0052512475577957962 -0.029110905746773823 -0.0048677375897305183 -0.0056592390362327095 0.020639416515613882 0.024935257074302677 0.0092917416809343966 -0.010019610823927532
leaf_weight=195.29238837889193 53.725893083232677 521.64574826712487 302.00424234626848 31.681430072825606 109.17827437053529 1508.9073864637612 156.61935673603512 81.190224574311287 74.606670398608912 171.73724800014679 107.91952633141773 17.792972845276381 83.248969837090044 17.416905012134521 103.17994276251557 81.943584108355935 35.511757028754801 72.010857355908229 166.51632555114338 68.667294890241465 160.14959594680113 277.21600666598533
leaf_count=468305 63877 31962 247272 9567 21155 20704 1971 13449 25797 24492 125084 4655 14788 2850 66902 25101 934 15960 1022 443 6215 21686
internal_value=4.36549e-10 0.00514598 -0.0133337 -0.0095428 -0.0143943 0.0071551 0.002263 -0.0188993 -0.000265766 0.00370247 -0.0149772 -0.0069411 -0.0222996 -0.0125264 0.000993349 -0.023077 0.0154966 0.00777863 0.0103527 0.00914374 -0.000520828 -0.00257853
internal_weight=4398.16 3177.85 1220.31 1025.02 749.589 2895.23 1151.14 565.804 183.785 275.43 282.618 174.699 484.614 182.609 120.973 99.3605 192.131 243.748 1744.09 1577.57 959.011 798.862
internal_count=1214191 345455 868736 400431 350412 84937 62768 303460 46952 50019 260518 135434 290011 42739 71557 27951 2905 40452 22169 21147 59863 53648
is_linear=0
shrinkage=0.04


Tree=87
num_leaves=23
num_cat=0
split_feature=26 10 10 26 14 3 26 15 30 5 28 9 15 28 4 1 1 16 15 1 2 1
split_gain=208.434 59.0029 50.6409 36.8156 28.3058 22.4227 15.4433 15.2814 12.5313 12.3703 13.4775 14.9651 12.312 17.069 12.2748 22.0252 18.3305 14.2537 13.3818 15.7787 12.2729 12.1573
threshold=0.57768526673316967 0.002432426437735558 0.0046083058696240195 0.78283172845840465 1.1306682825088503 0.12224456295371057 0.97964814305305492 1.4978661537170412 0.79979994893074047 0.027373435907065872 0.070793844759464278 0.34299103915691381 3.9981586933135991 0.052150862291455276 0.073672004044055953 0.022796372883021835 0.3476844877004624 4.9830598831176767 3.5408543348312382 0.078270144760608687 0.0027281832881271843 0.58117738366127025
decision_type=2 2 2 2 2 2 2 2 2 2 2 2 2 2 2 2 2 2 2 2 2 2
left_child=2 8 -1 7 5 -4 12 -3 21 10 11 -6 13 -5 15 -9 17 20 -19 -20 -16 -2
right_child=1 3 4 6 9 -7 -8 14 -10 -11 -12 -13 -14 -15 16 -17 -18 18 19 -21 -22 -23
leaf_value=-0.03507745438141379 -0.014544435621294507 -0.012883198987722895 -0.031727308815140458 0.024014626098015045 -0.015511778076035257 -0.0019942676014299602 0.015245727301069418 -0.00067490312223939333 -0.022063855526969982 -0.010590065642206509 0.013664532744373323 0.014547788577724905 0.010870311566070205 0.0017852952306228412 0.0019614401919954951 0.020547633454721829 0.007328477308285365 -0.0079806884251145162 -0.022020767372183343 0.01550277331114964 -0.018201356096770791 0.021928550874948535
leaf_weight=171.50856694947265 21.843344666365738 114.02537371530343 149.67386509914036 50.175125770459999 81.338988800136576 56.293975247866911 525.62402717698569 179.25108702340367 141.357339110049 457.21682141647398 75.056536698437412 28.3800125736052 731.70308163030495 707.67058677060049 64.70250948809371 128.01496701229189 265.98451603628382 118.07319129913412 12.149459965163258 107.06600826501381 161.62173504479506 17.195768382705864
leaf_count=477935 34947 11764 183875 498 17621 10828 3410 8530 208423 165281 10300 2073 8319 13418 4328 3392 14859 10622 843 5865 14727 2333
internal_value=5.17202e-11 0.00482925 -0.0157452 0.00611307 -0.0114718 -0.0240695 0.00935963 0.000396783 -0.0168402 -0.00712291 0.0015596 -0.00717084 0.00719475 0.00355063 0.00196632 0.00853591 -0.000878437 -0.00564224 0.00123333 0.0102704 -0.012598 0.00271661
internal_weight=4365.93 3346.46 1019.47 3166.06 847.96 205.968 2015.17 1150.89 180.396 641.992 184.776 109.719 1489.55 757.846 1036.86 307.266 729.597 463.613 237.289 119.215 226.324 39.0391
internal_count=1214191 346278 867913 100575 389978 194703 25645 74930 245703 195275 29994 19694 22235 13916 63166 11922 51244 36385 17330 6708 19055 37280
is_linear=0
shrinkage=0.04


Tree=88
num_leaves=23
num_cat=0
split_feature=26 12 8 12 7 13 17 26 26 18 31 3 5 17 14 1 18 31 22 17 27 8
split_gain=202.973 72.9331 49.0912 26.4702 26.2998 20.662 17.0947 16.8574 15.323 15.2536 13.2837 13.0545 12.7335 12.9445 12.2878 11.6296 11.5208 26.6021 18.2581 13.8356 13.8682 14.3673
threshold=0.50574043393135082 0.0026703459443524484 0.9234740436077119 0.0058303745463490495 0.80224251747131359 0.14638990908861163 9.8548717498779315 0.30634529888629919 0.97964814305305492 5.8130505084991464 1.0000000180025095e-35 0.12099079042673112 1.1192067265510561 8.4767880439758319 1.149959444999695 0.28495527803897863 3.1146284341812138 6.3935852050781259 46.500000000000007 6.2176032066345224 0.27807185053825384 0.75525185465812694
decision_type=2 2 2 2 2 2 2 2 2 2 2 2 2 2 2 2 2 2 2 2 2 2
left_child=3 9 4 -1 5 -3 16 -5 12 -2 -11 14 13 -4 -9 -6 17 -7 19 -19 21 -21
right_child=1 2 8 7 15 6 -8 11 -10 10 -12 -13 -14 -15 -16 -17 -18 18 -20 20 -22 -23
leaf_value=-0.034846631546342113 0.0012545023806021882 -0.016040478331593597 0.018942622856022159 -0.028805204352781923 -0.0086678996985091877 0.01960241819536257 -0.0274212155911767 -0.030255871231361343 0.01651179660744645 -0.0036735492487219553 -0.030705829416404495 -0.0013140190802572132 0.0059077081361888894 -0.0096762883842013772 -0.010900430525144323 0.017050035326959388 -0.0079546240256219997 0.0034368408274432056 0.010528473569415766 -0.017447833931272617 0.0016072767807699087 0.010107424451371434
leaf_weight=138.73318474183566 46.738582635901821 141.73709004702505 215.03266505363899 109.86631662398281 27.033672585304885 114.3511097810333 26.219796273599059 66.398764364566887 396.28388465666649 41.501551821643261 117.87939121806858 146.52263864111228 1259.2578841206914 22.343108484854383 247.92474275380846 168.12589667951943 202.49781901989172 273.14140217825479 185.67318133421213 210.77801672888017 143.50905135575522 28.415079974220134
leaf_count=377256 24517 33045 3404 135016 1554 1352 3714 65437 1759 44133 274510 24787 26703 707 118618 2334 23202 14005 9055 22689 5529 865
internal_value=-1.25289e-10 0.00384636 0.00525901 -0.0194098 -9.64247e-05 -0.00214299 -0.000359778 -0.0151219 0.00954147 -0.0187149 -0.0242993 -0.0113172 0.0075985 0.0159666 -0.015796 0.0132387 0.000482216 0.00233339 -0.000215894 -0.00337013 -0.00819219 -0.0139001
internal_weight=4329.96 3620.52 3414.4 709.446 1521.48 1326.32 1184.59 570.712 1892.92 206.12 159.381 460.846 1496.63 237.376 314.324 195.16 1158.37 955.868 841.517 655.844 382.702 239.193
internal_count=1214191 493077 149917 721114 117344 113456 80411 343858 32573 343160 318643 208842 30814 4111 184055 3888 76697 53495 52143 43088 29083 23554
is_linear=0
shrinkage=0.04


Tree=89
num_leaves=23
num_cat=0
split_feature=26 10 8 12 27 2 26 26 18 3 3 13 31 2 17 27 13 18 3 13 15 5
split_gain=193.32 73.0117 44.7399 25.848 24.6492 22.2162 18.3666 16.2511 15.8046 15.6808 28.0336 35.1809 14.6492 14.6034 14.0369 19.2097 13.9565 13.0561 12.2605 12.2011 15.0783 17.0164
threshold=0.50574043393135082 0.0079072723165154474 0.67261725664138805 0.0058303745463490495 0.26217064261436468 0.061383968219161041 0.97964814305305492 0.30634529888629919 5.3883748054504403 0.095001231878995909 1.0000000180025095e-35 0.99997213482856762 0.89587974548339855 0.011958692222833635 6.2176032066345224 0.021151367574930195 0.96732208132743847 2.200737833976746 0.12099079042673112 0.99865356087684642 5.1445789337158212 1.3133918046951296
decision_type=2 2 2 2 2 2 2 2 2 2 2 2 2 2 2 2 2 2 2 2 2 2
left_child=3 8 4 -1 14 -6 9 -5 -2 10 -4 -12 -10 -13 16 -16 -3 -18 -9 -11 21 -21
right_child=1 2 6 7 5 -7 -8 18 12 19 11 13 -14 -15 15 -17 17 -19 -20 20 -22 -23
leaf_value=-0.034627273389945798 -8.5675400045863768e-05 -0.012862991940045795 0.0069049750290672016 -0.028472545322468845 0.012521177014159605 -0.0042595865633715405 0.016069446061638043 -0.015522800819586591 -0.0044025064959253351 0.021425683096375311 -0.035817736827510792 0.016912398903851895 -0.029362477845564526 -0.0078145668343876165 6.7855303769565607e-05 -0.017442139384547126 0.011760142022323578 -0.0096077724276515102 -0.0014383947341341471 0.013280862171834346 0.020411563907155608 -0.0016397113409051911
leaf_weight=134.23167518061541 69.520150248864411 74.438664907334896 759.28621946893691 107.36934385660993 303.04804976648666 204.83872456673635 436.38178420747863 310.264139838343 57.122683285988387 143.11437532393029 48.944714606419438 47.790771902393317 128.5530597286006 102.86246975554968 167.72302123335612 238.89212005794616 161.14941431391344 53.961461245911778 146.24433047232014 209.69146643449494 122.74540202157368 271.52976305131233
leaf_count=377256 16986 12963 14394 135016 12754 8708 1927 184055 46538 2314 3110 800 295307 2303 19260 33045 5798 6589 24787 3929 1246 5106
internal_value=1.17903e-10 0.0037469 0.00533395 -0.0191105 -0.000833956 0.00580167 0.00878824 -0.0148776 -0.0164806 0.00684293 0.0034019 -0.00961773 -0.022301 0.000593883 -0.00568858 -0.0103912 0.00104183 0.00621122 -0.0111384 0.0111563 0.0084135 0.00499992
internal_weight=4299.7 3601.59 3346.4 698.109 1204.05 507.887 2142.35 563.878 255.196 1705.97 958.884 199.598 185.676 150.653 696.165 406.615 289.55 215.111 456.508 747.081 603.967 481.221
internal_count=1214191 493077 134246 721114 99117 21462 35129 343858 358831 33202 20607 6213 341845 3103 77655 52305 25350 12387 208842 12595 10281 9035
is_linear=0
shrinkage=0.04


Tree=90
num_leaves=23
num_cat=0
split_feature=26 10 26 10 0 8 9 28 31 8 15 9 17 18 2 13 31 8 3 22 16 5
split_gain=185.608 76.6437 44.5827 28.2552 17.2001 17.1137 19.1685 18.0847 15.4526 19.7488 14.9081 14.0687 13.7467 19.2109 12.3732 12.3667 11.9219 13.4998 11.4657 11.1754 10.6585 17.1274
threshold=0.73549595475196849 0.0028739577392116193 0.41950233280658727 0.74085366725921642 0.14260697364807132 0.61737444996833812 0.48486009240150457 0.30760459601879125 3.3315663337707524 0.99376392364501964 2.6735538244247441 0.18835511803627017 7.0950558185577401 2.1205899715423588 0.082713048905134215 0.31486493349075323 8.0610079765319842 0.43147757649421697 0.34065699577331549 15.500000000000002 4.8572995662689218 1.909291207790375
decision_type=2 2 2 2 2 2 2 2 2 2 2 2 2 2 2 2 2 2 2 2 2 2
left_child=1 8 15 4 14 6 7 12 9 -1 -5 -9 13 -4 -2 19 18 -18 20 -3 -12 -22
right_child=3 2 5 10 -6 -7 -8 11 -10 -11 16 -13 -14 -15 -16 -17 17 -19 -20 -21 21 -23
leaf_value=-0.024749579229571786 -0.037063407596307163 0.0010539917344288185 -0.0018398102128605548 0.0023405772840657184 0.0028160655754463056 0.0023072292936914453 0.0048622475880982837 0.0074078033090518762 -0.0359404814115767 0.017068980663769717 0.0050556114797824774 -0.01394071555576107 -0.025505982982894762 -0.026333170205779095 -0.0045282545106388808 -0.010083554811758348 -0.011114538497684385 0.0080326516128303403 -0.010516322096024414 -0.029739173667550838 0.017391448415636869 -0.012114108552435641
leaf_weight=38.963966565944702 31.1296897257198 20.553646736241944 176.97693870128569 481.58238210884883 103.36026854351803 579.86782603868051 166.68904157215729 126.23120580586692 177.58532488692117 19.953619984168654 181.73874725218775 67.486157293431461 130.56607169663221 63.1024665099103 40.191984802386287 162.54677044059099 55.433828079199884 722.8883938730869 24.413664813211653 153.724225769746 718.93336748609727 26.165584262962511
leaf_count=83859 25942 17556 32212 10260 30715 33780 17346 16464 542852 18392 2035 13280 47752 26984 19747 43279 2952 10626 293 211649 6002 214
internal_value=3.8916e-10 -0.00935698 -0.00620239 0.00739801 -0.00775635 -0.00280507 -0.00683654 -0.0103164 -0.0301922 -0.0101652 0.00862474 -0.000348711 -0.0153799 -0.00907321 -0.0215402 -0.0189626 0.010351 0.00654526 0.0133644 -0.0262474 0.014099 0.0162086
internal_weight=4270.09 1884.25 1647.74 2385.84 174.682 1310.92 731.052 564.363 236.503 58.9176 2211.16 193.717 370.645 240.079 71.3217 336.825 1729.57 778.322 951.251 174.278 926.838 745.099
internal_count=1214191 1105405 460302 108786 76404 187818 154038 136692 645103 102251 32382 29744 106948 59196 45689 272484 22122 13578 8544 229205 8251 6216
is_linear=0
shrinkage=0.04


Tree=91
num_leaves=23
num_cat=0
split_feature=26 10 8 7 12 18 13 17 26 26 4 31 3 15 6 27 29 3 2 28 6 1
split_gain=179.015 67.507 42.0144 26.1815 24.8521 20.4711 19.8707 16.2082 15.461 14.679 15.7957 14.4007 12.46 14.7619 12.5326 11.8772 11.6367 11.5106 13.4123 10.6758 11.2201 9.98874
threshold=0.50574043393135082 0.014705301262438299 0.9234740436077119 0.9663875699043275 0.0058303745463490495 4.2030684947967538 0.14638990908861163 9.3968939781188983 0.30634529888629919 0.85254633426666271 1.1016471982002261 3.113268375396729 0.09343359619379045 1.8688347935676577 0.17118063569068911 0.072741523385047926 0.99979683756828319 0.078328475356102004 0.078005161136388793 0.43867373466491705 0.55298638343811046 0.26889187097549444
decision_type=2 2 2 2 2 2 2 2 2 2 2 2 2 2 2 2 2 2 2 2 2 2
left_child=4 5 3 6 -1 -2 -3 -8 -6 12 -11 19 13 -4 -15 -16 -13 18 -10 -7 -21 -5
right_child=1 2 9 21 8 11 7 -9 17 10 -12 16 -14 14 15 -17 -18 -19 -20 20 -22 -23
leaf_value=-0.034531103151772158 0.0076295997364096823 -0.015636418957918473 -0.019969591767275953 -0.0077110489706444353 -0.028122197547512957 -0.023428341183861244 0.00091396501047959818 -0.022084285270486524 -0.018687439372969374 0.013946620386394437 -0.0035400969012509744 -0.031048711965531335 0.010445154834541788 0.0099545608752112033 -0.020220561539725904 0.0014854898887955849 8.8749272922926053e-05 -0.0025962986619220258 0.0087563726828144006 0.017574799031547989 -0.016341924210239965 0.017801852324740203
leaf_weight=124.78255947328921 45.783459944576862 138.36968694692041 40.124581107651466 23.10282182431547 103.12116791906169 19.549871852097567 1116.6381775996488 41.261467202028143 249.08927039816717 924.74976582154341 86.721236684166797 130.49175788006914 367.89750578857274 198.03042337711668 43.38318769010948 160.21071081637638 22.178275294825653 172.36948850331828 26.146987108548274 33.840340174722769 14.922828139896408 152.32741582428571
leaf_count=377256 5829 32518 1927 1274 135016 22360 68599 4997 169472 6226 935 296895 6834 3798 1279 3455 6494 33609 5761 13147 14956 1554
internal_value=-2.46445e-11 0.0035954 0.00517644 0.00014317 -0.018722 -0.0154019 -0.00185439 -8.76488e-05 -0.014588 0.00922098 0.0124274 -0.0202973 0.00511256 0.000538557 0.0030228 -0.00386992 -0.026798 -0.0109236 -0.0158647 -0.00420245 0.00618071 0.0142073
internal_weight=4235.09 3559.58 3292.82 1471.7 675.509 266.767 1296.27 1157.9 550.727 1821.12 1011.47 220.983 809.646 441.749 401.624 203.594 152.67 447.606 275.236 68.313 48.7632 175.43
internal_count=1214191 493077 133396 108942 721114 359681 106114 73596 343858 24454 7161 353852 17293 10459 8532 4734 303389 208842 175233 50463 28103 2828
is_linear=0
shrinkage=0.04


Tree=92
num_leaves=23
num_cat=0
split_feature=26 10 10 8 9 28 8 30 29 13 3 29 30 5 26 28 22 18 15 12 5 9
split_gain=172.694 54.246 45.9407 33.0724 33.6521 29.2669 26.1442 19.4916 18.5678 20.9391 17.297 13.2331 16.4562 12.3355 11.1407 10.7122 10.7101 10.3686 10.05 9.90183 11.6626 9.86277
threshold=0.64374175667762767 0.0030500283464789395 0.23882629722356799 0.49746057391166693 0.55316811800003063 0.30194367468357092 0.67261725664138805 3.0226957798004155 0.63861912488937389 0.49230866134166723 0.16692169755697253 0.27522513270378118 2.9034062623977666 1.0464821457862856 0.97964814305305492 0.35231268405914312 12.500000000000002 5.0890688896179208 5.4992132186889657 0.94643676280975353 0.16370607167482379 0.61208823323249828
decision_type=2 2 2 2 2 2 2 2 2 2 2 2 2 2 2 2 2 2 2 2 2 2
left_child=1 17 7 4 5 10 8 21 11 -10 16 -4 19 15 18 -11 -3 -1 -8 20 -13 -2
right_child=2 3 6 -5 -6 -7 14 -9 9 13 -12 12 -14 -15 -16 -17 -18 -19 -20 -21 -22 -23
leaf_value=0.0034141878284796564 0.0026885693998956843 0.0024538480082268487 0.0057881303690100021 0.00078081860284290566 0.0076537760402647708 0.00075428434671299016 0.0063538353065601951 -0.027031015921789643 -0.016740837788508139 -0.012877180635227969 -0.0073083892985218585 0.014432052685469378 0.0065855024338360157 -0.010854554277809424 0.015330987499957186 0.018155873133987126 -0.026646346093812143 -0.034495078952989859 0.016151595814258887 -0.004877028598583453 -0.0232886774895045 -0.018615168285934871
leaf_weight=10.524528364162505 125.53450269868335 19.675632452697755 167.53667708135617 387.13471783123714 97.236548676872189 120.52613285136522 1231.3473043459526 72.764290125413936 34.989890682656551 12.364420403144321 124.5001561328354 7.9355886570410794 93.637131729745306 23.881563241244294 416.18021521418268 215.93562877288787 369.377945097154 165.7348945325632 192.05137323479721 155.59027722816973 119.14566387148807 37.100704430185033
leaf_count=15015 62410 9566 9820 51152 11131 34211 20039 75431 1818 376 24163 246 3768 440 1887 2870 299074 537984 1914 3762 12526 34588
internal_value=-2.62788e-10 -0.012096 0.00541215 -0.00867551 -0.0136244 -0.0169556 0.00691316 -0.0112046 0.00100695 0.00906255 -0.0210469 -0.00333354 -0.00743931 0.0131447 0.00956138 0.0160053 -0.02515 -0.0321697 0.00777925 -0.0121514 -0.0200522 -0.00296807
internal_weight=4200.71 1294.71 2906 1118.45 731.316 634.08 2670.6 235.399 831.017 287.172 513.554 543.845 376.309 252.182 1839.58 228.3 389.054 176.259 1423.4 282.672 127.081 162.635
internal_count=1214191 982296 231895 429297 378145 367014 59466 172429 35626 5504 332803 30122 20302 3686 23840 3246 308640 552999 21953 16534 12772 96998
is_linear=0
shrinkage=0.04


Tree=93
num_leaves=23
num_cat=0
split_feature=26 26 10 12 18 12 26 3 15 1 30 31 21 0 22 16 3 3 15 31 17 29
split_gain=166.483 61.6017 42.0461 23.3469 15.9051 15.2769 14.4491 13.6816 22.8277 14.086 13.5727 13.5659 13.0004 12.5995 12.4363 13.2764 14.4299 33.6867 13.9428 12.8197 12.7167 11.4848
threshold=0.50574043393135082 0.78283172845840465 0.0098837832920253294 0.0058303745463490495 3.4643369913101201 0.27862021327018743 0.30634529888629919 0.22840274870395663 3.5694335699081425 0.26416081190109258 2.9566513299942021 3.3315663337707524 1.0000000180025095e-35 0.1031555086374283 18.500000000000004 4.7695710659027108 0.059583939611911781 0.0028937865281477575 2.2499048709869389 7.6670427322387704 7.0833876132965097 0.35756693780422216
decision_type=2 2 2 2 2 2 2 2 2 2 2 2 2 2 2 2 2 2 2 2 2 2
left_child=3 2 4 -1 -2 10 -5 8 9 -4 -3 -6 14 -10 20 19 17 18 -17 -16 -7 -11
right_child=1 5 7 6 11 12 -8 -9 13 21 -12 -13 -14 -15 15 16 -18 -19 -20 -21 -22 -23
leaf_value=-0.034161471703190699 0.011397249481441978 0.0042061666729730166 -0.012603527502650239 -0.027675267970703538 -0.005106540728349626 0.0066399153107080189 -0.010763742580830949 0.0095142503630238698 0.00044404994447182352 0.015848985128524319 -0.0188803136622018 -0.032354235262768025 -0.018665804366507412 0.014423585169290397 0.010917317425170377 -0.0061747196578431284 0.015511126236361318 -0.018447971806746486 0.012135742424263955 -0.0080664263889649573 -0.01827122882812 -0.004866019125160697
leaf_weight=117.51748284879318 16.007327214348152 118.61081806676339 341.84273493072396 99.296630076168412 44.954998727977909 79.524180101085221 438.71074421889443 187.23935309557419 489.02799465823773 48.333100664778613 50.058659234724473 104.76536870376276 17.74659665703075 120.96239949713345 96.923773292524857 68.604644184764766 762.40075482562679 63.667044349145726 596.52510679052284 111.78044148781919 42.008476363203954 151.19306931352185
leaf_count=377256 2701 21206 41276 135016 44106 1149 208842 9099 39535 3336 22734 270619 541 4845 953 1273 6995 1417 6142 2341 1180 11629
internal_value=-2.179e-10 0.00346683 -0.00264444 -0.0183476 -0.0210403 0.00803595 -0.0143331 -0.000227779 -0.00188035 -0.00778845 -0.0033188 -0.0250048 0.0090896 0.00340415 0.00946047 0.010341 0.0116554 0.00746655 0.0101836 0.000845836 -0.00270523 0.000668899
internal_weight=4167.7 3512.18 1504.33 655.525 165.728 2007.85 538.007 1338.6 1151.36 541.369 168.669 149.72 1839.18 609.99 1821.43 1699.9 1491.2 728.797 665.13 208.704 121.533 199.526
internal_count=1214191 493077 427146 721114 317426 65931 343858 109720 100621 56241 43940 314725 21991 44380 21450 19121 15827 8832 7415 3294 2329 14965
is_linear=0
shrinkage=0.04


Tree=94
num_leaves=23
num_cat=0
split_feature=26 12 10 8 13 7 31 0 31 17 8 3 3 28 27 13 2 9 26 3 3 3
split_gain=161.101 43.8536 41.0496 31.4825 22.9719 22.869 19.0183 21.2809 17.0777 19.8394 16.0907 15.9954 13.9465 11.8564 20.4773 15.8322 13.6391 11.7744 11.2794 11.3875 19.0034 23.8016
threshold=0.57768526673316967 0.27862021327018743 0.0046083058696240195 0.67261725664138805 0.01953974645584822 0.63371711969375621 3.4334666728973393 0.21484670788049701 8.9077382087707537 4.5163240432739267 0.9234740436077119 0.17430504411458972 0.15023843199014666 0.101200208067894 0.027542266063392166 0.6861734688282014 0.087664227932691588 0.37332038581371313 0.97964814305305492 0.09343359619379045 1.0000000180025095e-35 0.025899167172610763
decision_type=2 2 2 2 2 2 2 2 2 2 2 2 2 2 2 2 2 2 2 2 2 2
left_child=2 6 -1 5 11 8 10 -8 12 -10 -2 -4 -3 16 -15 -16 17 -6 19 20 -5 -22
right_child=1 3 4 18 13 -7 7 -9 9 -11 -12 -13 -14 14 15 -17 -18 -19 -20 -21 21 -23
leaf_value=-0.034039500092757226 -0.013448008424707785 -0.0041839631216062335 -0.026609218199366381 0.0070830208097467711 -0.017483520682435229 0.012059560427591627 -0.023925791439328048 0.0045903459619205736 0.011903056146641493 -0.018037702779582197 0.0093766274263285387 0.0067130569906381742 0.0087556299130714232 0.013957120078697108 -0.026042591413680233 0.00027486850879084582 0.011180801752895068 0.0010164988134599606 0.01496685100188596 0.011168117562420402 -0.038937329655833366 -0.00068523142787242988
leaf_weight=138.24865810189726 68.741848601172023 345.10219542714185 168.45410384760839 644.05500313606171 258.6110030642958 191.73108625030727 146.45448018864408 53.275218591641533 36.515132833403186 172.78930327399576 122.81352398097442 22.390936921518005 203.41313015868946 93.620254701050726 45.886513692719745 105.24300613569358 31.806377720589808 67.898463243021979 399.98520936111527 660.1788619455765 22.189611402398441 137.90031641788664
leaf_count=477935 22521 17225 254044 10252 74728 3632 193334 28497 3208 26599 20239 3915 5107 11445 15686 20080 2346 7734 1808 9748 1371 2737
internal_value=6.53602e-11 0.0042625 -0.0145459 0.00600985 -0.0107702 7.52365e-05 -0.0081399 -0.0164633 -0.00307441 -0.0125097 0.000924916 -0.0225601 0.000685446 -0.00673201 8.82724e-05 -0.00883608 -0.0112666 -0.0137205 0.00901601 0.00730002 0.00402626 -0.00796475
internal_weight=4137.3 3205.14 932.159 2813.86 793.911 949.551 391.285 199.73 757.82 209.304 191.555 190.845 548.515 603.066 244.75 151.13 358.316 326.509 1864.31 1464.32 804.145 160.09
internal_count=1214191 346278 867913 81687 389978 55771 264591 221831 52139 29807 42760 257959 22332 132019 47211 35766 84808 82462 25916 24108 14360 4108
is_linear=0
shrinkage=0.04


Tree=95
num_leaves=23
num_cat=0
split_feature=26 12 8 31 0 7 12 18 13 8 17 31 14 18 13 2 31 12 12 17 5 5
split_gain=154.055 55.4481 35.9887 28.2949 24.9235 24.146 21.9911 18.4633 17.3995 15.595 15.3963 14.7294 14.1192 12.4878 12.1943 12.4176 11.1178 10.6692 10.4816 10.3585 11.5437 12.9187
threshold=0.50574043393135082 0.27862021327018743 0.67261725664138805 3.4334666728973393 0.21484670788049701 0.56505087018013012 0.0058303745463490495 2.0397878885269169 0.73724994063377391 0.9234740436077119 6.6220710277557382 8.3079695701599139 1.0513386130332949 2.7765965461730961 0.015134900342673065 0.088561065495014205 9.6425895690917987 0.10764531418681146 0.00037262488331180071 7.0833876132965097 1.0000000180025095e-35 0.43944992125034338
decision_type=2 2 2 2 2 2 2 2 2 2 2 2 2 2 2 2 2 2 2 2 2 2
left_child=6 3 5 9 13 7 -1 8 -3 17 -10 -12 -8 -5 15 -4 -15 -2 -6 20 -14 -22
right_child=1 2 14 4 18 -7 12 -9 10 -11 11 -13 19 16 -16 -17 -18 -19 -20 -21 21 -23
leaf_value=-0.033759577726255444 -0.0026423506835843375 -0.012466104678854773 -0.021898664707225044 0.0056621414668415497 -0.012897981595413393 0.010100540004203152 -0.024190957282573304 -0.011821546151921214 0.011358863477611501 0.0088899535878641384 0.0027086565626378719 -0.020099521587637528 0.0063792294687153774 -0.032473741039450318 0.0091926681447009589 0.0090943522564951983 0.0016851667092077679 -0.032342885859239869 0.017111686320071796 -0.017743712739629106 -0.023599297589227786 -0.00023468538911853743
leaf_weight=110.54513714472751 65.515688457911892 118.59976172128881 33.211523880985624 14.922227254817697 24.736856374010131 254.24583102016186 149.76823046386471 285.58891519473036 223.76486208592542 136.07153722200019 166.79086164143519 51.274595202085038 94.484926866542082 145.02915160957264 1852.8233024785222 31.6617723276795 15.845011289774446 18.75118924886192 30.798578249449747 139.85436816517358 59.995654149561233 82.923576644734567
leaf_count=377256 33084 19716 2340 513 28907 6097 168121 44099 7732 23853 4795 9132 15326 243662 26655 783 32846 4329 4534 76487 50456 33468
internal_value=6.57261e-10 0.00333386 0.00529435 -0.00959663 -0.0190593 -0.000473627 -0.017914 -0.00373225 0.000524939 0.000734284 0.00421083 -0.00330047 -0.0140236 -0.0261023 0.00858897 -0.00757797 -0.0292076 -0.0119813 0.00381621 -0.00946679 -0.00407076 -0.0109447
internal_weight=4107.2 3469.63 3017.96 451.67 231.332 1100.26 637.572 846.019 560.43 220.338 441.83 218.065 527.027 175.796 1917.7 64.8733 160.874 84.2669 55.5354 377.259 237.404 142.919
internal_count=1214191 493077 121349 371728 310462 91571 721114 85474 41375 61266 21659 13927 343858 277021 29778 3123 276508 37413 33441 175737 99250 83924
is_linear=0
shrinkage=0.04


Tree=96
num_leaves=23
num_cat=0
split_feature=26 12 8 31 0 7 12 9 6 16 8 9 31 13 15 8 28 18 27 13 2 30
split_gain=147.83 53.9529 34.8525 27.0024 23.4947 22.9708 21.349 17.6893 19.2277 16.4594 14.569 13.8563 13.2151 15.2347 12.1236 11.9467 17.1229 11.53 11.4128 11.2821 11.6924 11.2734
threshold=0.50574043393135082 0.27862021327018743 0.65106043219566356 3.4334666728973393 0.21484670788049701 0.63371711969375621 0.0058303745463490495 0.65613672137260448 0.66000041365623485 4.733628749847413 0.9234740436077119 0.78465908765792858 8.9077382087707537 0.98828634619712841 2.9174053668975835 0.47047016024589544 0.38959158957004553 2.7765965461730961 0.40751093626022344 0.010032574180513622 0.23129058629274371 3.777522206306458
decision_type=2 2 2 2 2 2 2 2 2 2 2 2 2 2 2 2 2 2 2 2 2 2
left_child=6 3 5 10 17 7 -1 8 9 18 -2 15 13 -11 21 16 -8 -5 -3 20 -16 -4
right_child=1 2 14 4 -6 -7 11 -9 -10 12 -12 -13 -14 -15 19 -17 -18 -19 -20 -21 -22 -23
leaf_value=-0.033550086349962281 -0.011811950630483072 -0.02425972689540052 0.0054821803981844539 0.0049909705896427469 0.0033600506177430124 0.012065442103867393 -0.020732341150949067 0.0097894211781145921 -0.023916493992589053 -0.010266792815751314 0.008389843517597485 0.0076157918679602265 -0.010296523667086131 0.0070951194599017222 -0.021180092300711401 -0.0014932705130388173 0.0088806003102794625 -0.028852786094639038 0.0080911473550454825 0.01069207710587948 0.019165886180961895 -0.01028247029656394
leaf_weight=107.12460729062059 83.695286093981849 75.908738061229087 401.29268982854046 14.831154725914528 55.391261810786091 176.92417199474585 373.02344145050256 129.29597956937505 73.305575512815267 97.356260788335931 136.35130967187797 38.651390003195047 158.52430383745013 322.29924955771276 27.654361216104007 81.368288563237002 28.563608693499646 157.66629218021717 16.645838927208388 1440.0378106680946 7.6361855524301054 78.568293008691398
leaf_count=377256 37413 13169 8904 513 33441 3669 301510 6615 7401 13471 23853 4760 32619 11829 1921 27552 10036 276508 629 18666 47 2409
internal_value=4.39263e-10 0.00326096 0.00519552 -0.00954906 -0.0188911 -0.000680654 -0.0176819 -0.00337017 -0.00575649 -0.00344957 0.000526591 -0.0138531 -0.000815594 0.0029221 0.00833939 -0.015691 -0.0184615 -0.0258289 -0.0182198 0.0101287 -0.0101458 0.0027438
internal_weight=4082.12 3453.38 3005.45 447.935 227.889 1050.26 628.731 873.336 744.04 670.734 220.047 521.607 578.18 419.656 1955.19 482.955 401.587 172.497 92.5546 1475.33 35.2905 479.861
internal_count=1214191 493077 121349 371728 310462 89402 721114 85733 79118 71717 61266 343858 57919 25300 31947 339098 311546 277021 13798 20634 1968 11313
is_linear=0
shrinkage=0.04


Tree=97
num_leaves=23
num_cat=0
split_feature=26 10 10 8 9 28 8 7 30 3 17 4 18 5 26 6 6 9 15 31 29 28
split_gain=142.6 45.0683 37.3105 28.8295 30.4499 25.5884 21.7313 17.813 17.5632 16.0692 10.8423 10.612 10.1419 10.1241 11.7593 10.0411 9.33314 9.12629 9.10817 19.2565 16.5791 10.009
threshold=0.64374175667762767 0.0030500283464789395 0.23882629722356799 0.49746057391166693 0.55316811800003063 0.30194367468357092 0.99376392364501964 0.80224251747131359 2.9771189689636235 0.16692169755697253 9.2104907035827654 1.1168596148490908 5.0890688896179208 1.2948824763298037 0.80383363366127025 1.1144188642501833 0.26447388529777532 0.61208823323249828 3.113268375396729 6.04380226135254 0.3537025004625321 0.16965513676404956
decision_type=2 2 2 2 2 2 2 2 2 2 2 2 2 2 2 2 2 2 2 2 2 2
left_child=1 12 8 4 5 9 7 10 17 -3 -4 -9 -1 14 -8 -6 -7 -2 19 -5 21 -20
right_child=2 3 6 18 15 16 13 11 -10 -11 -12 -13 -14 -15 -16 -17 -18 -19 20 -21 -22 -23
leaf_value=0.004437398851875868 0.0032741739086821265 -0.024430687364817336 0.00057711887836162502 0.0088242886290002265 0.015637930921426325 0.0074440849399696422 0.0063825697943706138 0.017969624136429531 -0.025401224794838372 -0.0068987290650033162 -0.019748138789402778 -0.0061051361995059783 -0.033539960501170356 0.0072603479379003558 0.020521889789453542 -0.0095361171611380181 -0.01521182480026456 -0.017827990453172887 0.0036402737520194596 -0.019589737232187016 -0.019646675034963746 0.02275720775433723
leaf_weight=9.7838422952793263 118.7126313171957 364.07693259926282 866.58141022398922 60.545836585608413 64.289139466076449 84.428232161475762 174.84087678417927 137.49170625727857 71.590614800798903 120.56577451265912 34.109143576060887 31.253929828410037 143.81288079239403 1130.482550516932 231.60967283172795 30.34375810144229 32.056658651528778 34.194460554349462 157.68311869283389 76.085231108636435 27.399271133357615 53.546118282038151
leaf_count=15015 61303 308640 37354 5178 6149 23246 2937 1659 77797 24163 2558 835 537984 12781 1342 4982 10965 33329 18532 17250 6004 4188
internal_value=1.94247e-10 -0.0113498 0.00493254 -0.00827146 -0.0130349 -0.0163248 0.00628798 0.00188369 -0.0104008 -0.0202969 -0.000400994 0.0134186 -0.0309975 0.0093206 0.014739 0.00742602 0.000499453 -0.00224957 0.000669427 -0.00725542 0.00531626 0.00929599
internal_weight=4055.48 1224.62 2830.87 1071.02 695.76 601.128 2606.37 1069.44 224.498 484.643 900.691 168.746 153.597 1536.93 406.451 94.6329 116.485 152.907 375.26 136.631 238.629 211.229
internal_count=1214191 982296 231895 429297 378145 367014 59466 42406 172429 332803 39912 2494 552999 17060 4279 11131 34211 94632 51152 22428 28724 22720
is_linear=0
shrinkage=0.04


Tree=98
num_leaves=23
num_cat=0
split_feature=26 26 10 12 2 17 17 15 14 12 18 22 16 3 3 1 30 31 3 13 17 26
split_gain=137.976 50.1237 34.5245 20.0162 13.6708 14.7671 13.7969 15.985 13.0413 12.8654 12.0089 11.2467 14.4559 12.9075 30.7257 11.8204 11.2264 11.1427 13.174 10.6477 10.4216 9.99979
threshold=0.50574043393135082 0.78283172845840465 0.0028739577392116193 0.0058303745463490495 0.12945492565631869 9.2104907035827654 7.9019322395324716 6.408527374267579 1.0513386130332949 0.27862021327018743 5.3883748054504403 18.500000000000004 4.7695710659027108 0.059583939611911781 0.0028937865281477575 0.85949066281318676 2.9566513299942021 7.6670427322387704 0.16849019378423694 0.013137524016201498 6.2176032066345224 0.77066779136657726
decision_type=2 2 2 2 2 2 2 2 2 2 2 2 2 2 2 2 2 2 2 2 2 2
left_child=3 2 10 -1 5 6 7 -4 -5 16 -2 -11 17 14 -14 -16 -3 18 -13 -8 -19 -21
right_child=1 9 4 8 -6 -7 19 -9 -10 11 -12 12 13 -15 15 -17 -18 20 -20 21 -22 -23
leaf_value=-0.033160867531539469 0.0021346159952729859 0.0036270842983274648 -0.0046493842306354677 -0.023596475644360668 0.0092704301363532114 -0.021913507744699055 -0.019817941862352199 0.019026310043286337 -0.0091846250664673109 -0.0033075285179437128 -0.028699194081496366 0.015172197354852233 0.0091690399174946795 0.014190134090068527 -0.023843697013027482 0.017965868761456585 -0.01770998858686245 0.0042274620088231813 -0.01684224122422083 0.011628507319818909 -0.019018437341487896 -0.023072449896389378
leaf_weight=101.27136980673413 23.647777189917178 116.37339546107796 851.10823052336855 143.89985764431776 183.12546460277008 47.922161257007247 11.982989101226847 38.411539011591231 366.33451279909605 120.14444696258579 90.441411102941402 82.671685874433024 653.36877972653747 750.37311891021818 57.52859997539781 5.3482447853311887 47.82693775359985 49.53406928977347 17.522331050335197 208.07189948502855 60.427302504249383 5.0203765958758586
leaf_count=377256 12590 21206 78403 168121 8346 8237 4443 2255 175737 2356 295757 775 7539 7124 1416 15 22734 870 283 16754 1613 361
internal_value=-5.22714e-10 0.00314145 -0.00246207 -0.0173415 -0.000595891 -0.00221589 -0.00118166 -0.00342686 -0.0136246 0.00730368 -0.0226511 0.00828049 0.00912548 0.0105226 0.00653783 -0.0183102 -0.00324768 -0.000659733 0.00855305 0.00745989 -0.00906741 0.0098134
internal_weight=4032.36 3420.85 1459.73 611.506 1345.64 1162.52 1114.6 889.52 510.234 1961.12 114.089 1796.92 1676.77 1466.62 716.246 62.8768 164.2 210.155 100.194 225.075 109.961 213.092
internal_count=1214191 493077 427146 721114 118799 110453 102216 80658 343858 65931 308347 21991 19635 16094 8970 1431 43940 3541 1058 21558 2483 17115
is_linear=0
shrinkage=0.04


Tree=99
num_leaves=23
num_cat=0
split_feature=26 26 18 31 31 15 14 29 3 3 28 15 4 8 7 5 29 26 27 3 0 18
split_gain=133.674 46.8355 20.1789 37.0785 15.5246 16.7858 15.2683 15.5368 13.8221 13.0879 12.706 12.0289 11.8424 15.2437 17.947 14.965 13.3627 12.1152 14.6969 12.9372 11.0922 11.051
threshold=0.50574043393135082 0.78283172845840465 3.2339509725570683 3.3315663337707524 6.3817801475524911 2.8617925643920903 1.1306682825088503 0.10301288589835168 0.12224456295371057 0.23222959041595462 0.11007575318217279 1.4978661537170412 1.1168596148490908 0.9234740436077119 0.80224251747131359 1.3527407646179201 0.28235225379467016 0.93302914500236522 0.52079904079437267 0.052800819277763374 0.1031555086374283 2.0971044301986699
decision_type=2 2 2 2 2 2 2 2 2 2 2 2 2 2 2 2 2 2 2 2 2 2
left_child=6 2 4 11 -2 9 8 10 -1 -6 -8 -4 13 14 16 -15 -3 19 -19 -18 -7 -14
right_child=1 12 3 -5 5 20 7 -9 -10 -11 -12 -13 21 15 -16 -17 17 18 -20 -21 -22 -23
leaf_value=-0.03135195019740513 0.012850926762385423 0.01354456055532127 -0.023065621376421781 -0.026851895827265923 -0.013307214764339161 -0.00032241492116686916 -0.0091630357891047173 -0.021597059028373004 -0.0074079567659613293 0.0093900341221294214 0.013885740900807172 0.0015893390140206034 0.0051889606964270873 0.018033774772441471 0.01756874916745688 0.0077628528566404597 -0.016061652232387195 0.013126905857969136 -0.012849830316930164 0.00049748078624049818 0.012888907510379166 -0.017265772656774734
leaf_weight=161.91383037142168 133.6274988617879 83.044713720388245 25.999167584002862 126.8272531716002 224.6140995681435 525.72724519800977 198.13538691255053 147.6202026977985 59.444650806769459 41.684823384101037 37.589439835021949 254.98543120171553 75.149347083846806 312.39899820830578 99.025479539832304 891.18020261169659 140.72139223514932 110.55543159913213 39.969566793042759 150.07091495072382 115.92920296832199 50.692927165464425
leaf_count=314722 2666 2452 11501 273223 30645 46362 92538 252557 51438 2442 9859 55029 665 4195 1992 31890 7006 987 448 5728 5278 10568
internal_value=-7.8275e-10 0.00309323 -0.0023461 -0.00977297 0.000627028 -0.00129241 -0.0171705 -0.0118229 -0.02552 -0.00954306 -0.00507209 -0.00140623 0.00712175 0.00793956 0.00280225 0.0105554 -0.000262993 -0.00310377 0.0058584 -0.00778345 0.00222566 -0.0044616
internal_weight=4006.91 3402.2 1449.39 407.812 1041.58 907.955 604.704 383.345 221.358 266.299 235.725 280.985 1952.81 1826.97 623.387 1203.58 524.362 441.317 150.525 290.792 641.656 125.842
internal_count=1214191 493077 427146 339753 87393 84727 721114 354954 366160 33087 102397 66530 65931 54698 18613 36085 16621 14169 1435 12734 51640 11233
is_linear=0
shrinkage=0.04


Tree=100
num_leaves=23
num_cat=0
split_feature=26 12 10 8 13 29 30 8 9 1 31 8 13 12 3 2 15 0 9 5 5 23
split_gain=127.828 33.9216 33.6549 27.0485 18.9119 17.6699 16.6232 21.341 16.6127 15.1254 15.1016 14.9073 14.8784 14.0274 12.9524 12.1158 11.1098 10.9857 10.614 10.5814 10.4529 16.7853
threshold=0.57768526673316967 0.27862021327018743 0.0046083058696240195 0.6613435447216035 0.17075557261705401 0.63861912488937389 2.8919353485107426 0.9234740436077119 0.64594855904579174 0.059091487899422653 7.443005084991456 0.99376392364501964 0.49230866134166723 0.75108966231346141 0.072977595031261458 0.078005161136388793 3.113268375396729 0.24637520313262942 0.99947062134742748 1.0324530601501467 1.1737825870513918 2.5000000000000004
decision_type=2 2 2 2 2 2 2 2 2 2 2 2 2 2 2 2 2 2 2 2 2 2
left_child=2 6 -1 5 11 8 7 -2 10 18 -3 14 -7 15 -4 -11 -5 -8 -6 -14 -9 -22
right_child=1 3 4 16 9 12 17 20 -10 13 -12 -13 19 -15 -16 -17 -18 -19 -20 -21 21 -23
leaf_value=-0.032347117963214475 -0.015074677396466887 0.00087157377747173819 -0.027551411329309355 0.0030238893288832896 -0.014319799075141328 -0.012866863930760522 -0.025398342443222605 0.026223656196316641 0.0093511832178783255 -0.020884300823719785 -0.012706826167574905 0.0022001667323359605 0.014822794315250345 0.0095794713160654386 -0.0037056878546922957 0.010301082924969972 0.010027834768643008 0.0025981976975673884 0.0079037909247630187 -0.010325156005146561 -0.015564989855766603 0.012222494489288036
leaf_weight=120.95175493419356 100.44775554426496 225.75937465884635 170.59879857088208 512.44633943908048 233.61895983242357 37.588741311978083 89.59081056587911 27.490444579121686 113.90284533012891 48.80834467283421 298.4557286999152 44.849096674399334 206.61155442841118 145.81390101463694 49.957444954980019 22.728456857992569 1327.2589438567375 26.699078478527554 33.489609503230895 23.396277246065438 45.399545086392209 83.821784181942348
leaf_count=477935 84884 9400 262849 10504 61582 2056 98794 5340 5092 14313 34758 4858 3124 23385 19401 1887 16326 11838 1703 427 28522 35213
internal_value=6.29841e-10 0.00378937 -0.0134607 0.00533055 -0.0100288 -0.000329496 -0.00738422 -0.00148744 -0.00394276 -0.00514352 -0.00695228 -0.0184356 0.00811843 0.00264605 -0.0225452 -0.010928 0.00810379 -0.0192738 -0.0113488 0.0119411 0.00760342 0.0020431
internal_weight=3989.69 3118.87 870.816 2745.42 749.865 905.715 373.449 257.16 638.118 484.459 524.215 265.405 267.597 217.351 220.556 71.5368 1839.71 116.29 267.109 230.008 156.712 129.221
internal_count=1214191 346278 867913 81687 389978 54857 264591 153959 49250 102870 44158 287108 5607 39585 282250 16200 26830 110632 63285 3551 69075 63735
is_linear=0
shrinkage=0.04


Tree=101
num_leaves=23
num_cat=0
split_feature=26 10 8 7 10 13 17 14 3 31 9 6 1 27 30 15 30 1 9 9 18 0
split_gain=122.454 43.6314 35.2718 21.5017 17.3605 15.4678 13.9548 13.3497 13.5898 13.4836 11.9838 11.4778 11.6226 11.2073 11.0988 10.1035 10.8091 10.0156 9.78362 16.5479 9.28101 9.19319
threshold=0.50574043393135082 0.002432426437735558 0.9234740436077119 0.80224251747131359 0.0072296061553061017 0.14638990908861163 9.8548717498779315 1.1306682825088503 0.12835847586393359 7.4984102249145517 0.71485650539398204 0.37499284744262701 0.02065281663089991 0.70287111401557933 0.79979994893074047 3.3842465877532963 3.777522206306458 0.35029962658882147 0.0014304056530818345 0.33587798476219183 2.6566975116729741 0.094232607632875456
decision_type=2 2 2 2 2 2 2 2 2 2 2 2 2 2 2 2 2 2 2 2 2 2
left_child=4 14 3 5 -1 -3 10 8 -6 18 11 12 -7 15 21 16 -4 -5 -9 -20 -12 -2
right_child=1 2 13 17 7 6 -8 9 -10 -11 20 -13 -14 -15 -16 -17 -18 -19 19 -21 -22 -23
leaf_value=-0.03108642387819097 -0.017382561716243174 -0.015120112429328383 0.0048351720972814498 -0.0053745941808175084 -0.029022385993811583 -0.011853217209759377 -0.026281210418002479 0.0068410167727544118 -0.0025529788026297236 -0.017014010153702349 0.014396545852460004 -0.0076448779719663351 0.00372615783514976 0.017494200587200432 -0.021333044779455541 0.0089156068719147778 -0.0092864726435603513 0.016488573739499322 -0.027845927582904269 0.0049346652111329761 -0.0073874971695534588 0.015134353470793629
leaf_weight=104.13165434929488 13.413333557491567 129.36575017188079 444.05675330460872 37.679441510324978 114.60647314830658 79.993455668340175 23.82006961672414 107.40492610628644 44.073930068887421 138.50702197762803 125.53882121766219 343.92930800669274 509.33088537139793 165.41628723939539 132.45898245907119 1068.2647065060846 97.552815004358308 142.60384317878288 35.631378425432558 48.135120712580829 33.846120250153035 24.557200820006983
leaf_count=378315 38449 33042 10287 1699 180471 10229 3711 18214 9573 109206 3253 27740 32477 1679 286400 16255 3814 2021 18511 6824 2719 19302
internal_value=8.57356e-11 0.00295984 0.00402714 -0.000658772 -0.0166138 -0.00255293 -0.00097545 -0.012966 -0.0222576 -0.00797019 -0.000190427 -0.00194788 0.00144896 0.00777398 -0.0162006 0.00667338 0.00216939 0.0118768 -0.00089775 -0.0104917 0.00960757 0.00241851
internal_weight=3964.32 3371.83 3201.4 1426.11 592.491 1245.82 1116.46 488.359 158.68 329.678 1092.64 933.254 589.324 1775.29 170.43 1609.87 541.61 180.283 191.171 83.7665 159.385 37.9705
internal_count=1214191 493077 148926 116891 721114 113171 80129 342799 190044 152755 76418 70446 42706 32035 344151 30356 14101 3720 43549 25335 5972 57751
is_linear=0
shrinkage=0.04


Tree=102
num_leaves=23
num_cat=0
split_feature=14 10 8 10 13 8 7 28 31 18 29 0 12 30 31 31 9 6 5 8 5 7
split_gain=105.931 46.3215 32.278 38.385 28.0839 18.1201 18.1509 17.8572 17.7574 14.4136 12.6131 13.5435 12.4573 11.6304 11.4546 17.6484 11.1311 11.6045 10.8286 12.1288 11.9507 13.8221
threshold=1.8815903663635256 0.23882629722356799 0.9234740436077119 0.0098837832920253294 0.015750240534543995 0.99376392364501964 0.80224251747131359 0.16965513676404956 7.8121080398559579 2.4138631820678715 0.18341464549303058 0.13531847298145297 0.9732767939567567 1.980674207210541 8.9077382087707537 0.89587974548339855 0.87152379751205455 1.4814274907112124 0.47066950798034674 0.59740149974823009 0.81006851792335521 0.40250697731971746
decision_type=2 2 2 2 2 2 2 2 2 2 2 2 2 2 2 2 2 2 2 2 2 2
left_child=2 14 3 -1 -5 6 16 8 9 12 -9 -12 -6 -4 15 -2 18 -18 -3 20 21 -20
right_child=1 5 13 4 7 -7 -8 10 -10 -11 11 -13 -14 -15 -16 -17 17 -19 19 -21 -22 -23
leaf_value=-0.033970488819607646 0.00046210652485696843 0.010036738400104953 0.014980069321201895 -0.024400255319375272 0.009562931959972468 0.0080859010958303328 0.012714860884629231 0.015236149969898232 -0.022975963926112161 -0.017933798372717771 -0.0099019586401413902 0.021364820838101754 -0.0094143804755192854 -0.0084419113357128983 0.0098973137000097199 -0.02340948069680818 0.015291983009253097 -0.01394371591100991 -0.012910788721131983 0.0011583670648038409 -0.018740195865146993 0.0057618346035502145
leaf_weight=119.98350106086991 73.164065896061402 83.669718871036821 87.484269980710451 163.83596016266347 111.64472633054538 1608.3985207865371 176.10119454399319 77.905402564898395 121.46220277603425 83.941891181289975 107.99502110723188 17.557488050981192 91.627132492343662 44.064872027982346 25.356898713937426 141.10232282594006 99.461287600897776 18.78514891595114 117.61884663665478 323.36376342003496 128.62070407648207 117.62053211141756
leaf_count=418810 33170 6243 30361 253427 6485 22169 2905 7015 56533 24906 22778 866 10764 36791 49879 177469 3366 1680 13766 14014 11639 9155
internal_value=-2.41062e-10 0.00389712 -0.0109805 -0.0136831 -0.0101538 0.00541845 0.00135313 -0.0060099 -0.010745 -0.00497356 0.0035591 -0.00427599 0.000968359 0.00709231 -0.0126144 -0.0156011 -0.00101353 0.00992237 -0.00279656 -0.00448056 -0.00938884 -0.00372017
internal_weight=3940.77 2913.26 1027.5 895.953 775.97 2673.64 1065.24 612.134 408.676 287.214 203.458 125.553 203.272 131.549 239.623 214.266 889.14 118.246 770.894 687.224 363.86 235.239
internal_count=1214191 345455 868736 801584 382774 84937 62768 129347 98688 42155 30659 23644 17249 67152 260518 210639 59863 5046 54817 48574 34560 22921
is_linear=0
shrinkage=0.04


Tree=103
num_leaves=23
num_cat=0
split_feature=26 10 8 9 28 12 3 31 8 0 2 16 24 6 17 2 15 18 3 3 3 16
split_gain=113.913 47.2704 29.9738 27.5794 26.3574 19.9568 18.4315 16.0559 17.5136 13.8658 14.3028 12.1434 15.1072 12.0568 11.3305 10.8768 10.6599 11.3048 10.4461 18.5735 28.2869 14.7233
threshold=0.73549595475196849 0.0028739577392116193 0.61737444996833812 0.49286942183971411 0.30760459601879125 0.27862021327018743 0.16692169755697253 3.3315663337707524 0.99376392364501964 0.14260697364807132 0.07647965103387834 4.9063270092010507 2.9174053668975835 0.38178725540637976 6.4823350906372079 0.047149829566478736 4.9015574455261239 6.1380589008331308 0.090361312031745925 0.0028937865281477575 0.025899167172610763 4.7276363372802743
decision_type=2 2 2 2 2 2 2 2 2 2 2 2 2 2 2 2 2 2 2 2 2 2
left_child=1 7 3 4 6 9 -3 8 -1 10 -2 -4 -13 -6 -8 -11 17 -17 19 -7 -21 -20
right_child=5 2 11 -5 13 18 14 -9 -10 15 -12 12 -14 -15 -16 16 -18 -19 21 20 -22 -23
leaf_value=-0.022158019684121021 -0.034100093024484364 -0.021568404188931883 -0.0076620395188171332 0.0044890538445678989 0.0046504357368229842 0.0067766631701015982 0.0064415987991666146 -0.034069089000899846 0.018833910847630874 0.019734602113714323 -0.0022790569448602189 0.0087242840367795036 -0.010974185577345603 -0.01774652827903811 -0.014216583292520178 0.0065419452498026312 0.014338461801314952 -0.024580924949888252 -0.0040279261429302373 -0.033555597480559349 0.0015297864852479518 0.011878625515044575
leaf_weight=30.64728598744739 33.783225597342607 417.90935431462344 147.54323319114883 172.23567670042939 160.27411967582452 901.9458845645313 69.692115348774678 126.29072289422095 18.812939417556663 32.247502530628481 49.923894749089413 345.9818416218277 66.571168995938933 39.682254327921328 83.546425566366452 25.095868423626598 24.10480175434077 37.535254416731732 99.657401582822786 37.789152405035566 155.99117106641643 841.76433141261805
leaf_count=83859 25126 329841 12840 21672 33014 14527 8887 542852 18392 6261 21567 21151 5285 9437 18175 2780 3551 18515 2043 1681 2609 10126
internal_value=-1.55941e-10 -0.00785034 -0.00545737 -0.0097737 -0.0129762 0.00589406 -0.0172863 -0.0269248 -0.00602088 -0.00585686 -0.0173902 0.00185631 0.00536117 -0.000427892 -0.00500229 0.00297622 -0.00465034 -0.0129265 0.00708614 0.00436843 -0.00662312 0.0101701
internal_weight=3919.03 1679.19 1503.44 943.34 771.104 2239.84 571.148 175.751 49.4602 202.691 83.7071 560.096 412.553 199.956 153.239 118.983 86.7359 62.6311 2037.15 1095.73 193.78 941.422
internal_count=1214191 1105405 460302 421026 399354 108786 356903 645103 102251 77800 46693 39276 26436 42451 27062 31107 24846 21295 30986 18817 4290 12169
is_linear=0
shrinkage=0.04


Tree=104
num_leaves=23
num_cat=0
split_feature=26 26 10 12 12 2 17 17 15 18 26 21 31 1 6 2 28 18 3 3 14 13
split_gain=109.791 40.2769 27.2208 16.5382 11.5873 11.5752 14.6847 12.3719 13.6834 11.4675 11.416 11.0754 10.3287 9.92729 12.7444 10.5886 10.6962 9.67831 9.66368 12.4377 11.0069 9.4854
threshold=0.50574043393135082 0.78283172845840465 0.0028739577392116193 0.0058303745463490495 0.27862021327018743 0.13113477081060412 9.2104907035827654 7.9019322395324716 6.408527374267579 5.3883748054504403 0.30634529888629919 1.0000000180025095e-35 7.6024212837219247 0.52647048234939586 0.16388985514640811 0.0027281832881271843 0.035449374467134483 3.4643369913101201 0.078328475356102004 0.0028937865281477575 1.149959444999695 0.9303455948829652
decision_type=2 2 2 2 2 2 2 2 2 2 2 2 2 2 2 2 2 2 2 2 2 2
left_child=3 2 9 -1 -3 6 7 8 13 -2 -5 -6 -9 14 15 16 -4 -16 19 20 -12 -17
right_child=1 4 5 10 11 -7 -8 12 -10 -11 18 -13 -14 -15 17 21 -18 -19 -20 -21 -22 -23
leaf_value=-0.031296990754443671 0.0034625444793261405 -0.0035221247811833261 -0.007392780505142269 -0.025454191077799764 0.007858583636854502 0.0085847387311612719 -0.022350813572793473 0.015013635845084293 0.01755785379071341 -0.027443114918555302 -0.026175247448729837 -0.018739562765850582 -0.0017625721832042402 0.0086959297183387338 -0.0073409030207828123 0.0035526838072443114 0.013418692585581114 -0.023325250619038798 -0.0014388843686422282 -0.030084559465231045 -0.0032499864467557911 -0.014370146593979002
leaf_weight=90.121298498995884 21.721076317563529 161.08759515876955 50.362739273055922 83.997386053853234 1734.578607985517 175.36384209858079 45.067439030772221 113.06165126418637 37.878624700773798 81.04040738253434 34.264079075011068 16.228827271552291 108.70166788917413 74.059928986633167 342.2386562223528 77.546375993337278 113.77986909038009 69.476167867976983 156.27473537547303 51.81768179620758 153.45654321184338 99.179059784408309
leaf_count=377256 12590 43940 6466 135016 21450 8089 8257 6704 2258 295757 35350 541 14901 4173 32445 8542 7071 10775 33609 71467 68416 9118
internal_value=4.17136e-10 0.00279614 -0.00232538 -0.0160622 0.00656425 -0.000692803 -0.00219347 -0.00116094 -0.0033288 -0.0211827 -0.0126202 0.00750701 0.00706921 -0.00448429 -0.00587835 -0.000123063 0.00697541 -0.0105274 -0.00933647 -0.0142247 -0.00854668 -0.0067366
internal_weight=3891.3 3321.37 1409.48 569.932 1911.9 1306.72 1131.35 1086.28 864.521 102.761 479.81 1750.81 221.763 826.643 752.583 340.868 164.143 411.715 395.813 239.538 187.721 176.725
internal_count=1214191 493077 427146 721114 65931 118799 110710 102453 80848 308347 343858 21991 21605 78590 74417 31197 13537 43220 208842 175233 103766 17660
is_linear=0
shrinkage=0.04


Tree=105
num_leaves=23
num_cat=0
split_feature=26 10 8 13 22 12 1 3 15 8 29 26 30 0 22 26 2 30 2 15 28 5
split_gain=106.128 37.7035 31.7117 18.0432 16.7883 15.9606 13.5082 12.9465 12.6426 12.8747 17.4081 14.2192 13.776 13.2897 11.4811 10.9755 10.8421 10.4607 10.2915 11.5226 10.2756 11.3728
threshold=0.50574043393135082 0.002432426437735558 0.9234740436077119 0.14638990908861163 46.500000000000007 0.0058303745463490495 0.3476844877004624 0.05583061836659909 6.661853790283204 0.045320698991417892 0.25157116353511816 0.64942398667335521 2.4351477622985844 1.0000000180025095e-35 18.500000000000004 0.30634529888629919 0.2381536737084389 0.79979994893074047 0.02186561189591885 3.8176519870758061 0.19211366772651675 0.79901361465454113
decision_type=2 2 2 2 2 2 2 2 2 2 2 2 2 2 2 2 2 2 2 2 2 2
left_child=5 17 3 -3 6 -1 8 18 9 -5 11 12 -11 -12 -9 -7 -15 -2 -8 -20 -6 -22
right_child=1 2 -4 4 20 15 7 14 -10 10 13 -13 -14 16 -16 -17 -18 -19 19 -21 21 -23
leaf_value=-0.031059976992580011 0.0027283729677332154 -0.01369074085472991 0.0073097787432857622 0.0081553285538514837 -0.0039593689134134599 -0.025216136705674019 0.0075727689072869952 -0.0082148717406097787 0.019290508459584649 -0.022469979946325082 0.0013210155317847558 0.0091002121865481553 0.0059815160601981643 -0.022556420606443427 0.013545472595860539 -0.009282387785124491 0.013923290495554698 -0.020692744313524185 -0.001336724288255932 -0.025416666876220951 0.022462845046184527 0.0033165315773871526
leaf_weight=87.823054975676655 36.649210233239046 143.7676762118017 1746.8129475686292 69.412128508454771 63.2145187620672 82.46385778411161 72.836071686712785 40.509448263683225 21.339918359237345 56.200917767266219 54.111725766666495 106.38608295847371 40.433812580580707 196.46943978937998 199.63299307459965 392.95969644217985 7.4525257873719957 124.97149073134142 87.281706398311144 41.119350227610994 104.06759585249984 95.035146590254044
leaf_count=377256 57751 34109 32035 4888 6546 135016 2911 2378 955 11754 3006 4406 3266 22145 6543 208842 205 286400 3911 2085 4277 3506
internal_value=1.1059e-10 0.00274599 0.00373122 -0.000756326 0.000821274 -0.0158926 -0.0015764 0.00359481 -0.00570312 -0.0070469 -0.00946015 -0.000594893 -0.0111208 -0.0161529 0.00969307 -0.0125087 -0.0206347 -0.0155322 -0.00379679 -0.0103274 0.00962389 0.0139196
internal_weight=3870.95 3307.7 3146.08 1399.27 1255.5 563.247 993.186 441.38 551.807 530.467 461.055 203.021 96.6347 258.034 240.142 475.424 203.922 161.621 201.237 128.401 262.317 199.103
internal_count=1214191 493077 148926 116891 82782 721114 68453 17828 50625 49670 44782 19426 15020 25356 8921 343858 22350 344151 8907 5996 14329 7783
is_linear=0
shrinkage=0.04


Tree=106
num_leaves=23
num_cat=0
split_feature=26 10 12 8 13 28 22 1 30 8 29 8 4 5 8 22 17 31 3 28 3 3
split_gain=102.233 28.0756 28.0518 22.7263 16.3098 17.5057 16.17 15.1206 14.4002 18.6085 14.0751 11.4704 13.2413 11.0613 13.5586 11.0244 10.6742 11.0695 10.5176 10.3277 10.2681 17.5794
threshold=0.57768526673316967 0.0046083058696240195 0.27862021327018743 0.67261725664138805 0.17075557261705401 0.098369751125574126 46.500000000000007 0.3476844877004624 2.8919353485107426 0.9234740436077119 0.14922130107879641 0.73941960930824291 0.5033324956893922 0.91120246052742015 0.29379522800445562 16.500000000000004 5.3082554340362558 6.5012614727020273 0.072977595031261458 0.55470851063728344 0.09343359619379045 0.0040232955943793067
decision_type=2 2 2 2 2 2 2 2 2 2 2 2 2 2 2 2 2 2 2 2 2 2
left_child=1 -1 8 6 11 -6 7 16 9 -2 -7 12 18 14 -8 19 -4 -18 -3 -9 21 -5
right_child=2 4 3 20 5 10 13 15 -10 -11 -12 -13 -14 -15 -16 -17 17 -19 -20 -21 -22 -23
leaf_value=-0.031088923830073521 -0.014465931732785396 -0.02903105237887273 0.0038505382941157198 0.0072448632160333117 -0.011081236980294435 0.016726897757124874 -0.0074624956260274499 0.0099012845243465018 -0.01822890973065483 0.0071024588613986077 -0.0043994390155979932 0.00022109057052664496 0.012539636433391919 -0.0098133703730787034 0.01924435708883503 0.0062839740195159907 0.0012052527561143686 -0.015824002422151533 -0.0054159372408252617 -0.026763958359307782 0.010755561403680473 -0.0060197538125677883
leaf_weight=103.97559518807554 95.150845112255865 144.35111142299104 86.691875227799756 775.87876931287974 275.00703989616159 75.724714617877908 33.04812659441086 12.657813125464598 111.78161044321951 153.80986121901424 115.11508254225919 47.455169177846983 11.154184741788411 31.70418023817183 129.60443868079165 272.77803701381345 79.714894832934078 233.57232947123703 44.092848132348081 24.164268312830245 803.36097680073726 192.5366495577473
leaf_count=477935 84884 258943 5916 11086 68448 7960 2802 513 110632 69075 26462 6365 2930 1551 5287 8427 4389 25377 18870 1509 10521 4309
internal_value=2.55734e-10 -0.0124736 0.00338561 0.00480011 -0.00936606 -0.00478044 -0.000361963 -0.00317811 -0.00695253 -0.00138111 0.00439889 -0.0174904 -0.021511 0.00957195 0.0137001 0.00340094 -0.00822931 -0.0115877 -0.0240569 -0.0147373 0.00742097 0.00457307
internal_weight=3853.33 816.876 3036.45 2675.71 712.9 465.847 903.936 709.579 360.742 248.961 190.84 247.053 199.598 194.357 162.653 309.6 399.979 313.287 188.444 36.8221 1771.78 968.415
internal_count=1214191 867913 346278 81687 389978 102870 55771 46131 264591 153959 34422 287108 280743 9640 8089 10449 35682 29766 277813 2022 25916 15395
is_linear=0
shrinkage=0.04


Tree=107
num_leaves=23
num_cat=0
split_feature=26 10 8 13 12 22 28 18 31 17 9 26 27 15 30 0 31 17 17 13 16 27
split_gain=97.9045 35.2394 29.0294 16.7594 15.0564 14.4748 11.5782 11.6671 12.0447 12.6487 10.523 10.4601 10.0439 10.0792 9.8902 9.887 9.70237 9.58166 9.55777 9.52492 9.36579 9.15193
threshold=0.50574043393135082 0.002432426437735558 0.9234740436077119 0.14638990908861163 0.0058303745463490495 46.500000000000007 0.37478668987751013 2.7206075191497807 6.9607896804809579 5.4094088077545175 0.80292102694511425 0.30634529888629919 0.70287111401557933 3.3842465877532963 0.79979994893074047 0.19581811875104907 2.6735538244247441 6.2176032066345224 7.0833876132965097 0.31486493349075323 4.896609067916871 0.89877825975418102
decision_type=2 2 2 2 2 2 2 2 2 2 2 2 2 2 2 2 2 2 2 2 2 2
left_child=4 14 3 15 -1 6 10 8 -8 -10 17 -6 13 -4 -2 -3 -9 20 19 -13 -5 -11
right_child=1 2 12 5 11 -7 7 16 9 21 -12 18 -14 -15 -16 -17 -18 -19 -20 -21 -22 -23
leaf_value=-0.030583862367840386 0.0025802034867128034 -0.016742893407663655 0.0014181925287537916 0.010009459019071791 -0.024773481975019131 0.0089560928056995129 0.017608092563826856 0.00011102138909363206 0.016491548522480845 -0.0048455913319380853 0.0079159501420371405 -0.013829388999008221 0.016307090832746354 0.008214409073517762 -0.020353290943122208 0.012971296337664636 -0.021717855721970526 -0.013848950170100145 -0.016945138273479588 0.0019977306691451573 -0.0085417918004527908 0.019701299030493644
leaf_weight=83.342759937603773 36.307186546001049 128.1641750987319 528.41842095524407 63.328500737079594 79.872158480155917 261.97494801091489 94.600320300873136 95.014570415405615 62.796813238121103 228.29535334107641 64.568059187552535 86.875338655946507 161.34233154845424 1047.6687222582768 121.6314025511665 13.110428301220962 39.498313922487796 222.33963456834408 141.78830772359288 157.93161244439398 97.389618421375417 17.178097954718396
leaf_count=377256 57751 33664 14101 4016 135016 14329 891 5969 1702 9138 2880 88599 1679 16255 286400 445 6051 29001 89050 31193 8710 95
internal_value=8.07058e-10 0.00262858 0.00357727 -0.000735629 -0.0154651 0.000783539 -0.00145821 0.00248412 0.00586892 0.00182642 -0.00614193 -0.0121787 0.00700789 0.00595913 -0.0152416 -0.0133102 -0.00735809 -0.00865262 -0.00901755 -0.0039412 -0.00107382 -0.00242388
internal_weight=3833.44 3283.63 3125.69 1388.26 549.81 1246.98 985.009 537.383 402.871 308.27 447.626 466.467 1737.43 1576.09 157.939 141.275 134.513 383.058 386.595 244.807 160.718 245.473
internal_count=1214191 493077 148926 116891 721114 82782 68453 23846 11826 10935 44607 343858 32035 30356 344151 34109 12020 41727 208842 119792 12726 9233
is_linear=0
shrinkage=0.04


Tree=108
num_leaves=23
num_cat=0
split_feature=26 26 10 31 10 16 0 23 3 15 23 26 22 16 2 2 27 31 22 0 22 4
split_gain=95.5107 40.0838 20.0015 20.5147 16.5173 16.3371 13.8363 11.3564 10.5593 10.5158 10.3501 10.9556 9.75965 16.0476 9.66924 9.39569 9.36766 9.6704 12.2542 14.0623 11.9457 10.3793
threshold=0.73549595475196849 0.39976622164249426 0.0028739577392116193 3.3315663337707524 0.74085366725921642 4.733628749847413 0.14260697364807132 2.5000000000000004 0.072977595031261458 3.5694335699081425 2.5000000000000004 0.7226543426513673 21.500000000000004 4.9787347316741952 0.082713048905134215 0.083482556045055403 0.89877825975418102 8.9077382087707537 37.500000000000007 0.12245209142565729 45.500000000000007 0.27750679850578314
decision_type=2 2 2 2 2 2 2 2 2 2 2 2 2 2 2 2 2 2 2 2 2 2
left_child=1 7 3 -3 6 -4 14 8 -1 16 11 -7 13 -11 -2 -12 17 20 21 -20 -6 -19
right_child=4 2 5 -5 9 10 -8 -9 -10 12 15 -13 -14 -15 -16 -17 -18 18 19 -21 -22 -23
leaf_value=-0.021644687868573879 -0.034889092197803083 0.0054033471664256738 -0.014213580719744304 -0.030549190869295403 0.00099738323212229373 0.0041013575618024144 0.00308869807547221 -0.032242655380262629 -0.0031478733000838079 -0.01896942085325462 -0.0077673799389545144 -0.022224954700568515 0.0097169433797108361 0.012309493343602481 -0.0042822207292609561 0.0050295566935407423 0.02032195129814228 0.022107583970654866 -0.029143727852141681 0.0015978114524956197 0.013938729824753167 -0.00359161139843502
leaf_weight=114.31717008598412 25.731622363613496 32.461223482600417 161.85875252485766 74.681122115284552 439.60511855065124 527.75736445364601 92.727983983413651 89.141684732403974 88.429277232009554 43.484947163291508 399.67091432376219 16.671842564661347 1131.5904936959487 42.074915267003234 36.750855797913573 110.75642960343976 36.427659655179013 23.431359648995567 45.916220430925023 39.740356896683807 144.98089140661978 93.392871611344162
leaf_count=202892 25942 60858 41100 359780 7438 57514 30715 215332 57216 1061 98418 959 13697 625 19747 11336 245 834 2515 923 1634 3410
internal_value=-8.31113e-10 -0.00735628 -0.00431995 -0.0201251 0.00542168 -0.00277545 -0.00683701 -0.0205283 -0.0141043 0.00638286 -0.000903374 0.00290886 0.00873504 -0.0039092 -0.0199613 -0.00494732 0.00284318 0.0017894 -0.0055647 -0.0162052 0.00438736 0.0028996
internal_weight=3811.6 1615.75 1323.86 107.142 2195.86 1216.72 155.21 291.888 202.746 2040.64 1054.86 544.429 1217.15 85.5599 62.4825 510.427 823.494 787.067 202.481 85.6566 584.586 116.824
internal_count=1214191 1105405 629965 420638 108786 209327 76404 475440 260108 32382 168227 58473 15383 1686 45689 109754 16999 16754 7682 3438 9072 4244
is_linear=0
shrinkage=0.04


Tree=109
num_leaves=23
num_cat=0
split_feature=26 8 10 12 7 5 10 24 13 3 17 13 3 3 12 28 27 13 5 9 22 15
split_gain=91.5704 25.8058 25.799 21.2567 17.834 15.7283 18.8197 16.1102 14.7862 13.6959 12.01 11.9088 11.666 32.8169 11.0746 10.6309 17.7245 12.9245 10.5662 11.0531 11.125 9.58342
threshold=0.57768526673316967 0.9234740436077119 0.0046083058696240195 0.27862021327018743 0.80224251747131359 1.1192067265510561 0.23882629722356799 1.7005987167358401 0.0029985255096107726 0.17430504411458972 8.2956724166870135 0.59608373045921337 0.051280438899993903 1.0000000180025095e-35 0.97389644384384166 0.101200208067894 0.027542266063392166 0.6861734688282014 0.62760490179061901 0.37332038581371313 10.500000000000002 6.4960203170776376
decision_type=2 2 2 2 2 2 2 2 2 2 2 2 2 2 2 2 2 2 2 2 2 2
left_child=2 3 -1 -2 12 10 7 -7 9 -4 14 -6 13 -5 -3 18 -17 -18 19 20 -10 -8
right_child=1 5 8 4 11 6 21 -9 15 -11 -12 -13 -14 -15 -16 16 17 -19 -20 -21 -22 -23
leaf_value=-0.030461358642688532 -0.016623292915601565 0.024773803035120359 -0.025820934994018198 -0.0020616546685257235 -0.0098643854827271098 0.0035515322393646119 0.0055649323618279754 -0.020821265751732862 0.012927006508694574 0.0085932755560943798 -0.0099989037043678713 0.017158010462055444 0.0029089482103898763 -0.034292850887989744 0.0024697254039306791 0.01366964789302757 -0.023207943012257384 0.00079710193066385635 0.00082287384493959302 0.0022201957494871554 -0.021156905065497344 0.021085459304972649
leaf_weight=97.165863214669457 118.09781198391602 141.03455339311449 109.76903893255997 446.72419126614659 24.984125365997897 88.995656149135357 1317.5896194037578 70.378280257667484 10.123882522522761 16.87985888721596 18.888656718583661 133.77775282668881 480.292381266132 47.229394343667082 49.733285431982949 89.318161113862516 46.592324365556124 96.354360767705657 94.284924108131236 47.141939772125625 184.04931910575124 58.710122210133704
leaf_count=477935 120500 6795 234216 29214 1092 59676 17182 76446 1338 3069 1525 1356 23126 8566 446 13847 21151 20080 13296 6408 76573 354
internal_value=3.65461e-11 0.003203 -0.0120118 -0.00117793 0.000563349 0.0063322 0.00486179 -0.00780516 -0.00903488 -0.020941 0.0163909 0.012573 -0.00150159 -0.00576277 0.0193718 -0.00606307 0.000532591 -0.00803297 -0.0105112 -0.0147961 -0.0188337 0.00637433
internal_weight=3788.12 2996.44 791.68 1251.11 1133.01 1745.33 1535.67 159.374 694.514 126.649 209.656 158.762 974.246 493.954 190.768 567.865 232.265 142.947 335.6 241.315 194.173 1376.3
internal_count=1214191 346278 867913 183854 63354 162424 153658 136122 389978 237285 8766 2448 60906 37780 7241 152693 55078 41231 97615 84319 77911 17536
is_linear=0
shrinkage=0.04


Tree=110
num_leaves=23
num_cat=0
split_feature=26 12 8 31 7 0 12 31 17 12 8 12 24 2 6 9 8 28 2 8 27 31
split_gain=88.2855 32.1716 25.3805 20.0446 19.9871 19.2069 13.8503 13.0716 13.5112 10.9577 10.878 10.4855 10.0866 11.5919 11.9 9.93351 9.70584 13.1743 9.60587 14.5402 9.92753 9.4264
threshold=0.50574043393135082 0.27862021327018743 0.72192299365997326 3.4334666728973393 0.65954312682151806 0.21484670788049701 0.0058303745463490495 7.4984102249145517 6.2176032066345224 0.61206930875778209 0.9234740436077119 0.10764531418681146 3.113268375396729 0.099930986762046828 0.6750871241092683 0.78465908765792858 0.47047016024589544 0.38959158957004553 0.036852121353149421 0.43299047648906713 0.062157308682799346 9.6425895690917987
decision_type=2 2 2 2 2 2 2 2 2 2 2 2 2 2 2 2 2 2 2 2 2 2
left_child=6 3 4 10 7 21 -1 9 18 -3 11 -2 13 -10 -15 16 17 -8 20 -20 -9 -5
right_child=1 2 -4 5 -6 -7 15 8 12 -11 -12 -13 -14 14 -16 -17 -18 -19 19 -21 -22 -23
leaf_value=-0.029944803224441003 -0.00080365804041558717 -0.01355406291815525 0.0070449849966759083 -0.026806552744768366 0.010937015638859295 0.0041302769427535068 -0.018458412148722649 -0.006867381953990912 -0.018365678874151057 0.0049070486279260313 0.0075218120473374839 -0.030781243387313469 0.010337758006803217 0.010317970315639731 -0.023926221956602732 0.0069296608501620682 -0.00026029346113474436 0.0087101988322545575 -0.029078105034734403 0.0016706598506353693 0.015909424457455509 0.0048151888969263541
leaf_weight=77.880732183094779 59.203133039518434 50.22503407781187 1716.3675365581566 132.28875495488364 185.96257193878409 49.592039955729888 318.81930968957158 40.540211663741502 228.81614592560436 350.13916680790862 132.52174844037836 17.649862248828867 21.908507956090034 48.827228359939909 12.440160540150826 35.703224943483292 73.621139649088036 25.498387680464702 25.831194380069064 75.390646473970264 75.565853294976478 13.767781474609363
leaf_count=377256 33084 8415 26174 244133 3659 33441 301510 7341 41308 12326 23853 4329 2503 2563 1065 4760 27552 10036 4455 4725 6815 32888
internal_value=-2.64183e-10 0.00249363 0.00400607 -0.00792337 -0.000690214 -0.0167941 -0.0149521 -0.00310762 -0.00717776 0.00231727 0.000753546 -0.0104396 -0.0123795 -0.0143825 0.000983189 -0.0117878 -0.0135114 -0.0162574 0.000505789 -0.00808514 0.00804263 -0.0237082
internal_weight=3768.56 3237.04 2832.01 405.023 1115.65 195.649 531.523 929.684 529.32 400.364 209.375 76.853 311.992 290.084 61.2674 453.642 417.939 344.318 217.328 101.222 116.106 146.057
internal_count=1214191 493077 121349 371728 95175 310462 721114 91516 70775 20741 61266 37413 47439 44936 3628 343858 339098 311546 23336 9180 14156 277021
is_linear=0
shrinkage=0.04


Tree=111
num_leaves=23
num_cat=0
split_feature=26 26 10 14 29 28 15 18 29 28 4 28 15 18 13 7 4 30 8 17 1 29
split_gain=84.572 31.2238 21.6584 13.383 13.4869 14.9212 11.48 19.4527 12.9919 17.5022 12.929 12.5112 11.3478 10.7348 10.6949 10.6287 16.9204 14.8077 11.5392 12.823 14.8568 19.3198
threshold=0.50574043393135082 0.78283172845840465 0.0028739577392116193 1.0513386130332949 0.10301288589835168 0.11007575318217279 3.3497501611709599 2.5128110647201543 0.81734541058540355 0.27144192159175878 1.0217928290367129 0.47017715871334081 1.4978661537170412 5.3883748054504403 0.010912812780588867 0.83054965734481823 0.68356338143348705 1.6288328170776369 0.67261725664138805 5.0271160602569589 0.44073051214218145 0.28235225379467016
decision_type=2 2 2 2 2 2 2 2 2 2 2 2 2 2 2 2 2 2 2 2 2 2
left_child=3 2 13 -1 5 -5 7 8 9 -3 15 -9 -4 -2 -14 16 18 -18 19 -8 21 -21
right_child=1 6 12 4 -6 -7 10 11 -10 -11 -12 -13 14 -15 -16 -17 17 -19 -20 20 -22 -23
leaf_value=-0.024329705970056539 0.0043361357911066061 0.0148481729769416 -0.011411659955730132 -0.0086051616624430709 -0.01985945675523329 0.015971579710412576 0.01654413089976851 -0.024280097124418424 0.016770269322031704 -0.0042722268493035455 -0.0070531152888386409 -0.0023111635727381102 -0.013592405780410611 -0.026263471865965712 0.0016360097702652829 0.015699377489728397 0.0079983514784595644 -0.02501031186997342 0.011329501754580617 0.010876649284203543 0.010941685716875409 -0.023660520554591363
leaf_weight=157.5442195332771 20.287091526608492 101.57184639808838 131.42098463703223 196.02260438018948 131.95742853583442 39.301916464877195 47.426930566856754 49.869926128100815 118.4871026746041 235.19665056958911 77.540397509681497 143.13171039610643 69.22656398063009 72.635916515991994 1068.2201115174012 290.01985681969472 32.435942767828237 38.843081484073082 574.68496200555364 30.381098252721131 51.180591583794012 74.659060106090692
leaf_count=317135 12590 1758 19284 112121 280357 11501 806 7259 1037 4039 5427 18576 20230 295757 79285 9238 1115 2406 9602 939 1073 2656
internal_value=4.60808e-10 0.00243447 -0.00216194 -0.0147355 -0.0100843 -0.00401684 0.00578356 0.00145278 0.00594053 0.00175651 0.00805947 -0.00890416 -0.000724664 -0.0198107 0.000598807 0.00914013 0.00674451 -0.0108535 0.00847335 0.000260387 -0.00538108 -0.0135941
internal_weight=3752.05 3227.22 1361.79 524.826 367.282 235.325 1865.43 648.257 455.256 336.768 1217.17 193.002 1268.87 92.923 1137.45 1139.63 849.612 71.279 778.333 203.648 156.221 105.04
internal_count=1214191 493077 427146 721114 403979 123622 65931 32669 6834 5797 33262 25835 118799 308347 99515 27835 18597 3521 15076 5474 4668 3595
is_linear=0
shrinkage=0.04


Tree=112
num_leaves=23
num_cat=0
split_feature=26 26 12 31 8 31 18 12 29 0 2 14 28 28 29 13 2 0 23 8 22 1
split_gain=82.662 34.6836 16.5479 21.0688 21.1037 17.9864 17.5308 15.1862 13.1006 12.1067 12.3463 11.7231 15.7311 11.4999 26.3715 10.9777 12.0188 11.0009 10.6407 10.2475 15.2282 12.0448
threshold=0.73549595475196849 0.39976622164249426 0.6772570312023164 3.3315663337707524 0.47047016024589544 6.3935852050781259 3.757416963577271 0.27862021327018743 0.51549240946769725 0.14260697364807132 0.07647965103387834 1.900012791156769 0.39867605268955236 0.10724555701017381 0.14922130107879641 0.15012575685977939 0.043190436437726028 0.12864161282777789 2.5000000000000004 0.9234740436077119 46.500000000000007 0.53617098927497875
decision_type=2 2 2 2 2 2 2 2 2 2 2 2 2 2 2 2 2 2 2 2 2 2
left_child=1 18 3 4 8 -4 -5 9 -3 10 -2 -6 -13 -7 -15 17 -17 -16 -1 20 21 -9
right_child=7 2 5 6 11 13 -8 19 -10 -11 -12 12 -14 14 15 16 -18 -19 -20 -21 -22 -23
leaf_value=-0.013308537925624813 -0.032628391241255446 -0.032788196409480032 0.0092442906558238957 -0.00065974683354665835 0.015919882923085042 -0.0096821757847203732 -0.032194833347197707 -0.0045287934954374677 0.0054322024105242636 0.0029793782103358828 -0.0022907763680074175 -0.020848492020349149 0.011614519408743378 0.017576949999550905 -0.023536994328984925 0.0046732249813521577 -0.012859965242026762 0.011192938415463162 -0.031382687085958885 0.0083264979068470839 0.01239911107107026 0.0082283659510085788
leaf_weight=194.62080893103462 31.04041008290551 38.52559339752122 191.48473114453009 39.475253650613013 68.902504678445894 330.55770093871797 92.66823827821861 406.22168077005335 16.782480762734849 114.13835508422562 48.449729527521413 39.313434368218623 37.302463855764927 96.246410321127769 64.89730900410359 182.05440557566908 82.852371099826996 11.783886091485327 81.963542370122923 1235.7983629111604 171.51915995676245 155.60140863384731
leaf_count=260108 25126 32511 12260 7181 25699 75544 365017 13457 10044 31107 21567 11363 14036 7247 36389 21200 10241 1233 215332 11883 3216 2430
internal_value=7.00338e-10 -0.00696348 -0.00413638 -0.0116809 -0.00316932 -0.00142582 -0.0234835 0.0050619 -0.0221348 -0.00541733 -0.0164597 0.00499879 -0.00552688 -0.00416943 0.000115871 -0.00516399 -0.00107878 -0.0175244 -0.0195728 0.0061145 0.00232507 -0.000913487
internal_weight=3732.2 1569.43 1292.85 332.97 200.826 959.877 132.143 2162.77 55.3081 193.628 79.4901 145.518 76.6159 768.392 437.834 341.588 264.907 76.6812 276.584 1969.14 733.342 561.823
internal_count=1214191 1105405 629965 465851 93653 164114 372198 108786 42555 77800 46693 51098 25399 151854 76310 69063 31441 37622 475440 30986 19103 15887
is_linear=0
shrinkage=0.04


Tree=113
num_leaves=23
num_cat=0
split_feature=26 8 10 7 4 26 5 28 7 12 17 28 13 30 2 4 2 12 5 9 1 5
split_gain=78.7685 30.4666 26.003 17.1342 14.8572 16.8558 15.3035 14.2668 14.2181 13.0422 12.382 12.0675 11.6775 10.3258 9.84524 10.4356 10.1796 11.6549 9.67883 9.47101 9.67723 13.4951
threshold=0.50574043393135082 0.9234740436077119 0.0098837832920253294 0.80224251747131359 1.1016471982002261 0.85254633426666271 1.2007402777671816 0.71719485521316539 0.10753788799047471 0.0058303745463490495 9.2104907035827654 0.014931393321603538 0.14638990908861163 3.7274756431579594 0.057419728487730033 0.20298109203577044 0.021424601785838607 0.60590592026710521 1.0000000180025095e-35 0.78465908765792858 0.063784554600715651 0.43944992125034338
decision_type=2 2 2 2 2 2 2 2 2 2 2 2 2 2 2 2 2 2 2 2 2 2
left_child=9 2 18 10 5 7 -7 8 11 -1 12 -3 -4 14 15 -10 17 -17 -2 20 21 -11
right_child=1 4 3 -5 -6 6 -8 -9 13 19 -12 -13 -14 -15 -16 16 -18 -19 -20 -21 -22 -23
leaf_value=-0.029363169273610545 0.013896920292215207 0.00068492382628828491 -0.013220043646507945 0.010822859132184707 -0.0085805199779026859 0.025412173005772334 0.0085215777180013344 0.021644881644188142 -0.031119854352788922 -0.022162547854557652 -0.020622362830359009 0.017036147606946335 -0.00011051725480843839 -0.014125725613923843 0.0053437479852843526 -0.020890306595955907 -0.013974844038814063 0.011129547532147043 -0.027975843998979923 0.0070985214469698604 -0.0038627968645735273 -0.0013721178143262839
leaf_weight=73.129035023006054 3.9563546554841187 159.1477426473416 111.84984319722935 168.93290511610394 100.07819860959444 91.414312052811511 767.55058133843977 48.517104527381889 14.81431275233126 204.20018422717294 47.223907655352377 123.55638285096984 1010.2789628872633 94.178033508885619 230.31626502332756 12.998504858686827 66.592114080598094 82.809572433412541 66.220044020519708 34.918783957104097 134.56614847050014 66.94513925047977
leaf_count=377256 3026 9414 29910 3044 17096 529 14717 13866 2235 209137 8021 7215 68231 36483 49888 19750 19573 1451 188628 4760 93465 36496
internal_value=1.3551e-09 0.00234651 -0.00204836 -0.000717315 0.005793 0.00668863 0.0105909 0.0025865 0.00115008 -0.0143831 -0.00246212 0.00816914 -0.00152246 -0.00288738 -1.41507e-05 -0.00689101 -0.00300394 0.00522156 -0.0241763 -0.0113006 -0.0130168 -0.0172608
internal_weight=3714.19 3200.44 1408.46 1338.29 1791.97 1691.89 858.965 832.93 784.413 513.759 1169.35 282.704 1122.13 501.709 407.531 177.215 162.4 95.8081 70.1764 440.63 405.711 271.145
internal_count=1214191 493077 300860 109206 192217 175121 15246 159875 146009 721114 106162 16629 98141 129380 92897 43009 40774 21201 191654 343858 339098 245633
is_linear=0
shrinkage=0.04


Tree=114
num_leaves=23
num_cat=0
split_feature=26 10 10 26 3 3 3 26 15 2 16 4 7 2 15 9 1 23 16 4 0 5
split_gain=76.2204 22.4105 22.3674 17.7066 18.3962 26.7077 21.1289 13.0706 12.0717 9.62119 9.29302 9.19999 15.2817 13.6152 12.555 9.4851 9.04176 14.6695 11.8875 9.24543 10.3136 12.6661
threshold=0.57768526673316967 0.0046083058696240195 0.0002851366152754054 0.88382774591445934 0.063662458211183562 1.0000000180025095e-35 0.022492461837828163 0.30634529888629919 5.744603395462037 0.048216501250863082 4.8150444030761728 0.073672004044055953 0.43489180505275732 0.0015999326715245845 4.1510088443756112 0.16899706423282626 0.30386959016323095 2.5000000000000004 4.6925911903381357 0.12774438410997394 0.020725429058074955 1.2564078569412234
decision_type=2 2 2 2 2 2 2 2 2 2 2 2 2 2 2 2 2 2 2 2 2 2
left_child=1 -1 -2 4 5 11 -7 -3 16 -8 -9 13 15 -4 -14 -13 17 -6 -18 -19 21 -21
right_child=2 7 3 -5 8 6 9 10 -10 -11 -12 12 14 -15 -16 -17 18 19 -20 20 -22 -23
leaf_value=-0.029395407337763978 -0.013815723706188427 -0.023500962280758708 -0.01069255141453189 0.0076797008454927828 0.0070419097709620007 -0.039927611692028589 0.0058312674004787988 -0.015952328965085322 0.019406682313337371 -0.019661212088940918 -0.0036460329217976144 -0.00068474809180948514 -0.0033055219952216977 0.0142462418676841 0.012028365957663054 -0.015563710171900686 -0.012209562355371842 0.0030912498165191443 0.010736956628499144 0.013756342092730729 -0.019753620951107737 -0.024755013976027373
leaf_weight=87.044796897557035 112.9653235615483 72.999823246221467 39.065950850928857 1064.409351169139 221.23802817649039 40.806659061201572 45.494895875121983 116.95732761950148 77.285328692630173 32.79830763782229 478.0377241393453 120.83109451029304 189.81367130178614 125.34424774616309 140.69769490439649 151.39912126783292 32.209823285970288 85.765868306611083 319.13672994396302 35.429222451348323 97.738573301340693 9.6170757760746692
leaf_count=477935 221045 135502 3159 11014 9075 9419 3372 64895 2637 3359 189581 8842 13351 4312 5972 14339 3708 3589 17574 2003 8764 744
internal_value=3.86322e-10 -0.0112516 0.00291591 0.00363032 0.00115831 -0.00289242 -0.0197246 -0.00848862 0.00523172 -0.00586524 -0.00628876 -5.90493e-05 -0.00236543 0.00804716 0.00338361 -0.00921785 0.00364187 -0.000140313 0.00835365 -0.00709649 -0.0130177 0.00253094
internal_weight=3697.09 755.04 2942.05 2829.08 1764.67 886.252 119.1 667.995 878.421 78.2932 594.995 767.152 602.742 164.41 330.511 272.23 801.135 449.789 351.347 228.551 142.785 45.0463
internal_count=1214191 867913 346278 125233 114219 66125 16150 389978 48094 6731 254476 49975 42504 7471 19323 23181 45457 24175 21282 15100 11511 2747
is_linear=0
shrinkage=0.04


Tree=115
num_leaves=23
num_cat=0
split_feature=8 12 10 13 31 31 31 27 16 9 15 24 15 1 0 14 30 22 18 15 8 8
split_gain=71.6795 33.093 29.4436 26.6543 24.1618 30.2213 23.1784 22.133 17.8676 14.0268 18.2876 13.8831 13.4384 12.5764 12.4784 11.2936 10.4608 10.1564 8.97454 9.73815 8.34562 8.07062
threshold=0.57013472914695751 0.6602836847305299 0.23882629722356799 0.0029985255096107726 3.4334666728973393 8.9077382087707537 6.9275536537170419 0.54118561744689953 4.7505102157592782 0.48288759589195257 2.7403194904327397 1.2424533367156985 3.3842465877532963 0.032531885430216796 0.1408096253871918 1.900012791156769 0.066255312412977233 12.500000000000002 3.0378198623657231 6.7621498107910165 0.42049446702003485 0.045320698991417892
decision_type=2 2 2 2 2 2 2 2 2 2 2 2 2 2 2 2 2 2 2 2 2 2
left_child=1 7 4 16 15 14 -5 18 -8 10 17 -11 -4 20 -6 -2 -3 -10 -1 -20 -12 -15
right_child=2 3 12 6 5 -7 8 -9 9 11 13 -13 -14 21 -16 -17 -18 -19 19 -21 -22 -23
leaf_value=0.0069880573459538764 0.020536094616909022 0.0071455280241178813 0.0014013081931273609 0.0070712623801315677 -0.032797201575081196 0.016305632504319954 -0.021827836231530961 0.0045558367109527955 0.010485509079888631 -0.0048432224756076196 -0.021973361186681729 0.019757408540233046 0.0081629338867842648 0.015473159885417139 -0.0071240425412216557 -0.0037832530380844357 -0.025283550981029409 -0.024587426647975683 -0.029980715829190933 0.0098633283332386201 0.0067458211527977631 -0.0013584859332770819
leaf_weight=8.5446603860461874 42.271615034729393 13.98327371987534 725.57588707216382 296.63708868949925 88.47798636250036 29.059805456433651 90.032904027534642 42.067680470752066 9.5023177613511489 66.819895666056254 57.950949713846967 63.734903055508767 1352.3098421910781 46.708828508219085 53.593679728462575 67.489975052752015 107.72399762834266 93.79419303609393 175.63821133998817 5.8372587091271262 16.088433891971363 225.74500530566365
leaf_count=2519 22635 7254 27063 19560 184971 63404 25428 39015 1136 5575 24159 3388 29292 4745 47242 29049 214808 27844 399708 3993 3924 27479
internal_value=-1.91428e-10 -0.00742823 0.00417327 -0.00440785 -0.00778864 -0.0168162 -0.00208583 -0.0208294 -0.00618216 -0.0034263 -0.00675843 0.00771766 0.00581987 -0.00213164 -0.0242178 0.00651537 -0.021298 -0.0207203 -0.0263962 -0.0282509 -0.0156727 0.00197274
internal_weight=3679.59 1320.81 2358.78 1088.72 280.893 171.131 967.015 232.088 670.377 580.345 449.79 130.555 2077.89 346.493 142.072 109.762 121.707 103.297 190.02 181.475 74.0394 272.454
internal_count=1214191 810535 403656 365300 347301 295617 143238 445235 123678 98250 89287 8963 56355 60307 232213 51684 222062 28980 406220 403701 28083 32224
is_linear=0
shrinkage=0.04


Tree=116
num_leaves=23
num_cat=0
split_feature=8 12 13 1 9 3 3 4 28 12 31 31 4 7 5 15 12 0 14 15 17 5
split_gain=68.7496 51.5942 36.0116 20.3072 19.6206 19.1088 15.0398 13.5527 14.5147 15.0385 19.3285 18.9246 12.1056 12.0196 14.11 12.7036 12.2412 10.8941 10.7775 10.2724 9.94402 9.91068
threshold=0.9234740436077119 0.0081809018738567846 0.15816279500722888 0.02065281663089991 0.28940977156162268 0.05583061836659909 1.0000000180025095e-35 1.1016471982002261 0.73082149028778087 0.25833334028720861 3.4334666728973393 8.9077382087707537 0.94164064526557933 0.9663875699043275 0.027373435907065872 1.8688347935676577 0.97416847944259655 0.15271175652742389 1.900012791156769 6.0366761684417733 9.8548717498779315 0.43944992125034338
decision_type=2 2 2 2 2 2 2 2 2 2 2 2 2 2 2 2 2 2 2 2 2 2
left_child=1 12 5 4 -4 6 21 8 9 10 18 17 -1 14 -5 16 -16 -12 -2 -11 -17 -3
right_child=7 2 3 13 -6 -7 -8 -9 -10 19 11 -13 -14 -15 15 20 -18 -19 -20 -21 -22 -23
leaf_value=-0.032789490245826572 0.022514236717658617 -0.023184941071658249 -0.018152365450435397 0.012446155194572379 0.0051003381648116143 0.0018776907346036377 -0.037123157369544309 -0.0083768165279980589 0.016096170608386366 0.0052620813087114974 -0.033018741252656844 0.014863864486171561 0.0050065544545392898 0.011908052783258198 -0.022282533201524991 0.00088989510070797487 0.0018978086561444139 -1.2683471853491511e-05 -0.0046764524602775793 0.018214338744863438 -0.024634801601799206 -0.003062484774453689
leaf_weight=115.24897862279477 33.599613458477506 73.26552895218606 173.32121513338279 115.04383236064677 79.602065896004206 69.920772411621329 64.356441728592017 97.875751104655592 205.69463211873244 1242.2159593104934 57.042010241827484 16.929653585024425 12.465691502143043 141.1369168866222 76.433652356274251 773.07658432112657 52.30562265599292 21.025912897960552 44.183036418193296 99.098339891497744 15.207082618333514 80.59470528077145
leaf_count=508981 10087 108257 50367 11610 8331 25718 131233 17107 16530 22568 112751 31086 14859 1994 13971 58620 2372 16879 16012 907 2742 31209
internal_value=-3.53633e-11 -0.00543153 -0.00351728 -0.000867948 -0.0109184 -0.0161611 -0.0217701 0.00550379 0.00633762 0.00491497 -0.00593899 -0.0172743 -0.0290047 0.00137274 -0.000168432 -0.00186817 -0.0130296 -0.0251401 0.0082958 0.00634672 9.50596e-05 -0.0134746
internal_weight=3659.64 1841.98 1714.26 1426.13 252.923 288.137 218.217 1817.66 1719.79 1514.09 172.78 94.9976 127.715 1173.2 1032.07 917.023 128.739 78.0679 77.7826 1341.31 788.284 153.86
internal_count=1214191 970264 446424 150007 58698 296417 270699 243927 226820 210290 186815 160716 523840 91309 89315 77705 16343 129630 26099 23475 61362 139466
is_linear=0
shrinkage=0.04


Tree=117
num_leaves=23
num_cat=0
split_feature=14 12 31 15 31 31 29 12 3 18 28 16 22 16 3 15 28 16 28 28 17 30
split_gain=65.26 31.7875 22.8962 19.2132 20.393 17.1968 17.1756 15.0567 14.5555 13.1801 13.407 12.7137 13.1264 14.008 12.0707 11.5338 10.8778 12.2208 11.4069 16.9713 11.2927 11.7418
threshold=1.3162323236465456 0.27862021327018743 3.4334666728973393 3.113268375396729 6.4472041130065927 8.9077382087707537 0.74085599184036266 0.6602836847305299 0.042307175695896156 1.6907935142517092 0.058595666661858566 4.9643175601959237 25.500000000000004 4.8518676757812509 0.0040232955943793067 6.6180710792541513 0.41987481713294988 4.7737488746643075 0.53546184301376354 0.65618571639060985 9.2104907035827654 1.851102948188782
decision_type=2 2 2 2 2 2 2 2 2 2 2 2 2 2 2 2 2 2 2 2 2 2
left_child=9 2 -2 4 7 -4 8 -3 14 10 -1 12 13 -5 -6 16 20 -18 -19 -20 21 -14
right_child=1 3 5 11 6 -7 -8 -9 -10 -11 -12 -13 15 -15 -16 -17 17 18 19 -21 -22 -23
leaf_value=-0.012850293674682109 0.00063160899257612901 -0.0098410441944547962 -0.022398938212720269 0.0041579970788424916 -0.011462895319303215 0.0084601137854133542 0.0063919359601681052 0.012853518041376187 -0.0021249525537082267 -0.022413993392706496 0.011487745633485865 0.0087577838328890319 0.0060471571956515948 -0.020037417520343083 -0.038470786408150985 0.021720787777523475 -0.008233220729451117 0.020190392087685943 -0.010934918338228223 0.01393074996714035 -0.029148002843297129 -0.007198305475238944
leaf_weight=133.62282377110836 222.5926732343155 52.043559190615269 171.28046536951615 67.427392330549083 211.6440244317464 28.93560828549289 150.5880134366671 201.49115754010381 267.58329350126405 200.41895839082378 39.813959033102037 986.75712647687578 228.93693355818687 70.669559470341483 24.327105306009798 46.332344388549245 53.78350607194443 121.66891413984558 64.4405905396452 98.601491956127575 12.233867457433915 184.05097778884738
leaf_count=126489 83423 7254 324149 4811 33031 94806 2320 6154 23337 374458 18348 48746 18967 6564 14055 1901 1597 2327 1202 925 2692 16635
internal_value=-4.61486e-10 0.00182869 -0.00828122 0.00335621 -0.00143495 -0.0177488 -0.00515651 0.00799831 -0.00866729 -0.015604 -0.0069416 0.0055996 0.00225571 -0.00874067 -0.0156981 0.0042141 0.00288501 0.00812696 0.011392 0.00403889 -0.00137866 0.000113599
internal_weight=3639.24 3265.39 422.809 2842.58 907.677 200.216 654.142 253.535 503.554 373.856 173.437 1934.9 948.146 138.097 235.971 810.049 763.716 338.495 284.711 163.042 425.222 412.988
internal_count=1214191 694896 502378 192518 86151 418955 72743 13408 70423 519295 144837 106367 57621 11375 47086 46246 44345 6051 4454 2127 38294 35602
is_linear=0
shrinkage=0.04


Tree=118
num_leaves=23
num_cat=0
split_feature=26 14 16 8 10 3 5 12 0 31 0 2 30 8 22 13 3 2 15 31 7 2
split_gain=67.9912 29.2207 18.1951 15.4775 20.0273 14.7751 13.8862 13.468 12.1728 12.6912 10.726 11.0797 10.3928 9.78767 14.7144 11.3101 9.99085 9.5853 10.1842 9.06897 11.9096 11.4696
threshold=0.73549595475196849 1.1306682825088503 4.6776926517486581 0.99376392364501964 0.0098837832920253294 0.072977595031261458 1.0041531920433047 0.27862021327018743 0.10426754131913187 8.9077382087707537 0.14260697364807132 0.07647965103387834 1.980674207210541 0.9234740436077119 46.500000000000007 0.74764797091484081 0.090361312031745925 0.047149829566478736 4.5271940231323251 6.8062760829925546 0.9663875699043275 0.067541476339101805
decision_type=2 2 2 2 2 2 2 2 2 2 2 2 2 2 2 2 2 2 2 2 2 2
left_child=1 5 -3 4 -4 -1 12 10 9 -6 11 -2 -5 14 15 16 -9 -12 -19 -17 -21 -22
right_child=7 2 3 6 8 -7 -8 13 -10 -11 17 -13 -14 -15 -16 19 -18 18 -20 20 21 -23
leaf_value=-0.029095528244600516 -0.031556714625300415 -0.016688719787792124 -0.026817267780530986 0.025894815464214238 -0.0028254392815336002 -0.0043217639315777222 -0.00016699396816724512 -0.022407924527134814 0.0078597936262507981 -0.016492999428979773 0.018509431726343287 -0.0023522427241868585 -0.0031718446402294936 0.0078023693177606485 0.011907418768762935 0.0096418104581262563 0.0065042708276450527 -0.014087020613091916 0.012410277007474855 -0.0055461707911535867 0.022723498277252858 -0.013654577236162566
leaf_weight=116.66300233003972 29.637709302304756 157.56643464533977 56.996075205441002 55.950501812095354 468.82234914484434 61.046392036181942 322.37566751941358 55.922921850535204 110.86968613820864 133.90585643595477 30.966167010748904 47.420977812340425 25.20323572332245 1208.328212015078 167.76958482374903 131.68423537075432 21.654654853278771 54.001035192509335 27.15526386538113 292.65554364191485 40.377518055815017 11.551491032238117
leaf_count=307937 25126 132455 276548 4610 96864 66255 122063 3517 9295 83488 6261 21567 5890 11883 3216 2148 448 19669 5177 9305 343 126
internal_value=-1.47923e-09 -0.00646387 -0.00434439 -0.00256084 -0.00585831 -0.0212689 0.00372552 0.00461278 -0.00383682 -0.00608153 -0.00536256 -0.0159192 0.0175102 0.00561321 0.00189097 -0.00130056 -0.0145163 0.00260217 -0.0048321 0.00110636 -0.00233542 0.0137331
internal_weight=3628.52 1509.4 1331.69 1174.12 770.594 177.709 403.529 2119.13 713.598 602.728 189.181 77.0587 81.1537 1929.94 721.616 553.846 77.5776 112.122 81.1563 476.269 344.585 51.929
internal_count=1214191 1105405 731213 598758 466195 374192 132563 108786 189647 180352 77800 46693 10500 30986 19103 15887 3965 31107 24846 11922 9774 469
is_linear=0
shrinkage=0.04


Tree=119
num_leaves=23
num_cat=0
split_feature=26 8 10 7 5 0 4 28 12 5 26 2 22 26 7 28 3 15 14 4 13 14
split_gain=65.6706 28.1428 21.2486 15.3172 12.5337 14.9587 14.6457 13.9211 14.0365 12.5447 12.82 13.3094 12.7172 10.9642 11.5053 10.7092 10.4689 10.3752 12.9722 10.2953 10.287 9.80568
threshold=0.50574043393135082 0.99376392364501964 0.0098837832920253294 0.9663875699043275 1.2948824763298037 0.13531847298145297 1.0217928290367129 0.71719485521316539 0.46741452813148504 1.0041531920433047 0.78973713517189037 0.088561065495014205 46.500000000000007 0.30171613395214086 0.08657569065690042 0.11007575318217279 0.22840274870395663 4.7916412353515634 1.8295385837554934 1.0217928290367129 0.15012575685977939 2.5001558065414433
decision_type=2 2 2 2 2 2 2 2 2 2 2 2 2 2 2 2 2 2 2 2 2 2
left_child=13 2 -2 20 5 9 7 8 17 -3 11 12 -11 -1 15 -15 -7 18 -6 -5 -4 -14
right_child=1 4 3 19 6 16 -8 -9 -10 10 -12 -13 21 14 -16 -17 -18 -19 -20 -21 -22 -23
leaf_value=-0.025770078232994657 -0.022847784761318261 0.018190119247591272 -0.013288749003324914 0.015835779393726296 0.011299449526031938 0.026382687222214422 -0.011338199213378714 0.014898166442719194 0.0044680446987588728 -0.020538325264531525 0.011137785885606129 0.010675253771299955 -0.010738534403839073 -0.0086064985625833798 -0.019485178629965672 0.011537433245377126 -0.008960693074610334 0.0076736153597123345 -0.023272232381079325 -0.0065908040695771041 -0.001212223593381424 0.024772882011927663
leaf_weight=89.609033586002852 64.76434934575127 99.712455383061751 116.81911458588729 119.80731939589168 15.596786371150754 106.54907064430608 91.404005576277086 166.7853902380366 853.77409664555671 78.761187417973815 128.99931859753633 48.963938621581747 17.334054396033029 220.45588490281125 131.28335637469877 42.608296321906437 10.2754476330374 33.411390843049958 70.598776192402056 37.520370846032165 1051.8647555587813 14.00187162115253
leaf_count=247733 193499 5182 32738 1806 6723 6661 16433 14033 11747 14101 1714 4802 3554 148071 307531 17779 1360 19639 83544 1069 73960 512
internal_value=-2.42185e-10 0.00213466 -0.00209761 -0.000920712 0.00551757 0.0107745 0.00329426 0.00455569 0.00265006 0.00666547 0.00219976 -0.00527906 -0.0126726 -0.0135565 -0.0102125 -0.00504077 0.0228126 -0.00967048 -0.0164923 0.0104131 -0.00252187 0.00728344
internal_weight=3610.9 3126.94 1390.78 1326.01 1736.17 504.597 1231.57 1140.17 973.381 387.773 288.06 159.061 110.097 483.957 394.348 263.064 116.825 119.607 86.1956 157.328 1168.68 31.3359
internal_count=1214191 493077 303072 109573 190005 37886 152119 135686 121653 29865 24683 22969 18167 721114 473381 165850 8021 109906 90267 2875 106698 4066
is_linear=0
shrinkage=0.04


Tree=120
num_leaves=23
num_cat=0
split_feature=8 10 27 10 31 31 13 29 20 15 17 8 30 0 13 3 28 29 30 8 20 31
split_gain=63.9088 34.3713 27.8598 19.2897 20.1716 28.0374 16.3967 15.46 13.6861 12.2219 11.7135 11.6195 12.1445 10.7503 10.3181 10.3122 10.0648 18.2115 9.63874 11.4343 9.4846 9.83189
threshold=0.6613435447216035 0.0098837832920253294 0.25965505838394171 0.23882629722356799 3.4334666728973393 8.9077382087707537 0.0029985255096107726 0.89741638302803051 1.0000000180025095e-35 3.1567740440368657 6.2176032066345224 0.57013472914695751 3.5378576517105107 0.1408096253871918 0.96732208132743847 0.14457233250141147 0.092331953346729292 0.14021408557891848 0.76666662096977245 0.43299047648906713 1.0000000180025095e-35 7.7612791061401376
decision_type=2 2 2 2 2 2 2 2 2 2 2 2 2 2 2 2 2 2 2 2 2 2
left_child=1 7 6 4 -2 13 15 -1 10 20 14 12 -10 -6 -8 -3 -12 -18 19 -16 21 -5
right_child=3 2 -4 9 5 -7 8 -9 11 -11 16 -13 -14 -15 18 -17 17 -19 -20 -21 -22 -23
leaf_value=-0.033397084511548138 0.0076000242398993499 -0.027171875691278338 0.0033903053849818703 0.0037001581736760699 -0.03190300691650387 0.017824729064758193 -0.010464479430815007 0.0082067102303338326 -0.033655403389393317 0.0079686117753244527 -0.016342789867260205 0.0074167012221427013 0.0030991585515375716 -0.0061346663180672865 -0.024635989629682675 0.0044881673190153822 0.016180229739949113 -0.0086845671109967923 0.0094789846241498995 0.010983348020917924 0.012495305878582557 -0.0078636735089780991
leaf_weight=87.282160344240538 98.318929341443891 93.347724059671009 466.08379169207456 251.95775316189065 71.937462336300996 25.945510777954496 75.677751337621885 12.689959869769153 58.69518783440617 1312.1464436766128 158.43426386013107 15.610949286747198 16.184495822031749 46.239376214313779 23.404598587047076 16.507130297861295 49.64004051088159 219.58131844888339 189.96115770466349 17.574863065703539 82.452877329640614 204.09966236662331
leaf_count=444020 42010 229353 28376 5352 154164 50838 23386 11265 20575 23757 54845 1422 3014 39776 5673 4370 6600 35232 17248 1023 2606 9286
internal_value=6.79205e-10 -0.0062763 -0.00455002 0.00450833 -0.00592263 -0.0150422 -0.00850374 -0.0278501 -0.00640134 0.0058993 -0.00443754 -0.020309 -0.0262821 -0.0230858 0.00151212 -0.022437 -0.00864038 -0.00368462 0.0057082 -0.010202 0.000803818 -0.0015327
internal_weight=3593.77 1500.68 1400.7 2093.1 242.441 144.122 934.619 99.9721 824.765 1850.66 734.274 90.4906 74.8797 118.177 306.618 109.855 427.656 269.221 230.941 40.9795 538.51 456.057
internal_count=1214191 886402 431117 327789 286788 244778 402741 455285 169018 41001 144007 25011 23589 193940 47330 233723 96677 41832 23944 6696 17244 14638
is_linear=0
shrinkage=0.04


Tree=121
num_leaves=23
num_cat=0
split_feature=26 8 10 7 4 26 5 28 15 3 14 23 3 3 7 28 6 6 1 28 17 27
split_gain=61.0687 25.2318 21.0948 13.698 13.6485 11.6009 12.6259 11.8348 17.6251 10.8623 14.1495 9.53921 9.53664 27.6483 9.2195 9.91476 9.57974 9.24309 9.14296 9.02899 8.4262 8.25794
threshold=0.50981926918029796 0.9234740436077119 0.0098837832920253294 0.9663875699043275 1.1016471982002261 0.85254633426666271 1.3133918046951296 0.71719485521316539 1.8688347935676577 0.12099079042673112 1.149959444999695 2.5000000000000004 0.051280438899993903 0.0028937865281477575 0.11709614098072053 0.1130361706018448 0.60438981652259838 1.1913692355155947 0.51253026723861705 0.26868365705013281 9.4735498428344744 0.39793096482753759
decision_type=2 2 2 2 2 2 2 2 2 2 2 2 2 2 2 2 2 2 2 2 2 2
left_child=9 2 -2 12 5 7 -7 8 -3 10 -1 -9 13 20 17 21 18 -10 -17 -18 -4 -16
right_child=1 4 3 -5 -6 6 -8 11 14 -11 -12 -13 -14 -15 15 16 19 -19 -20 -21 -22 -23
leaf_value=-0.028031210003843871 -0.023185717850015695 -0.01651900214589393 -0.0014360616727063932 0.0099829080327353721 -0.0088500935489070186 0.01933344932161378 0.0068407148422172746 -0.0046353016213142688 0.011178615279169277 -0.0040204953224823063 -0.010205386154233345 0.029511807959953576 0.0013507805757244468 -0.02950194928796818 -0.02369255829954104 0.008193530819463812 0.0066548532464391873 -0.017322461188391071 -0.015121245668547912 -0.014489339578160967 -0.023631732920585159 0.012225357476299242
leaf_weight=115.24460356915324 61.287687938506224 69.934385113229837 501.06750091674076 154.35594335267524 94.854813573683259 158.13743855748726 676.18548276321599 15.213819523062737 237.56600040941521 155.7198675739894 212.94135711786498 33.779145890268865 560.60770796975703 60.173293222367647 34.859275158082255 254.64505686736902 43.326328872225531 10.853698220350905 20.745219329804058 79.034777386666974 19.074387569658938 6.5038542761803901
leaf_count=325123 186924 27828 44953 2851 17094 1256 13990 5021 11655 140678 264883 8827 36769 17491 5416 46512 9649 1513 8462 32916 3795 585
internal_value=5.85786e-10 0.00207989 -0.0019996 -0.000827207 0.00526159 0.00612606 0.00940952 0.00265552 0.00129387 -0.0130637 -0.0171088 0.0199198 -0.00236374 -0.00591422 0.00331659 -0.000206563 0.00188422 0.00931124 0.00596892 -0.00706534 -0.00268042 -0.0167643
internal_weight=3576.11 3092.21 1356.57 1295.28 1735.64 1640.78 834.323 806.462 757.469 483.906 328.186 48.993 1140.92 580.315 687.534 439.115 397.751 248.42 275.39 122.361 520.142 41.3631
internal_count=1214191 483507 292783 105859 190724 173630 15246 158384 144536 730684 590006 13848 103008 66239 116708 103540 97539 13168 54974 42565 48748 6001
is_linear=0
shrinkage=0.04


Tree=122
num_leaves=23
num_cat=0
split_feature=26 10 28 7 10 9 5 3 30 31 15 27 4 6 17 7 9 6 3 3 3 18
split_gain=59.5275 22.7911 16.2959 18.9954 14.0956 11.5841 14.8342 19.612 11.4433 10.3614 10.2283 11.3267 10.3046 10.2202 9.91815 9.61226 11.1652 11.0824 9.23442 13.5726 28.6787 15.0913
threshold=0.66756507754325878 0.0030500283464789395 0.067822143435478224 0.10205914825201036 0.23882629722356799 0.80292102694511425 0.43489459156990057 0.12224456295371057 2.9771189689636235 3.1771850585937504 5.4445774555206308 0.70287111401557933 1.0217928290367129 0.65508741140365612 9.2754220962524432 0.53655022382736217 0.6885279417037965 0.26785753667354589 0.090361312031745925 0.0028937865281477575 0.025899167172610763 2.5128110647201543
decision_type=2 2 2 2 2 2 2 2 2 2 2 2 2 2 2 2 2 2 2 2 2 2
left_child=1 9 5 -4 8 6 7 -3 -2 -1 11 12 18 -13 -12 16 17 -5 19 -6 -21 -22
right_child=4 2 3 15 10 -7 -8 -9 -10 -11 14 13 -14 -15 -16 -17 -18 -19 -20 20 21 -23
leaf_value=-0.0035036939847954817 -3.6052364875186339e-05 -0.029614206590464171 0.011518095758878135 -0.0043706903968582572 0.002506398882913602 0.0055612594398549821 -0.0050415358392534339 -0.0048130748235470765 -0.021222029574717253 -0.03240155730317229 0.012703099427250841 0.019938724229562978 -0.011542161876642643 0.0017819683688363749 -0.018429452033369539 0.0072530546274000357 0.009235148177180616 -0.02038272969038725 0.0060622715633676444 -0.03724579855550459 0.0066945706959206062 -0.02200527996549588
leaf_weight=29.823477389496475 119.39992405023395 129.83779818857874 136.31151717998785 180.79835324005671 755.81294403061838 54.140029445833534 201.38716670336635 87.432110008154268 51.987241863595045 70.80474842800993 284.72600650901586 107.03065477056953 73.347048538256786 89.808346443060145 8.7464252132922393 72.550711428312752 43.772913709932254 109.94668190850825 779.15052642983574 35.259399033529917 107.80063317800523 29.031163655476121
leaf_count=92855 76254 191949 34258 78834 19775 4732 50722 20919 67287 487694 4540 828 1634 1198 282 8850 5244 43784 15962 2789 2274 1527
internal_value=7.40949e-10 -0.00761007 -0.00566894 -0.000900259 0.00349703 -0.0110174 -0.013241 -0.0202848 -0.00727813 -0.0249279 0.00433866 0.00326925 0.00222603 0.0121413 0.0111985 -0.00523515 -0.00807552 -0.0109021 0.00288138 0.000174264 -0.00964346 -0.000478554
internal_weight=3558.91 1116.81 1016.18 543.38 2442.1 472.797 418.657 217.27 171.387 100.628 2270.71 1977.24 1780.4 196.839 293.472 407.069 334.518 290.745 1707.05 927.904 172.091 136.832
internal_count=1214191 1019841 439292 170970 194350 268322 263590 212868 143541 580549 50809 45987 43961 2026 4822 136712 127862 122618 42327 26365 6590 3801
is_linear=0
shrinkage=0.04


Tree=123
num_leaves=23
num_cat=0
split_feature=8 12 10 27 13 31 31 31 16 9 15 3 3 17 0 24 15 22 30 15 22 3
split_gain=57.599 27.0868 21.7523 21.106 20.6479 19.9777 26.8847 19.5829 14.7718 13.4316 15.0502 12.901 11.8211 12.1404 11.0771 10.9019 10.7806 9.54354 9.49741 9.02663 10.0953 8.94565
threshold=0.57013472914695751 0.6602836847305299 0.23882629722356799 0.54118561744689953 0.0029985255096107726 3.4334666728973393 8.9077382087707537 6.9607896804809579 4.7505102157592782 0.48288759589195257 2.7403194904327397 0.17430504411458972 0.17289555072784427 5.3008110523223886 0.1408096253871918 1.2424533367156985 3.3842465877532963 12.500000000000002 3.7274756431579594 4.6774799823760995 47.500000000000007 0.096416085958480849
decision_type=2 2 2 2 2 2 2 2 2 2 2 2 2 2 2 2 2 2 2 2 2 2
left_child=1 3 5 -1 11 18 14 -6 -9 10 17 -3 13 -12 -7 -11 -4 -10 -2 20 -15 -18
right_child=2 4 16 -5 7 6 -8 8 9 15 12 -13 -14 19 -16 -17 21 -19 -20 -21 -22 -23
leaf_value=-0.025325865892630816 0.011075696808866565 -0.024860372833737147 0.0011730962677220095 0.0055063713314613943 0.006400891222272961 -0.0315801613167132 0.015769751677879213 -0.020549505407666611 0.010399624988285918 -0.0036615137805396511 0.0086321418844948258 0.0098828693024427244 0.008415130104625081 -0.011203423586161464 -0.0065200810407253385 0.018541653050546017 0.0043015265844247377 -0.023677497066324733 -0.017084504889982689 -0.025360236201857844 0.013208941636182881 0.011009794433621951
leaf_weight=172.83461512063786 92.892961503895094 95.042227244080095 704.39443681311059 40.161203032691901 290.87612585729039 79.084138275209625 28.477841964901017 85.086643115434526 9.4197325538389105 64.891529685814021 51.407723519399042 14.824912136369674 101.48940588972982 107.10338058348589 50.5889426175886 61.1977852435557 738.13812624258935 88.395609010075532 14.225408726756994 48.353389475038966 26.170405430036226 579.99121820124128
leaf_count=406220 39521 219436 27063 39015 19969 184971 63404 25337 1132 5548 8305 2626 9628 25436 47242 3380 20251 27762 12163 12587 4154 9041
internal_value=-8.37092e-11 -0.00684634 0.00377582 -0.0195261 -0.00409939 -0.00681448 -0.0154715 -0.00207093 -0.00593963 -0.00339121 -0.00672236 -0.0197389 -0.00245487 -0.00734035 -0.0229703 0.00768545 0.00519151 -0.0197356 0.00619657 -0.0120757 -0.00582232 0.00731391
internal_weight=3545.05 1257.25 2287.79 212.996 1044.26 265.269 158.151 934.392 643.516 558.429 432.34 109.867 334.524 233.035 129.673 126.089 2022.52 97.8153 107.118 181.627 133.274 1318.13
internal_count=1214191 810535 403656 445235 365300 347301 295617 143238 123269 97932 89004 222062 60110 50482 232213 8928 56355 28894 51684 42177 29590 29292
is_linear=0
shrinkage=0.04


Tree=124
num_leaves=23
num_cat=0
split_feature=8 27 12 10 31 28 9 13 15 2 22 28 3 31 5 3 3 13 3 5 28 2
split_gain=55.2969 25.7451 25.108 22.274 17.5619 15.9337 12.6586 12.1244 11.3074 10.2443 11.8058 12.8662 10.7953 9.85659 9.30683 8.95596 25.7056 32.0195 12.3529 8.38653 8.26982 8.01983
threshold=0.52803689241409313 0.27807185053825384 0.71133798360824596 0.002432426437735558 6.9607896804809579 0.49678570032119757 0.38287223875522619 0.0029985255096107726 2.0126758217811589 0.066231708973646178 42.500000000000007 0.73815152049064647 0.30090439319610601 3.7012257575988774 1.136633098125458 0.096416085958480849 0.0028937865281477575 0.98547479510307323 0.063662458211183562 0.79359838366508495 0.40494865179061895 0.2799766212701798
decision_type=2 2 2 2 2 2 2 2 2 2 2 2 2 2 2 2 2 2 2 2 2 2
left_child=1 2 5 13 7 -1 -6 -4 14 -3 11 12 21 -2 -5 16 -10 18 -18 -17 -8 -11
right_child=3 9 4 8 6 -7 20 -9 15 10 -12 -13 -14 -15 -16 19 17 -19 -20 -21 -22 -23
leaf_value=-0.033422546133363887 0.0025923218958691274 0.006701137022649367 -0.016949535372721588 -0.012878766966843936 -0.015589906582431963 0.00050880038251984957 0.0072400641772213505 0.0050557467053992276 0.0062485044765179581 -0.040782849717173886 0.0078333657022343888 0.0059273310089868478 0.010223955074813844 -0.019774517417744518 0.0019646432673548729 0.021863173546627319 -0.04324118148527286 0.0003153138349082775 -0.0028319713675228992 0.0072808946838314945 -0.018360364925301954 0.0086938658234836756
leaf_weight=100.37587620293954 44.815097886956437 233.02502227441528 39.342759169892361 89.344962777541696 358.1052571583682 27.328509646046257 72.618291386851524 203.50091854750735 879.84684544189122 32.10294686071552 39.53200538224678 20.694519688431683 5.2226129640339414 81.767138554616622 204.86430955334072 62.670915486082777 37.092068884478067 179.11677011666006 18.283623252799771 779.89427079750658 16.746691723812546 2.4299616070259153
leaf_count=226515 51634 85543 73048 11083 230860 73672 15209 17069 30483 24827 9939 7111 1840 304810 7746 3005 9673 5940 1401 19619 2172 992
internal_value=1.97362e-10 -0.0071605 -0.0109401 0.00348182 -0.00769451 -0.0266517 -0.0123104 0.000961344 0.00441644 0.00217227 -0.00803258 -0.0180474 -0.0292104 -0.0122458 -0.00281816 0.00551292 0.00311599 -0.00841246 -0.0323731 0.00860926 0.00107767 -0.0361309
internal_weight=3528.72 1151.03 818.018 2377.7 690.314 127.704 447.47 242.844 2251.11 333.007 99.982 60.45 39.7555 126.582 294.209 1956.9 1114.34 234.492 55.3757 842.565 89.365 34.5329
internal_count=1214191 768797 638545 445394 338358 300187 248241 90117 88950 130252 44709 34770 27659 356444 18829 70121 47497 17014 11074 22624 17381 25819
is_linear=0
shrinkage=0.04


Tree=125
num_leaves=23
num_cat=0
split_feature=8 10 27 10 31 31 13 29 2 22 23 18 31 28 30 22 13 0 2 17 22 23
split_gain=53.6833 30.2325 24.0454 16.083 17.3993 26.3138 14.5972 14.5876 11.5464 11.2909 19.0293 10.9388 25.2602 12.6635 10.7412 10.0342 9.81321 9.37976 9.3554 9.09586 12.5499 10.7531
threshold=0.6613435447216035 0.0098837832920253294 0.25965505838394171 0.23882629722356799 3.4334666728973393 8.9077382087707537 0.0029985255096107726 0.89741638302803051 0.052503826096653945 37.500000000000007 3.5000000000000004 3.757416963577271 6.9050610065460214 0.48977114260196691 1.665185332298279 46.500000000000007 0.011507525108754637 0.1408096253871918 0.23129058629274371 6.2176032066345224 46.500000000000007 2.5000000000000004
decision_type=2 2 2 2 2 2 2 2 2 2 2 2 2 2 2 2 2 2 2 2 2 2
left_child=1 7 6 4 -2 17 15 -1 -4 10 14 12 -8 -13 -10 -3 18 -6 -5 -14 21 -21
right_child=3 2 8 16 5 -7 11 -9 9 -11 -12 13 19 -15 -16 -17 -18 -19 -20 20 -22 -23
leaf_value=-0.032680707705420343 0.0069839078602176663 -0.027775426258722428 0.0087176146748213466 -0.015312544927265904 -0.0310470496433903 0.017434976715293215 0.0081218396068570443 0.0080203660658872446 -0.039551628004019894 0.0053072146030068565 0.0087269386561830992 -0.023057022126924887 -0.0020030288971857541 0.0064602663798469309 -0.0067077753290820264 0.00095894995332942252 0.0059865695569365409 -0.0062909287929701898 0.017540839820332589 -0.008042128170454757 0.0022245819838416694 -0.026112617518070251
leaf_weight=79.63899951671533 97.715650168732964 78.858040332258042 254.08945154396952 54.99603090884375 66.878235925460785 25.854161907660909 191.18332119844308 12.617778214439111 28.360741527229948 102.66616718765363 36.95070928779387 93.332405308841771 201.99044235341171 25.188936781616576 35.799571133829886 24.056751563528223 1762.167722083359 45.016750520194364 8.7230552236214844 119.12686998135905 64.536145327781924 107.57969892267192
leaf_count=444020 42010 193523 17111 7618 154164 50838 11594 11265 2454 4850 1517 35829 38177 3064 2444 40200 33255 39776 128 27400 13432 39522
internal_value=-1.10788e-09 -0.00585741 -0.00425033 0.00414551 -0.00552241 -0.0142663 -0.00799716 -0.0268741 0.00317498 -0.00382063 -0.0127324 -0.00601375 -0.00393654 -0.0167693 -0.0246013 -0.0215686 0.00541557 -0.0224205 -0.00904564 -0.00867904 -0.013089 -0.0173581
internal_weight=3517.33 1455.98 1363.72 2061.35 235.465 137.749 905.853 92.2568 457.867 203.777 101.111 802.938 684.416 118.521 64.1603 102.915 1825.89 111.895 63.7191 493.233 291.243 226.707
internal_count=1214191 886402 431117 327789 286788 244778 402741 455285 28376 11265 6415 169018 130125 38893 4898 233723 41001 193940 7746 118531 80354 66922
is_linear=0
shrinkage=0.04


Tree=126
num_leaves=23
num_cat=0
split_feature=26 10 3 3 3 28 13 26 22 0 2 3 16 22 28 23 15 1 0 9 13 9
split_gain=52.0569 15.5575 15.4348 46.5443 24.3803 12.2989 16.8286 11.81 11.6104 11.4132 12.9973 13.5725 11.3621 12.1397 14.3222 14.3962 12.3834 13.7096 14.8041 10.2847 10.2388 8.56701
threshold=0.57768526673316967 0.0072296061553061017 0.057607917115092284 0.0028937865281477575 0.025899167172610763 0.101200208067894 0.6861734688282014 0.79685989022254955 28.500000000000004 0.048267530277371413 0.064957398921251311 0.072977595031261458 4.7505102157592782 18.500000000000004 0.47017715871334081 3.5000000000000004 4.1666352748870858 0.30120083689689642 0.0054777371697127828 0.1122262552380562 0.38410182297229772 0.16899706423282626
decision_type=2 2 2 2 2 2 2 2 2 2 2 2 2 2 2 2 2 2 2 2 2 2
left_child=1 -1 3 7 -5 9 19 8 -2 10 11 -3 20 -14 15 -15 17 18 -17 -7 -4 -10
right_child=2 5 12 4 -6 6 -8 -9 21 -11 -12 -13 13 14 -16 16 -18 -19 -20 -21 -22 -23
leaf_value=-0.025285111578761014 -0.013377531312231478 -0.023431397735388052 0.016520542720382229 -0.037688384364520433 -0.0059419844677539345 -0.0009070064513490286 0.0086508702851984184 0.0051673109096133088 0.0064648276818793371 0.0082372734686098105 0.0075927794642598988 -0.0060377702604341443 -0.0060159552749227763 0.0067857932714562343 0.012995513890338737 0.0055403270477841094 0.0039390852679767035 0.0071758152778034568 -0.042013314573761812 -0.027592549518487944 -0.0079266145882013576 -0.0052605782641046315
leaf_weight=82.348749469707172 113.66697012895702 176.53346293274694 23.307931493056003 63.989404106117945 90.747718901011467 52.21048730621078 136.82552437184131 755.07819866579393 192.93067624959713 35.297044174516486 34.788990740981717 131.40647527946112 103.15247263941501 525.24940770554667 487.76303752220383 11.318279924069428 66.167891487789348 17.551471366225996 29.974362296080471 32.489423463685398 153.20997279327412 186.130507734616
leaf_count=481294 37890 230166 2358 23752 13153 45814 24375 23051 27793 6754 7549 36697 17687 48474 53452 1033 5392 2480 5489 35264 30579 53695
internal_value=-1.49043e-11 -0.00983526 0.0024044 -0.000572012 -0.0205611 -0.00733321 0.000178606 0.00205055 -0.0027335 -0.0116263 -0.0138476 -0.0164324 0.00533238 0.00667887 0.00787193 0.0038901 -0.00787789 -0.0198077 -0.0304399 -0.0129759 -0.00398588 0.000720072
internal_weight=3502.14 681.9 2820.24 1402.54 154.737 599.551 221.525 1247.81 492.728 378.026 342.729 307.94 1417.69 1241.18 1138.02 650.261 125.012 58.8441 41.2926 84.6999 176.518 379.061
internal_count=1214191 867913 346278 179334 36905 386619 105453 142429 119378 281166 274412 266863 166944 134007 116320 62868 14394 9002 6522 81078 32937 81488
is_linear=0
shrinkage=0.04


Tree=127
num_leaves=23
num_cat=0
split_feature=8 12 13 10 3 31 31 17 9 7 0 29 14 16 1 30 18 27 15 31 17 17
split_gain=50.4957 23.2592 21.47 21.2577 19.709 18.4945 26.1187 16.1806 13.1113 11.1282 10.4273 10.3183 9.73444 9.52931 9.26323 8.80948 10.4139 14.4764 8.80351 8.65667 8.57907 9.83206
threshold=0.57013472914695751 0.46741452813148504 0.17075557261705401 0.23882629722356799 0.071309000253677382 3.4334666728973393 8.9077382087707537 7.439265489578248 0.57147628068923961 0.42554542422294622 0.1408096253871918 0.76467177271842968 1.900012791156769 4.8752431869506845 0.62828812003135692 2.340636253356934 2.1462519168853764 0.48313027620315557 3.3842465877532963 7.8824751377105722 7.9019322395324716 8.5174932479858416
decision_type=2 2 2 2 2 2 2 2 2 2 2 2 2 2 2 2 2 2 2 2 2 2
left_child=1 11 4 5 14 12 10 9 13 15 -7 -1 -2 -9 -3 16 19 -18 -5 -4 -10 -22
right_child=3 2 7 18 -6 6 -8 8 20 -11 -12 -13 -14 -15 -16 -17 17 -19 -20 -21 21 -23
leaf_value=-0.026052173791738031 0.018610516892798242 -0.024557141248597134 0.0058853612134654081 0.0012791145667123026 0.0042116424597655397 -0.031621259754718703 0.015286616902102049 -0.028877693301339796 -0.014658995594478082 0.0095630065006703582 -0.0068261188032541914 0.0012367328983656476 -0.0041608264957701526 -0.0085758352613518468 0.013731394604637638 0.0054102791277933623 -0.023662086067274549 0.015300156748583899 0.0068688705541913092 -0.010652135893536356 0.025470161147139594 -0.011453449791067868
leaf_weight=114.67054272318342 41.38573065055698 149.01455606820991 117.88702983664552 693.78703540235983 55.917591160372467 76.109704612770201 28.425056655465141 47.160673101348948 12.577087023164493 193.20788041759806 49.53518235626052 25.894121307593423 65.485044560658935 147.80398717236676 4.6365848009445463 163.49469137673805 70.453843448874977 11.549395422043743 1306.3417782554443 73.896115674742759 28.519565168287954 9.6922832470154372
leaf_count=393135 22635 256490 5585 27063 19599 184971 63404 14086 894 6520 47242 26084 29049 28906 141 16701 23574 371 29292 16707 994 748
internal_value=8.25642e-10 -0.00650477 -0.00441571 0.00354121 -0.0156049 -0.00701138 -0.0154928 -0.00159375 -0.0100854 0.00182193 -0.0230697 -0.0212769 0.00549526 -0.014656 -0.0226333 -0.00173572 -0.00604331 -0.0171081 0.00494595 -0.000698827 0.00698478 0.0156716
internal_weight=3487.45 1226.38 1085.81 2261.07 209.569 260.941 154.07 876.243 245.754 630.489 125.645 140.565 106.871 194.965 153.651 437.281 273.786 82.0032 2000.13 191.783 50.7889 38.2118
internal_count=1214191 810535 391316 403656 276230 347301 295617 115086 45628 69458 232213 419219 51684 42992 256631 62938 46237 23945 56355 22292 2636 1742
is_linear=0
shrinkage=0.04


Tree=128
num_leaves=23
num_cat=0
split_feature=8 10 13 1 3 9 3 4 4 16 28 5 15 30 2 16 15 7 7 9 5 2
split_gain=49.1828 39.1145 26.371 17.7595 16.1749 14.03 13.6215 13.0963 11.0252 10.9953 13.2048 13.6914 10.0159 10.1702 11.1714 12.6803 25.1864 9.87382 12.126 10.5503 9.84544 8.79615
threshold=0.9234740436077119 0.0098837832920253294 0.15816279500722888 0.014563983771950008 0.05583061836659909 0.28940977156162268 1.0000000180025095e-35 1.1016471982002261 0.94164064526557933 4.8001670837402353 0.39867605268955236 1.2757108211517336 2.2499048709869389 1.8698312640190127 0.12774050235748294 4.9620969295501718 5.7252163887023935 0.75232294201850902 0.08657569065690042 0.70834773778915416 0.96238839626312267 0.085092891007661833
decision_type=2 2 2 2 2 2 2 2 2 2 2 2 2 2 2 2 2 2 2 2 2 2
left_child=1 8 4 5 6 -4 -3 9 -1 -2 12 -12 21 20 15 16 -15 18 -5 -20 -14 -11
right_child=7 2 3 17 -6 -7 -8 -9 -10 10 11 -13 13 14 -16 -17 -18 -19 19 -21 -22 -23
leaf_value=-0.031790483336977669 -0.0023249821342859779 -0.01211762018463685 -0.017500390750803126 0.0099042867078353788 0.0020686504994274842 0.0033417492210283347 -0.036130021018002965 -0.0092954172850791359 0.004942036174082837 -0.020184754963432246 0.020974319903802986 0.0075060959244589876 0.026167361374293915 -0.029538832781936603 0.011013746934991093 0.0017961509617086377 0.015317185973933925 0.010011831461005587 -0.0041291598764299489 0.0083355011502729316 0.006510207352286702 0.0042193812014421402
leaf_weight=91.852177003291899 237.74843982742505 139.76417984636805 151.49578483336154 144.86751381094109 67.818942110691751 71.847400562150142 53.410901489813568 91.928219626611281 12.164970954923318 42.452284328518772 156.4254712307677 528.78852416793143 40.926137113083314 56.628325376330395 92.380187167740132 164.66928442688186 21.322593692510509 161.73845264017291 712.60042936629179 118.33272406987089 273.70722139087093 37.753205829433227
leaf_count=508899 51397 139481 47735 17652 25717 7941 131244 17107 14858 14102 12316 56784 3213 14302 11050 25424 1878 2447 69988 4302 27740 8614
internal_value=-9.99756e-11 -0.00477374 -0.00316097 -0.000885176 -0.0145569 -0.0109398 -0.0202083 0.0047225 -0.0274379 0.00555338 0.00688408 0.0108382 0.00307543 0.00474895 -0.00013631 -0.00464973 -0.0169225 0.00116707 -0.000385639 -0.00227606 0.00979442 -0.00950327
internal_weight=3470.62 1725.89 1621.88 1360.88 260.994 223.343 193.175 1744.73 104.017 1652.8 1415.05 685.214 729.839 649.634 335 242.62 77.9509 1137.54 975.801 830.933 314.633 80.2055
internal_count=1214191 970264 446507 150065 296442 55676 270725 243927 523757 226820 175423 69100 106323 83607 52654 41604 16180 94389 91942 74290 30953 22716
is_linear=0
shrinkage=0.04


Tree=129
num_leaves=23
num_cat=0
split_feature=14 12 31 0 13 7 4 16 15 31 5 4 2 2 3 10 13 28 18 30 31 18
split_gain=43.1314 23.2502 18.2416 17.4182 14.0191 12.3555 14.5524 11.4895 13.839 11.7248 12.0602 11.6121 10.6955 15.5178 10.4766 9.90615 9.72034 11.2679 8.99405 8.9377 8.32939 8.26485
threshold=1.3162323236465456 0.27862021327018743 3.4334666728973393 0.21484670788049701 0.00059317317209206532 0.80224251747131359 1.1016471982002261 4.9445254802703866 3.5694335699081425 7.1150436401367196 0.89804747700691234 0.6317899525165559 0.082713048905134215 0.051362669095397002 0.054206175729632385 0.39852941036224371 0.73724994063377391 0.014931393321603538 0.36620551347732549 1.5197082757949831 9.6425895690917987 1.198590159416199
decision_type=2 2 2 2 2 2 2 2 2 2 2 2 2 2 2 2 2 2 2 2 2 2
left_child=14 2 15 20 -3 7 -7 9 18 -6 -11 12 13 16 -1 -2 -10 -18 -9 -13 -4 -20
right_child=1 4 3 -5 5 6 -8 8 11 10 -12 19 -14 -15 -16 -17 17 -19 21 -21 -22 -23
leaf_value=-0.019176282499370353 0.0062055156179516091 -0.01276789359755187 -0.026572453667142466 0.0042145438668526785 0.0042693542672516197 0.011808263656104557 -0.0052000322359852099 -0.014482581751285747 -0.0051636998639515829 -0.014072939594214665 -0.0010318110431255518 0.0062300468152622496 0.015798561912822529 -0.0093758843359552854 -0.0046088990552668975 -0.011202596299864389 -0.007487765977541058 0.015208284918711533 0.0094991047693356329 -0.022740593580149137 0.0034005002548616685 -0.0014674992079108027
leaf_weight=195.76629415263346 148.07092201078603 79.865146138717137 119.76770375994943 45.532067426841195 301.74648484176942 431.48103637755048 92.364845137839438 53.631810664606746 57.363681426686526 165.5406907742381 325.81296030649173 26.925617831468116 249.61327640488526 83.748075091014471 141.29725510230014 68.181086335032887 34.549808740546723 238.55900324578397 138.26578577864711 24.668368496830226 14.359936552232282 417.85359726026854
leaf_count=404424 75269 49672 330074 37623 12711 4273 1397 5133 8240 34022 10002 326 4792 4395 114871 8154 3550 10692 6703 557 51258 36053
internal_value=-2.29654e-10 0.00148443 -0.00745553 -0.0165105 0.00280727 0.00332444 0.00876812 0.00194335 0.0042106 -0.00185022 -0.00561853 0.0079442 0.00938106 0.00523256 -0.0133784 0.00046444 0.00910127 0.012174 -0.000227568 -0.0090647 -0.0233502 0.00137872
internal_weight=3454.97 3117.9 395.912 179.66 2721.99 2642.13 523.846 2118.28 1325.18 793.1 491.354 715.428 663.834 414.221 337.064 216.252 330.472 273.109 609.751 51.594 134.128 556.119
internal_count=1214191 694896 502378 418955 192518 142846 5670 137176 80441 56735 44024 32552 31669 26877 519295 83423 22482 14242 47889 883 381332 42756
is_linear=0
shrinkage=0.04


Tree=130
num_leaves=23
num_cat=0
split_feature=8 10 13 27 4 20 8 30 16 28 5 3 4 16 15 2 28 30 12 5 27 29
split_gain=48.4938 36.7425 26.4504 17.6537 12.2431 10.3756 12.0673 10.3618 10.2012 10.6236 12.3142 10.1287 10.0597 9.3804 11.6006 9.31832 9.26003 9.15855 14.3323 12.4826 10.9198 8.59008
threshold=0.9234740436077119 0.0098837832920253294 0.0011488847667351367 0.27807185053825384 1.1016471982002261 1.0000000180025095e-35 0.57013472914695751 3.5378576517105107 4.8001670837402353 0.39867605268955236 1.2757108211517336 0.17430504411458972 0.94164064526557933 4.9732379913330087 2.7403194904327397 0.062633618712425246 0.37197098135948187 1.8698312640190127 0.60590592026710521 0.96238839626312267 0.44097498059272772 0.18017829209566119
decision_type=2 2 2 2 2 2 2 2 2 2 2 2 2 2 2 2 2 2 2 2 2 2
left_child=1 12 11 5 8 16 7 -7 -2 17 -11 -3 -1 -5 15 -15 -4 19 -19 -10 -21 -18
right_child=4 2 3 13 -6 6 -8 -9 9 10 -12 -13 -14 14 -16 -17 21 18 -20 20 -22 -23
leaf_value=-0.031366868511730997 -0.002133500424033187 -0.025004485975819959 -0.006006891477000076 -0.0021906282962129617 -0.009004801773954494 -0.031693950282762576 0.0027519555343133496 0.0028274400757305365 0.025417274019928944 0.01995423915250032 0.007165944089772871 0.0061580018951861628 0.004038705174620366 0.0066444595801146587 0.014071305141835605 -0.015571923793035023 0.020884710217520364 -0.021330781713468167 0.0018690008203934559 0.0010532730130552756 0.020574674681371148 7.4767330561820061e-05
leaf_weight=88.455590805543807 235.23531739396458 101.75189516559453 605.90590919594342 214.86708185349926 89.81382627973835 55.291476386080376 34.968073669861042 15.715598034568755 45.57575622338527 156.20692151313142 526.87706317624679 15.535783894985796 12.325465494417129 70.298045033388917 198.82687532369164 38.59309069425035 26.753444066584962 38.623360231530569 335.50102134699409 259.66790384863907 46.004784808836121 233.09513426289777
leaf_count=508899 51397 233416 141136 11180 17107 21520 2720 3199 3830 12316 56784 2957 14858 3472 6431 2149 1616 58983 7980 32914 2616 16711
internal_value=5.72287e-11 -0.00476039 -0.00320741 -0.00170449 0.00470272 -0.00487589 -0.016149 -0.0246477 0.00550164 0.00678289 0.0103361 -0.0207172 -0.0270631 0.00417345 0.00854631 -0.00187693 -0.00332732 0.0033418 -0.00101903 0.00788626 0.00455001 0.00291186
internal_weight=3445.89 1712.38 1611.6 1494.31 1733.51 971.73 105.975 71.0071 1643.69 1408.46 683.084 117.288 100.781 522.585 307.718 108.891 865.754 725.373 374.124 351.248 305.673 259.849
internal_count=1214191 970264 446507 210134 243927 186902 27439 24719 226820 175423 69100 236373 523757 23232 12052 5621 159463 106323 66963 39360 35530 18327
is_linear=0
shrinkage=0.04


Tree=131
num_leaves=23
num_cat=0
split_feature=8 10 13 27 17 5 10 17 24 27 3 12 17 26 20 8 30 2 6 16 28 12
split_gain=46.048 35.5898 25.7718 16.945 11.5705 10.9672 16.5144 15.8665 13.3878 9.96111 9.92615 9.48263 9.32528 9.39946 8.90029 10.2713 9.13494 8.52427 8.97804 8.47863 8.30569 8.23352
threshold=0.9234740436077119 0.0098837832920253294 0.0011488847667351367 0.27807185053825384 9.3102660179138201 1.1192067265510561 0.23882629722356799 8.4767880439758319 1.8688347935676577 0.78077369928359996 0.17430504411458972 0.61206930875778209 7.8667175769805917 0.86758989095687877 1.0000000180025095e-35 0.57013472914695751 3.5378576517105107 0.070101901888847365 0.61418080329895031 4.9732379913330087 0.52115482091903698 0.01842296123504639
decision_type=2 2 2 2 2 2 2 2 2 2 2 2 2 2 2 2 2 2 2 2 2 2
left_child=1 9 10 4 14 7 8 12 17 -1 -3 -5 13 -2 21 16 -16 -7 -19 -13 -6 -4
right_child=5 2 3 11 20 6 -8 -9 -10 -11 -12 19 -14 -15 15 -17 -18 18 -20 -21 -22 -23
leaf_value=-0.030806370082114364 0.0054883786737561346 -0.024862223795169561 0.021428726347051171 -0.0087578270867895974 -0.031619742587760208 -0.013938809232446564 0.0047603065340749975 -0.014731697858843613 -0.020566451241362308 0.006084573415768694 0.0060313236878008353 -0.00048449047002031782 0.031479011575589196 0.027018640323727614 -0.029452568928876564 0.0029821969069574908 0.0031645358856344915 0.016178320232337683 -0.01174686233547126 0.010603730134862504 0.0061690031445576932 -0.0029059288666537448
leaf_weight=88.403553156630778 151.14572385350857 99.929854795003166 12.954059127559956 69.893760565057164 30.294969096106797 29.905605285460297 1310.5646266224303 23.482044051257162 68.677627679681336 9.9197950078814738 15.561198351038909 180.52594810213122 39.855878738109823 34.339804537496093 51.548723420812166 34.442476938947948 15.359209995162017 53.514654747282748 17.674228088762447 270.42436137982077 8.3598045396211074 814.66153673250665
leaf_count=512816 24797 233416 1541 6173 14066 44706 20499 5914 99471 10941 2957 8177 2513 203 20300 2596 3062 27077 18747 8882 554 144783
internal_value=-1.58463e-09 -0.00465637 -0.00313686 -0.00165758 -0.00477217 0.0045844 0.00323042 0.0122037 -0.00818748 -0.0268663 -0.0205507 0.00410957 0.0155172 0.0106526 -0.00373231 -0.0143689 -0.0225272 0.00131634 0.00865236 0.00625064 -0.023859 -0.00227375
internal_weight=3431.44 1702.28 1603.96 1488.46 967.621 1729.16 1480.34 248.823 169.772 98.3233 115.491 520.844 225.341 185.486 928.966 101.35 66.9079 101.094 71.1889 450.95 38.6548 827.616
internal_count=1214191 970264 446507 210134 186902 243927 210500 33427 190001 523757 236373 23232 27513 25000 172282 25958 23362 90530 45824 17059 14620 146324
is_linear=0
shrinkage=0.04


Tree=132
num_leaves=23
num_cat=0
split_feature=8 10 13 7 4 3 3 16 27 28 15 5 1 30 5 27 28 3 5 17 28 17
split_gain=44.5597 33.7736 23.2242 15.7104 11.2049 10.4543 22.2246 10.1731 10.0181 9.95962 11.9685 10.8465 12.56 10.7902 11.684 12.6869 11.6039 11.6015 10.1921 9.58526 10.6059 10.573
threshold=0.9234740436077119 0.0098837832920253294 0.0011488847667351367 0.78003334999084484 1.1016471982002261 0.051280438899993903 0.0028937865281477575 4.8001670837402353 0.78077369928359996 0.73815152049064647 1.7005987167358401 1.507324814796448 0.2487229406833649 1.980674207210541 0.96238839626312267 0.35610163211822515 0.19211366772651675 0.12710126489400866 1.2948824763298037 6.3126413822174081 0.51445010304451 6.1851787567138681
decision_type=2 2 2 2 2 2 2 2 2 2 2 2 2 2 2 2 2 2 2 2 2 2
left_child=1 8 -3 5 7 6 -4 -2 -1 10 -9 12 13 14 -12 16 18 -18 -16 21 -21 -7
right_child=4 2 3 -5 -6 19 -8 9 -10 -11 11 -13 -14 -15 15 -17 17 -19 -20 20 -22 -23
leaf_value=-0.030486871492750943 -0.0023763025759352889 -0.019780304260943501 -0.0040253854059370221 0.0098260159704899493 -0.0086669392832243695 -0.00026609289729069628 -0.027227770311009727 -0.0098814088635567465 0.0064077912214111354 0.015622806512135289 0.025614339646319453 0.001517409287061856 0.014867459238741445 -0.0043727033328795914 -0.0061948177501495649 0.022466237592002166 -0.032178715698787531 0.0080355641823357006 0.016975752127188305 -0.0076875677311678868 0.0069788875612249593 0.015152368469573879
leaf_weight=86.346702074135919 233.04445971220025 113.68822246072864 593.23998527443564 157.99787109321005 88.826438708342266 181.16662136703599 65.210433752539302 69.892369071660369 9.872308386052735 163.14353813886555 44.838874018860224 474.17369669201321 334.20606627101779 142.03038928111755 55.527836571050102 35.405559302348593 22.022352653844791 12.726055021092632 48.198913666138196 280.08298396949613 99.570445578610816 106.83345062800981
leaf_count=512816 51397 236373 102742 2623 17107 16256 30938 19934 10941 12019 3464 59068 34194 27322 7414 1796 3818 1270 5124 46646 4119 6810
internal_value=-6.24292e-10 -0.00459376 -0.00312096 -0.00172094 0.00451422 -0.00315994 -0.00669621 0.00527856 -0.0264545 0.00655864 0.00524962 0.00623031 0.00937882 0.00403017 0.00943937 0.00410216 -0.00179009 -0.0189464 0.00511786 0.000374945 -0.00376066 0.00576992
internal_weight=3418.05 1694.01 1597.79 1484.1 1724.04 1326.1 658.45 1635.21 96.219 1402.17 1239.02 1169.13 694.956 360.75 218.72 173.881 138.475 34.7484 103.727 667.654 379.653 288
internal_count=1214191 970264 446507 210134 243927 207511 133680 226820 523757 175423 163404 143470 84402 50208 22886 19422 17626 5088 12538 73831 50765 23066
is_linear=0
shrinkage=0.04


Tree=133
num_leaves=23
num_cat=0
split_feature=8 10 28 3 2 4 29 1 17 15 1 24 22 2 7 26 5 5 15 24 2 4
split_gain=43.6694 31.7632 21.9782 13.4456 15.1511 10.9014 10.6182 14.2175 10.1746 15.8291 13.1632 11.9591 10.1184 10.2653 9.74087 9.68573 11.0857 10.9606 15.4754 11.2122 10.1653 9.58873
threshold=0.9234740436077119 0.0098837832920253294 0.092331953346729292 0.051280438899993903 0.088561065495014205 1.1016471982002261 0.14922130107879641 0.34248937666416174 5.3082554340362558 4.1971738338470468 0.068527039140462889 1.2424533367156985 47.500000000000007 0.096977137029171004 0.9663875699043275 0.88382774591445934 1.3133918046951296 0.99712607264518749 6.4960203170776376 2.1383330821990971 0.12613368779420855 0.94164064526557933
decision_type=2 2 2 2 2 2 2 2 2 2 2 2 2 2 2 2 2 2 2 2 2 2
left_child=1 21 3 4 -3 15 -4 8 9 -8 -10 12 -12 -14 -9 17 -17 19 20 -2 -19 -1
right_child=5 2 6 -5 -6 -7 7 14 10 -11 11 -13 13 -15 -16 16 -18 18 -20 -21 -22 -23
leaf_value=-0.030533177716867432 0.019950620979249763 -0.020642262103845233 0.010658291732432622 -0.0030564525447146183 0.010593955725114582 -0.0085595997367997629 -0.010439772367263496 6.9756877201609542e-05 0.018599334556176 0.016757148432302894 -0.020186166405815293 -0.0016189059298426748 -0.011572619395215467 0.019660989203198375 0.012836017254974009 0.020126482844135589 0.006399236935806513 -0.0031932398469620357 0.022351656910124137 -0.0073317288077983413 0.0064487468872327369 0.0041307077661504998
leaf_weight=81.420138390100647 89.312665600702985 203.74509230980038 117.18825602537549 202.89986270052486 21.934098999955495 88.325834094452148 56.450122906691831 405.13654395112098 17.115841196622569 61.47239884082137 189.2496369732653 148.45297099804247 37.124029945553957 16.200241937483952 115.22057002140173 109.33494148080717 548.14692864491826 575.57899450034097 41.1997619084691 26.027802649000932 239.50351802455748 12.275925968052432
leaf_count=508899 10106 232245 30551 46782 3469 17107 12461 24487 1942 6499 44619 34475 6951 526 1500 797 9240 143322 3918 7081 52356 14858
internal_value=5.4983e-10 -0.00455961 -0.00314147 -0.0107725 -0.0172857 0.00447634 -0.000262988 -0.00157537 -0.00615699 0.00393949 -0.00909856 -0.0107445 -0.0160441 -0.000477318 0.00308526 0.00523103 0.00894932 0.00264938 0.00101986 0.0137003 -0.000316222 -0.0260312
internal_weight=3403.32 1685.89 1592.19 428.579 225.679 1717.43 1163.61 1046.42 526.065 117.923 408.143 391.027 242.574 53.3243 520.357 1629.1 657.482 971.623 856.282 115.34 815.083 93.6961
internal_count=1214191 970264 446507 282496 235714 243927 164011 133460 107473 18960 88513 86571 52096 7477 25987 226820 10037 216783 199596 17187 195678 523757
is_linear=0
shrinkage=0.04


Tree=134
num_leaves=23
num_cat=0
split_feature=8 12 28 13 3 10 30 31 2 6 7 0 9 17 16 14 15 30 26 3 3 13
split_gain=42.059 23.4925 18.0884 17.2902 15.808 14.9563 17.7437 14.471 13.6178 12.2877 10.8329 10.4823 10.1618 10.9133 9.1339 9.06748 8.97052 8.88832 9.3238 7.56644 22.2216 19.6836
threshold=0.6613435447216035 0.6602836847305299 0.50766724348068248 0.056803386658430106 0.12835847586393359 0.23882629722356799 2.8919353485107426 8.9077382087707537 0.17121806740760806 0.17494057863950732 0.59192192554473888 0.19581811875104907 0.65613672137260448 7.307537555694581 4.8518676757812509 2.4269969463348393 3.1567740440368657 0.24288929253816607 0.6172727942466737 0.095001231878995909 0.0028937865281477575 0.9600382149219514
decision_type=2 2 2 2 2 2 2 2 2 2 2 2 2 2 2 2 2 2 2 2 2 2
left_child=1 2 8 4 11 6 14 -5 -1 -4 12 -3 13 -9 -2 -14 17 -7 -19 20 -18 -22
right_child=5 3 9 7 -6 16 -8 10 -10 -11 -12 -13 15 -15 -16 -17 19 18 -20 -21 21 -23
leaf_value=-0.028033734695496883 -0.014605944411318933 -0.023828117065970888 0.012353564349469584 0.0020824875298479117 0.0081972425977799683 0.018315646134051688 -0.020004266559501677 -0.0071915986289806345 0.013225557957863772 -0.014430030576512588 0.0054397279655020525 0.014610925268664787 0.020731000277946526 -0.027178124366551884 0.0074073001605714254 -0.015455822879927571 0.007479117500076367 -0.017881571728330471 0.00075744437918165626 0.010229199620369318 -0.035738648437791579 -0.0016413695382964098
leaf_weight=135.63145356982901 29.390713177175257 117.77109631957683 41.397534033239111 721.05048911120684 32.128888927672961 31.221562067546074 78.226373188271509 115.18416373150467 8.2717115676066424 48.984601203690318 63.025197809969541 5.8972285608597295 18.477058152348039 72.516767024279034 120.83741493702655 9.1458554817945679 563.46864071147138 37.444944492448485 445.57053130208078 553.82793621153542 25.718049523258742 116.54126251827984
leaf_count=331333 43453 249591 62473 48688 7697 918 128578 33925 10988 103052 1856 260 2225 33408 114757 906 10475 6024 10302 7930 3223 2129
internal_value=3.78618e-10 -0.00532548 -0.0166082 -0.00291433 -0.0148792 0.00370378 -0.0057499 -0.000920192 -0.0249569 -0.00215384 -0.00850096 -0.0210392 -0.0126417 -0.0158974 0.00245783 0.00782616 0.00494677 0.000480086 -0.0010209 0.00675223 0.00391884 -0.00974795
internal_weight=3391.73 1389.48 234.285 1155.2 155.797 2002.25 228.455 999.4 143.903 90.3821 278.349 123.668 215.324 187.701 150.228 27.6229 1773.79 514.237 483.015 1259.56 705.728 142.259
internal_count=1214191 886402 507846 378556 257548 327789 286788 121008 342321 165525 72320 249851 70464 67333 158210 3131 41001 17244 16326 23757 15827 5352
is_linear=0
shrinkage=0.04


Tree=135
num_leaves=23
num_cat=0
split_feature=8 18 7 27 10 31 9 18 19 21 3 3 13 15 18 15 15 12 9 28 0 5
split_gain=40.9301 20.001 18.1017 16.8791 16.8037 16.7507 12.0579 11.9216 11.7197 9.60874 9.52892 41.8367 17.2967 14.862 10.6355 11.3668 9.3123 9.18446 9.11744 10.6429 12.5914 7.98426
threshold=0.52803689241409313 2.7206075191497807 0.54820996522903453 0.27807185053825384 0.002432426437735558 4.8978118896484384 0.36630125343799597 6.1673347949981698 1.0000000180025095e-35 1.0000000180025095e-35 0.059583939611911781 0.0028937865281477575 0.9600382149219514 2.2499048709869389 0.31724691390991216 5.3107368946075448 5.2907860279083261 0.95083332061767589 0.55316811800003063 0.48977114260196691 0.013603564817458393 0.82703286409378063
decision_type=2 2 2 2 2 2 2 2 2 2 2 2 2 2 2 2 2 2 2 2 2 2
left_child=1 3 18 5 7 -1 -7 -2 -9 10 11 13 -13 -6 15 -15 -12 -11 19 -3 -21 -8
right_child=4 2 -4 -5 9 6 21 8 -10 17 16 12 -14 14 -16 -17 -18 -19 -20 20 -22 -23
leaf_value=0.018543732430385994 0.0070665599713791195 -0.029757472973025046 0.0038680848198584562 0.0058502879757183629 -0.0071788666880584721 -0.011608414134224301 0.0054217180695882421 0.00090289843735810553 -0.028984594197070952 -0.028134686117596574 0.0051194775618584112 -0.03836189007746181 -0.0071438198177151222 -0.017863468720381401 0.0078143171510825799 0.012751088216192332 0.015201299234214496 0.0071690335390149993 -0.001448438786438216 0.017793496543777935 -0.018672605329508488 -0.022623026594164534
leaf_weight=30.171243911522083 34.924051454662049 131.83782346399255 56.994439614890098 230.05340222871291 143.00495397154509 425.63851489349463 122.08782748901967 31.079998829870647 51.108881110820221 19.161567224312421 885.34884962778278 40.353559662087264 78.941294149850364 46.476217556581105 753.35698445365142 20.962676165647281 171.93606078484709 14.243058961650602 34.451208132729789 14.524694856287168 31.23426687039273 8.5879747761919116
leaf_count=6787 45422 269510 43015 13218 9140 279439 18335 46216 264806 2008 29569 11978 3762 1799 26481 336 3508 369 39157 16001 82140 1195
internal_value=-1.89221e-09 -0.00636346 -0.0156233 -0.00316033 0.00302998 -0.00673364 -0.00840778 -0.0111449 -0.0188106 0.0038412 0.00420158 0.00154206 -0.0198541 0.00436707 0.00644088 -0.00792952 0.00688606 -0.0148982 -0.0208004 -0.0242771 -0.00598238 0.00210148
internal_weight=3376.48 1085.58 269.042 816.539 2290.9 586.486 556.314 117.113 82.1889 2173.79 2140.38 1083.1 119.295 963.801 820.796 67.4389 1057.28 33.4046 212.048 177.597 45.759 130.676
internal_count=1214191 768797 449823 318974 445394 305756 298969 356444 311022 88950 86573 53496 15740 37756 28616 2135 33077 2377 406808 367651 98141 19530
is_linear=0
shrinkage=0.04


Tree=136
num_leaves=23
num_cat=0
split_feature=8 10 1 9 13 3 3 4 22 4 27 10 24 8 18 6 15 30 22 24 29 29
split_gain=39.9913 28.7573 21.0592 17.7981 13.7786 10.9762 21.734 10.26 10.094 9.69234 9.31581 9.16304 16.3954 9.09725 8.95293 8.67035 8.49754 8.38025 8.28701 8.15754 8.57055 12.0787
threshold=0.9234740436077119 0.0098837832920253294 0.032531885430216796 0.28940977156162268 0.71370702981948864 0.088970217853784575 1.0000000180025095e-35 1.1016471982002261 15.500000000000002 0.94164064526557933 0.70287111401557933 0.15466698259115222 1.8688347935676577 0.38115957379341131 1.6352660655975344 0.12084876373410226 1.8688347935676577 4.9302022457122812 45.500000000000007 3.2769666910171513 0.27794176340103155 0.52435261011123668
decision_type=2 2 2 2 2 2 2 2 2 2 2 2 2 2 2 2 2 2 2 2 2 2
left_child=1 9 3 8 5 6 15 10 -3 -1 11 12 -2 -7 18 -4 -6 -14 -10 20 -18 -22
right_child=7 2 4 -5 16 13 -8 -9 14 -11 -12 -13 17 -15 -16 -17 19 -19 -20 -21 21 -23
leaf_value=-0.030009457159224144 0.0047539812817993408 0.0039528271247933093 0.0046396727113378004 0.0031127523887025947 -0.0069222924878548251 -0.012653971051353742 -0.034613122844301063 -0.0084098901794851608 -0.017332931918874046 0.0046805754790030943 0.014874465469530642 0.0051355044711643896 -0.027391104524790617 0.01283868402162742 -0.029138214985863865 -0.013300546433196597 0.0088335130902467539 0.0071417066150742097 0.0042752662839923338 0.015211733043068649 -0.0077099554562869614 0.0042382848106573834
leaf_weight=77.237104906052537 98.930607503607234 28.913999582130828 74.000891642318038 91.713417779070824 144.59048507681291 25.326242563232881 45.404883377820397 87.269767299399973 92.293193418837973 12.221961966982688 132.17135314061011 1327.3643111124229 43.589861985731204 52.958392576158076 92.613651897062027 81.683830602013131 198.4109045596706 9.7354242986289119 34.610971855019898 73.084151342573023 220.64675785110012 317.92734312627363
leaf_count=508899 97415 16152 35779 20213 15991 8452 52678 17107 88733 14858 8907 24656 83281 3835 90839 31651 22503 12561 26972 4317 20519 7873
internal_value=9.70359e-10 -0.004395 -0.00305629 -0.0117148 -0.00059472 -0.00824593 -0.0130155 0.00430391 -0.0170973 -0.025276 0.00503991 0.00406745 -0.00498649 0.00409228 -0.0199213 -0.00500775 0.00170662 -0.0209544 -0.0115578 0.00331244 0.00194458 -0.000708066
internal_weight=3362.7 1663.64 1574.18 340.145 1234.03 279.374 201.09 1699.06 248.432 89.4591 1611.79 1479.62 152.256 78.2846 219.518 155.685 954.66 53.3253 126.904 810.069 736.985 538.574
internal_count=1214191 970264 446507 242909 203598 132395 120108 243927 222696 523757 226820 217913 193257 12287 206544 67430 71203 95842 115705 55212 50895 28392
is_linear=0
shrinkage=0.04


Tree=137
num_leaves=23
num_cat=0
split_feature=8 18 7 10 31 31 27 31 15 14 9 28 27 17 27 6 17 27 29 5 1 18
split_gain=38.8717 18.8328 16.6959 16.0088 16.3319 22.7764 15.6917 15.5845 9.21736 8.82588 8.79825 9.98694 11.0799 8.66549 10.4207 12.4671 8.63855 8.77835 9.25721 9.63331 8.23057 8.06792
threshold=0.52803689241409313 2.7206075191497807 0.54820996522903453 0.23882629722356799 3.4334666728973393 8.9077382087707537 0.27807185053825384 6.9607896804809579 2.0126758217811589 1.900012791156769 0.55316811800003063 0.48977114260196691 0.18698512017726901 6.5517940521240243 0.29763267934322363 0.44669000804424291 7.4386775493621835 0.11450533568859102 0.64790377020835888 1.4577701687812807 0.29193584620952612 2.5128110647201543
decision_type=2 2 2 2 2 2 2 2 2 2 2 2 2 2 2 2 2 2 2 2 2 2
left_child=1 6 10 4 9 -6 7 20 21 -2 11 -3 -13 -10 15 16 -15 -18 19 -19 -1 -5
right_child=3 2 -4 8 5 -7 -8 -9 13 -11 -12 12 -14 14 -16 -17 17 18 -20 -21 -22 -23
leaf_value=-0.0017928140807772445 0.017556363555682991 -0.029268858949886588 0.0033365806782739977 0.001476770563560533 -0.021651030680003375 0.014534940948949415 0.005568824451982232 -0.011171780304094074 0.0083167619863053297 -0.0039969668693317171 -0.0013605407025809358 0.01099271167463417 -0.022267959707852718 -0.0037598288226201575 0.007251191834881085 -0.0085735693671130063 0.013092219604207107 -0.027018310799049781 0.015144086514251488 0.0077961730529399059 0.017014773240089823 -0.014082398766866755
leaf_weight=157.54727553128976 42.82026756768937 128.06147236234341 57.557214583706127 181.48484356025892 121.75554132430443 27.730123809793895 229.59890936856027 384.85987952418384 775.19831275206298 64.831021807287925 34.295784748151846 23.73137941634792 21.54322658400315 147.18969305936844 433.0936556240913 205.01996721956402 158.30951517700396 23.070094831207825 16.206655755624524 14.811227266443892 38.148765218958943 64.58939263589491
leaf_count=79526 26205 269510 43015 9084 251392 71100 13218 225480 20270 29977 39157 44606 53535 7181 6767 7949 8437 1626 156 184 750 5066
internal_value=-8.58133e-10 -0.00623351 -0.015289 0.00295939 -0.00627395 -0.0144479 -0.0031191 -0.00659113 0.00416048 0.0053398 -0.0203682 -0.0238497 -0.00599921 0.00516525 0.00265835 -0.000929573 0.00354273 0.00854486 -0.00473083 -0.0146208 0.00252246 -0.00299764
internal_weight=3351.45 1075.34 265.189 2276.11 257.137 149.486 810.155 580.556 2018.97 107.651 207.632 173.336 45.2746 1772.9 997.701 564.607 359.587 212.397 54.088 37.8813 195.696 246.074
internal_count=1214191 768797 449823 445394 378674 322492 318974 305756 66720 56182 406808 367651 98141 52570 32300 25533 17584 10403 1966 1810 80276 14150
is_linear=0
shrinkage=0.04


Tree=138
num_leaves=23
num_cat=0
split_feature=8 10 1 9 5 1 15 29 28 9 26 16 4 22 8 22 4 0 15 15 16 28
split_gain=37.1793 27.4035 20.3274 15.4856 12.6208 15.8389 10.9038 15.7113 13.2042 14.0264 12.4562 11.9307 10.5778 10.4708 10.3947 9.86308 9.85164 9.33437 9.31102 12.0997 9.1447 9.00305
threshold=0.9234740436077119 0.0098837832920253294 0.02065281663089991 0.28940977156162268 0.027373435907065872 0.52647048234939586 3.5694335699081425 0.35167782008647924 0.22080404311418536 0.44921663403511053 0.51436844468116771 4.9852454662323007 1.1016471982002261 18.500000000000004 0.5132485330104829 15.500000000000002 0.94164064526557933 0.022760717198252681 3.4175922870635991 2.1383330821990971 4.8001670837402353 0.38120383024215704
decision_type=2 2 2 2 2 2 2 2 2 2 2 2 2 2 2 2 2 2 2 2 2 2
left_child=1 16 3 15 -4 6 8 10 9 -6 -8 14 20 -7 17 -3 -1 -12 19 -10 -2 -22
right_child=12 2 4 -5 5 13 7 -9 18 -11 11 -13 -14 -15 -16 -17 -18 -19 -20 -21 21 -23
leaf_value=-0.029786753094246499 -0.0024302375637652611 0.0040696705629359895 0.0098041719331669174 0.002472510464741048 -0.028924740802629578 -0.010959350688501604 -0.012331242411931842 -0.0069426507662146732 -0.012129239712661959 0.0002145102494663338 0.0081556403110670424 0.023502405627843188 -0.0087343520506184356 0.011250860863864209 0.014168373276651443 -0.02005621461137885 0.0050101444292959471 -0.019883989829463416 -0.025864310586109066 0.0044949313816080669 0.0028143177354559511 0.0093220061342304556
leaf_weight=74.990522445398483 227.6414315290815 27.611547787769041 151.93122695557281 85.472605823481445 77.508546024083898 33.03038349077724 34.344346163176851 256.44061903879629 104.96733317082271 37.658432136388001 26.380542556518776 68.756729034512318 87.392936945112979 178.63268072671599 56.029289719586814 201.60089144954895 12.281230848275525 33.048526596930969 19.331385772688918 170.26681903006647 683.71092943284089 692.15285391442535
leaf_count=508899 51397 15448 41662 19109 50776 2027 36109 21697 18012 4854 2741 5195 17107 4112 3366 194766 14858 5675 2744 18214 102202 73221
internal_value=1.71094e-09 -0.00425807 -0.00295588 -0.0118724 -0.000631674 -0.00215335 -0.00450766 -0.000349267 -0.00920528 -0.0201406 0.00735218 0.0114679 0.0041564 0.00744687 0.00299907 -0.0171013 -0.0248783 -0.00805527 -0.00440895 -0.00204807 0.00490874 0.00613177
internal_weight=3341.18 1650.28 1563.01 314.685 1248.33 1096.4 884.733 475 409.733 115.167 218.559 184.215 1690.9 211.663 115.458 229.212 87.2718 59.4291 294.566 275.234 1603.51 1375.86
internal_count=1214191 970264 446507 229323 217184 175522 169383 74783 94600 55630 53086 16977 243927 6139 11782 210214 523757 8416 38970 36226 226820 175423
is_linear=0
shrinkage=0.04


Tree=139
num_leaves=23
num_cat=0
split_feature=8 10 0 10 9 31 30 28 16 18 1 6 22 15 3 3 13 28 22 14 15 3
split_gain=36.5829 20.1922 19.3221 19.2203 15.7173 14.2889 11.9923 10.9628 10.5796 10.5072 10.3764 10.3545 9.92097 9.7868 9.7605 45.5202 17.1359 9.79389 12.2579 10.1158 9.43694 8.94548
threshold=0.40390202403068548 0.002432426437735558 0.13531847298145297 0.87500000000000011 0.37881179153919226 7.8121080398559579 0.72579431533813488 0.51445010304451 4.7276363372802743 6.1673347949981698 0.02065281663089991 0.002944966079667211 15.500000000000002 6.661853790283204 0.059583939611911781 1.0000000180025095e-35 0.9600382149219514 0.47017715871334081 24.500000000000004 3.6934835910797124 2.2499048709869389 0.23012495040893557
decision_type=2 2 2 2 2 2 2 2 2 2 2 2 2 2 2 2 2 2 2 2 2 2
left_child=2 6 3 7 5 10 -2 13 -3 -8 12 -12 -5 -1 15 20 -17 -16 19 -19 -10 -20
right_child=1 8 -4 4 -6 -7 9 -9 14 -11 11 -13 -14 -15 17 16 -18 18 21 -21 -22 -23
leaf_value=-0.032105959999246071 0.0095617726860358059 -0.004115452332907262 0.0087039903819895147 0.0099197611679309097 0.0055005139077820599 -0.018665018946559891 0.001632317264319232 -0.00060983798548233561 -0.0057486729773676623 -0.025700047307457487 0.012099605424201512 -0.0075499974201999765 -0.017987526804115132 0.0099153900644399478 0.0033937160865051092 -0.039018665257402975 -0.0080649025205742839 0.0045469251740489006 0.017570699860705578 -0.025229368134382268 0.0059180707031575557 0.0023798040020691935
leaf_weight=93.086787704407811 24.646978331866649 274.87845763953828 95.360112885862009 18.70315026041294 129.01440202178446 172.24353261056694 29.351616931466424 27.397927608037548 119.60488223486959 72.669980396060737 79.978552231399817 72.750053577085964 90.180715341744872 5.2383888704707706 610.28981010947882 41.042015607346457 81.295493045847252 76.230875445568699 286.19928667189151 13.219738345360382 833.58264801334553 82.821881104875501
leaf_count=208252 66120 24210 33015 9337 17344 145824 49084 66504 10559 344450 15726 16134 99280 3140 28713 19932 4779 2983 5483 281 41144 1897
internal_value=1.87299e-11 0.00232982 -0.00749996 -0.00983644 -0.0064417 -0.0100368 -0.0126518 -0.0234405 0.00316311 -0.0183928 -0.00387807 0.00285102 -0.0127627 -0.0291586 0.00411093 0.00139973 -0.0206131 0.00680102 0.0111674 -0.00194804 0.00440966 0.014314
internal_weight=3329.79 2545.83 783.954 688.594 562.87 433.856 126.669 125.723 2419.17 102.022 261.612 152.729 108.884 98.3252 2144.29 1075.53 122.338 1068.76 458.472 89.4506 953.188 369.021
internal_count=1214191 599635 614556 581541 303645 286301 459654 277896 139981 393534 140477 31860 108617 211392 115771 76414 24711 39357 10644 3264 51703 7380
is_linear=0
shrinkage=0.04


Tree=140
num_leaves=23
num_cat=0
split_feature=8 12 0 11 31 31 31 13 9 2 28 14 28 15 15 7 4 22 24 15 16 31
split_gain=34.8504 19.3879 18.2849 18.4242 17.1551 21.3314 14.6186 12.0386 10.4217 10.4944 9.84746 9.06289 12.0371 9.45864 9.05518 8.12867 13.9935 10.5961 9.85717 8.98213 10.4298 10.0536
threshold=0.40390202403068548 0.27862021327018743 0.13531847298145297 1.0000000180025095e-35 3.4334666728973393 8.9077382087707537 6.9607896804809579 0.0029985255096107726 0.38907641172409063 0.052503826096653945 0.51445010304451 1.900012791156769 0.4666306227445603 6.688976764678956 6.661853790283204 0.80224251747131359 0.62741512060165416 26.500000000000004 0.89587974548339855 5.4445774555206308 4.9092381000518808 7.9633073806762704
decision_type=2 2 2 2 2 2 2 2 2 2 2 2 2 2 2 2 2 2 2 2 2 2
left_child=2 4 3 10 11 -6 7 -5 -8 -10 14 -2 13 -13 -1 16 19 -17 -18 21 -21 -3
right_child=1 15 -4 6 5 -7 8 -9 9 -11 -12 12 -14 -15 -16 17 18 -19 -20 20 -22 -23
leaf_value=-0.031501119434209364 0.013063946508007641 0.0058083219759253527 0.0083919946311595082 -0.017077763997660513 -0.021919751783213141 0.012524859723059445 -0.014198945019785563 0.0071871679954843282 0.008270072981494403 -0.025270257780136397 -0.0014320684449358914 -0.025231809314448701 0.0042879200859998433 0.014820146396703343 0.0091361159139310699 -0.0061249267572614135 0.0011869068551565067 0.010856618344394216 -0.017731901964331612 -0.005893075752287623 0.01508608946562077 -0.0010839827425352577
leaf_weight=90.883020621034689 63.934554460240861 662.28285966812291 95.636994908304132 30.701201077948099 133.66630035533353 28.978079923390851 292.37032726084817 159.63008581388476 68.18346505053114 8.4999113522353564 28.071854098807194 39.93799017219385 91.912115160638677 4.6920512264096024 5.3220440792947548 62.280922029665817 85.490131715108873 389.42169897750864 78.430427254585084 41.847157400711694 175.79271608223371 676.94651053722191
leaf_count=208252 44005 28328 33015 69058 321573 92518 210705 10109 11900 1873 66504 15906 20557 226 3140 834 1324 3721 2237 2427 5882 60097
internal_value=2.6089e-10 0.00227691 -0.0073434 -0.00963387 -0.00616517 -0.0154128 -0.00630536 0.00261604 -0.010854 0.00206597 -0.0230305 0.00171316 -0.00413053 -0.019079 -0.0286045 0.00370975 0.00242828 0.00843325 -0.00836417 0.00361073 0.0109706 0.00234222
internal_weight=3314.91 2535.61 779.299 683.662 363.121 162.644 559.385 190.331 369.054 76.6834 124.277 200.477 136.542 44.63 96.2051 2172.49 1720.79 451.703 163.921 1556.87 217.64 1339.23
internal_count=1214191 599635 614556 581541 494785 414091 303645 79167 224478 13773 277896 80694 36689 16132 211392 104850 100295 4555 3561 96734 8309 88425
is_linear=0
shrinkage=0.04


Tree=141
num_leaves=23
num_cat=0
split_feature=8 10 1 13 3 3 9 4 18 18 31 4 2 0 1 22 16 15 14 9 16 1
split_gain=33.7769 25.0645 19.4619 13.0873 13.3497 19.5655 12.6812 11.0811 10.7532 10.1186 11.3057 9.62731 9.06235 8.96199 11.2656 10.2261 10.6539 9.4818 10.3876 21.3611 10.4974 8.57637
threshold=0.9234740436077119 0.0098837832920253294 0.02065281663089991 0.71370702981948864 0.088970217853784575 1.0000000180025095e-35 0.80292102694511425 1.1016471982002261 1.6352660655975344 1.3274267911911013 5.8521654605865487 0.94164064526557933 0.19502636045217517 1.0000000180025095e-35 0.34248937666416174 18.500000000000004 4.9620969295501718 5.5816130638122567 2.5620021820068364 0.46813052892684942 4.8086187839508066 0.091937709599733367
decision_type=2 2 2 2 2 2 2 2 2 2 2 2 2 2 2 2 2 2 2 2 2 2
left_child=1 11 6 4 5 -4 8 -2 9 10 -3 -1 -10 -5 17 -16 -17 18 19 -15 -20 -21
right_child=7 2 3 13 -6 -7 -8 -9 12 -11 -12 -13 -14 14 15 16 -18 -19 20 21 -22 -23
leaf_value=-0.02926169313954341 0.0047487672495244854 0.007608246311516095 -0.0057712381170509372 0.0098374964997349785 0.0053162728357026602 -0.034199306570209392 0.0083663108039839715 -0.0092063645217944131 -0.025904617006311713 0.0087933314246016053 -0.01920901416943837 0.0050841503062744077 0.013614313308155736 -0.010421183886417976 -0.010369824846522163 -0.0020194246058308123 0.012181494585302358 0.01063866622731449 0.0051560397601221443 -0.011214240085914056 -0.029339784347859887 0.018794403725133999
leaf_weight=71.40292975461125 1590.4807824528757 27.565207171028078 157.347611224714 166.08701168803782 80.480296351151992 44.004476379339849 37.754473143494579 87.437464439375162 110.73176426072018 39.841719676815728 89.37056929087953 12.359334118208151 4.0288450429925424 201.41280717091649 54.703755352151347 129.66135724064952 219.9939880557431 45.318494828272378 15.385431986971524 12.067057411557469 45.199463078934059 63.86865840957762
leaf_count=508899 226820 15760 72871 12291 12916 57383 3291 17107 99955 23893 86235 14858 189 34143 3805 4518 6148 3888 713 1185 3311 4012
internal_value=1.25158e-09 -0.00409088 -0.00285238 -0.000572634 -0.00798986 -0.0133082 -0.0116561 0.00397132 -0.0146383 -0.00710366 -0.012786 -0.0241921 -0.0235372 0.00167943 -0.000142661 0.00446151 0.00700569 -0.00499033 -0.00733178 -0.00369697 -0.0210902 0.0132756
internal_weight=3306.5 1628.59 1544.82 1235.53 281.832 201.352 309.293 1677.92 271.538 156.777 116.936 83.7623 114.761 953.698 787.611 404.359 349.655 383.252 337.933 277.349 60.5849 75.9357
internal_count=1214191 970264 446507 217184 143170 130254 229323 243927 226032 125888 101995 523757 100144 74014 61723 14471 10666 47252 43364 39340 4024 5197
is_linear=0
shrinkage=0.04


Tree=142
num_leaves=23
num_cat=0
split_feature=8 10 1 13 5 10 17 23 14 3 3 6 2 4 18 27 17 26 7 7 17 22
split_gain=32.5852 24.3412 18.3801 12.3206 10.4478 12.1801 12.1547 10.586 10.2257 9.95844 12.8775 9.53175 11.1938 9.16029 8.37554 8.28997 7.94361 9.45685 7.57828 9.52948 11.0615 9.43402
threshold=0.9234740436077119 0.0098837832920253294 0.032531885430216796 0.71370702981948864 1.1192067265510561 0.23882629722356799 8.4767880439758319 2.5000000000000004 1.812468469142914 0.12710126489400866 1.0000000180025095e-35 0.48332983255386358 0.069424707442522063 0.94164064526557933 1.6352660655975344 0.38859628140926367 7.8667175769805917 0.86758989095687877 0.10205914825201036 0.9663875699043275 6.3216667175292978 26.500000000000004
decision_type=2 2 2 2 2 2 2 2 2 2 2 2 2 2 2 2 2 2 2 2 2 2
left_child=1 13 11 9 6 7 16 8 -6 10 -4 12 14 -1 -3 -9 17 -2 -5 20 21 -20
right_child=4 2 3 18 5 -7 -8 15 -10 -11 -12 -13 -14 -15 -16 -17 -18 -19 19 -21 -22 -23
leaf_value=-0.029044708037868405 0.0047211837865947081 -0.0096294307443776043 -0.005029659866807981 0.011169556337089593 0.0065102299910351552 0.0038882245835992397 -0.012473484990472589 -0.0084717429160309811 -0.023812617716821288 0.0057673477611113822 -0.026409589854216403 0.0025681291375367322 0.0083689967488992743 0.0045966141270440772 -0.025667046194434356 0.014496146415917835 0.029407626637863837 0.026617905869747188 -0.0085276716936096182 0.010476632990139616 -0.0056652893397617513 0.0078354916498659787
leaf_weight=69.849310647839275 148.54946092862519 140.95827970674645 153.10851343973263 107.76556107226861 18.763683988676803 1270.8546962449782 22.875484317663449 43.121788499132435 62.281154203676806 60.318543831946954 58.029181144397398 63.116001588864037 25.400158109522636 12.481207727106947 97.702358543371702 38.199247742654279 37.956162645443328 32.433221706207405 63.78044684149063 115.96476131282543 411.13172224507434 241.17175297610083
leaf_count=508899 24797 127524 67430 11568 21351 20499 5914 65804 82125 7666 57299 10468 5223 14858 99694 20721 2513 203 4642 1706 39888 13399
internal_value=9.12191e-10 -0.00403072 -0.00281401 -0.000510395 0.00390093 0.00256023 0.01143 -0.00745667 -0.0168482 -0.00785718 -0.0118343 -0.0110743 -0.0143099 -0.0239992 -0.0169631 0.00272302 0.0143632 0.00983348 0.00167203 0.000323891 -0.00144192 0.00425105
internal_weight=3295.81 1620.78 1538.45 1211.27 1675.03 1433.22 241.814 162.366 81.0448 271.456 211.138 327.177 264.061 82.3305 238.661 81.321 218.939 180.983 939.814 832.049 716.084 304.952
internal_count=1214191 970264 446507 203598 243927 210500 33427 190001 103476 132395 124729 242909 232441 523757 227218 86525 27513 25000 71203 59635 57929 18041
is_linear=0
shrinkage=0.04


Tree=143
num_leaves=23
num_cat=0
split_feature=8 14 10 30 17 4 10 31 28 29 15 31 15 17 16 5 0 13 15 2 17 28
split_gain=32.0296 15.0612 12.1335 12.7785 12.1217 9.63915 9.87792 12.0712 12.6852 13.2789 9.25512 9.74969 8.66918 8.26677 7.9276 7.47166 7.38986 7.38657 7.36208 7.01242 6.62103 7.89728
threshold=0.57013472914695751 1.1306682825088503 0.23882629722356799 2.8919353485107426 8.2956724166870135 0.5033324956893922 0.87500000000000011 7.4984102249145517 0.21524738520383838 0.27522513270378118 4.9663290977478036 8.1347699165344256 2.9700856208801274 3.9510587453842168 4.8222787380218515 0.75534847378730785 0.24637520313262942 0.00033657108724582946 6.4960203170776376 0.34034849703311926 8.1606612205505389 0.64073252677917492
decision_type=2 2 2 2 2 2 2 2 2 2 2 2 2 2 2 2 2 2 2 2 2 2
left_child=1 -1 3 14 5 6 -3 15 -9 12 11 -7 -10 -11 -2 -8 19 -4 -19 -5 21 -13
right_child=2 4 17 16 -6 10 7 8 9 13 -12 20 -14 -15 -16 -17 -18 18 -20 -21 -22 -23
leaf_value=-0.01730169777022866 -0.014840073187771408 -0.016093707296682639 -0.010824142632956406 -0.026934121860610546 -0.01469969498147526 0.0065463717593058678 0.0067666270867776162 -0.01567719697529199 -0.011313671894787929 0.011958219528111207 0.020907350195110461 -0.032987493628254962 0.02340507007760988 -0.010847005020574866 0.0054333055960663181 -0.015058510862163095 0.0048499229728108757 0.00376359345949626 0.015942067470645659 0.008999099934789246 0.012541121564005216 -0.0006952405213776358
leaf_weight=139.05528459498521 29.390556040049887 86.671388094868917 43.613208886154098 57.403550501456039 126.20535914415257 133.62494847609855 220.28206962459876 141.70338218604502 8.4472674682901907 23.217771569317392 37.965951807334477 17.861657962917434 38.75555011594497 113.44888824070222 133.13562928628039 18.688058590792934 15.159524256411258 1794.4598304125202 74.45503300683049 5.1068654076930207 6.2495513316837323 22.222328220767849
leaf_count=356631 50048 151321 9597 133735 78794 50965 21056 90376 3277 3032 6807 13071 4542 19811 150217 845 11006 45776 982 2295 966 9041
internal_value=-2.82451e-10 -0.00541155 0.00286351 -0.0054531 -0.00359486 -0.00183349 -0.00426073 -0.00219558 -0.00711526 -4.85098e-05 0.00528843 0.00106613 0.0163003 -0.00642154 0.00111949 0.00452357 -0.0177653 0.00393093 0.00433103 -0.0231623 -0.0130952 -0.0187982
internal_weight=3287.12 1134.4 2152.72 240.196 995.344 869.139 651.214 564.543 325.573 183.869 217.924 179.958 47.2028 136.667 162.526 238.97 77.6699 1912.53 1868.91 62.5104 46.3335 40.084
internal_count=1214191 810535 403656 347301 453904 375110 294260 142939 121038 30662 80850 74043 7819 22843 200265 21901 147036 56355 46758 136030 23078 22112
is_linear=0
shrinkage=0.04


Tree=144
num_leaves=23
num_cat=0
split_feature=8 10 9 27 18 1 29 18 19 22 13 13 17 30 16 3 3 6 7 14 6 1
split_gain=31.1762 17.4744 17.0486 20.69 19.538 11.6521 10.9818 10.9773 13.3186 10.6737 10.9582 10.1369 9.76859 9.44683 9.27525 10.1082 17.39 12.1669 13.8186 11.6391 8.09883 7.69017
threshold=0.40390202403068548 0.002432426437735558 0.52476942539215099 0.66854631900787365 2.54277515411377 0.02065281663089991 0.10301288589835168 6.1673347949981698 1.0000000180025095e-35 37.500000000000007 0.79394951462745678 0.2454088553786278 6.2156071662902841 0.72579431533813488 4.9611988067626962 0.059583939611911781 1.0000000180025095e-35 0.42602665722370153 0.53197160363197338 3.3225247859954838 1.0380479693412783 0.30120083689689642
decision_type=2 2 2 2 2 2 2 2 2 2 2 2 2 2 2 2 2 2 2 2 2 2
left_child=2 7 3 4 5 -1 -7 -2 13 -8 -11 -4 -13 -9 -3 16 17 -16 -19 -18 -20 -17
right_child=1 14 11 -5 -6 6 9 8 -10 10 -12 12 -14 -15 15 21 19 18 20 -21 -22 -23
leaf_value=-0.016069749265406767 0.0056132906259209496 -7.5248460120844822e-05 -0.016960028188632622 0.019551749154107508 -0.024448756234889339 0.01039463701669425 -0.014873732520002325 0.02457835685964661 -0.029771602386620803 -0.016172533252474953 0.0098086305869969324 -0.0089063092048924583 0.013800440404269006 -0.011230365344330731 0.0084854647535605905 0.0035241117854703835 -0.023446782227667513 -0.012104332774555748 0.011836164181646657 0.0066278273298537747 -0.0077732222315284351 0.012017350948684479
leaf_weight=147.98024758323209 35.354643346782041 978.04593323238623 20.936284276368951 26.894925841061649 138.3098687485757 70.116613156581479 112.76586854409561 7.9994436867843879 53.754700696625832 26.990804699682485 78.036358021136039 32.954800749676679 109.04131107365617 24.255306862578664 366.5495808400251 316.16274416225065 57.416689252607284 120.51097914230331 95.785156354796072 24.35191614125506 41.24088665655745 391.93438072975027
leaf_count=162841 57577 60927 14810 6206 295286 28470 38029 10818 341512 24761 6518 9818 27817 49747 23597 16287 16576 8624 2224 417 1104 10225
internal_value=6.55819e-10 0.00215414 -0.0070226 -0.0100987 -0.0117984 -0.00732608 -0.00244343 -0.0120717 -0.0191688 -0.00685142 0.00230625 0.00425353 0.00829136 0.00136546 0.00292318 0.00498319 0.00155926 0.00389416 -0.00271351 -0.0147439 0.00580702 0.00832704
internal_weight=3277.39 2513.36 764.027 601.095 574.2 435.89 287.91 121.364 86.0095 217.793 105.027 162.932 141.996 32.2548 2392 1413.95 705.855 624.087 257.537 81.7686 137.026 708.097
internal_count=1214191 599635 614556 562111 555905 260619 97778 459654 402077 69308 31279 52445 37635 60565 139981 79054 52542 35549 11952 16993 3328 26512
is_linear=0
shrinkage=0.04


Tree=145
num_leaves=23
num_cat=0
split_feature=8 10 9 27 18 31 30 18 16 13 8 1 22 4 6 17 0 18 1 13 30 16
split_gain=29.7235 16.4997 16.4669 21.1637 17.3631 11.7065 10.5487 10.0228 8.97949 8.94189 8.83156 8.44683 10.6736 8.24248 7.97125 8.80697 7.87344 7.39644 7.3494 7.22872 6.92038 7.78735
threshold=0.40390202403068548 0.002432426437735558 0.4444840699434281 0.66854631900787365 2.54277515411377 6.3935852050781259 0.72579431533813488 6.1673347949981698 4.7276363372802743 0.16529746353626254 0.11633653193712236 0.02065281663089991 33.500000000000007 0.61315578222274791 1.1400616168975832 7.8242459297180185 0.0050803204067051419 0.64517706632614147 0.21320295333862307 0.0029985255096107726 4.3093836307525644 4.6525118350982675
decision_type=2 2 2 2 2 2 2 2 2 2 2 2 2 2 2 2 2 2 2 2 2 2
left_child=2 6 3 4 5 19 -2 -8 20 -7 18 -11 16 17 -4 -16 -13 -14 -6 -1 21 -3
right_child=1 8 14 -5 10 9 7 -9 -10 11 -12 12 13 -15 15 -17 -18 -19 -20 -21 -22 -23
leaf_value=-0.01237886955630528 0.0092341212926804282 0.0019180238179197773 0.0097298354139403014 0.020220175467167149 -0.019231244477842351 -0.023273655419007184 0.0021384702684157631 -0.024885181640423859 0.0037231240051069335 -0.018063858801978545 -0.03332511182405902 0.0027987086913249834 -0.013808145398336693 -0.019768037645960242 -0.015630764820133404 0.011218045634356537 -0.02150195638649248 0.012457118067999325 0.006345333881169821 0.01107972753181922 -0.020932596978850589 -0.015277931313549598
leaf_weight=19.666822926224143 23.779966629589921 204.33290567486711 112.61023585150599 25.980004210266316 40.135320278582384 65.900035163718599 28.572345699192965 67.442930021067127 2117.7894700816437 71.051944856898444 69.765348021468526 30.009395651772138 11.89382224933979 9.3479134896770102 45.907405590260055 21.399875854449874 49.506941169005586 96.248760664770998 21.857328610244707 67.266344421412214 23.70000646751987 42.564578456925574
leaf_count=36813 66120 18206 40417 5550 57697 165493 49084 344450 115771 26953 178443 2741 2737 268 17713 6454 8098 10955 50209 4015 2687 3317
internal_value=5.10628e-10 0.00210145 -0.00688551 -0.0101306 -0.0118914 -0.00759008 -0.0118091 -0.0174003 0.0028455 -0.0109297 -0.0241271 -0.00716712 -0.00255437 0.00501033 0.00353494 -0.00674749 -0.0130428 0.00864413 -0.0105847 0.00504315 -0.00391098 -0.00152583
internal_weight=3266.73 2508.18 758.547 578.63 552.65 420.892 119.795 96.0153 2388.39 333.959 131.758 268.059 197.007 117.49 179.918 67.3073 79.5163 108.143 61.9926 86.9332 270.597 246.897
internal_count=1214191 599635 614556 549972 544422 258073 459654 393534 139981 217245 286349 51752 24799 13960 64584 24167 10839 13692 107906 40828 24210 21523
is_linear=0
shrinkage=0.04


Tree=146
num_leaves=23
num_cat=0
split_feature=8 10 13 17 3 3 9 1 0 1 15 12 22 18 5 17 15 10 31 31 6 27
split_gain=28.9117 21.5555 15.9926 13.3236 11.7677 10.0471 9.75083 9.84253 9.67953 12.8269 11.245 10.476 10.318 10.2818 9.44617 11.7464 10.8804 10.2229 9.70099 12.0083 8.81848 8.67016
threshold=0.9234740436077119 0.0098837832920253294 0.15816279500722888 9.2104907035827654 0.05583061836659909 1.0000000180025095e-35 0.70834773778915416 0.02065281663089991 1.0000000180025095e-35 0.29916422069072729 3.8606742620468144 0.96657362580299389 15.500000000000002 0.91104382276535045 1.1192067265510561 8.4767880439758319 6.4960203170776376 0.23882629722356799 8.9077382087707537 3.4334666728973393 0.68577471375465404 0.78077369928359996
decision_type=2 2 2 2 2 2 2 2 2 2 2 2 2 2 2 2 2 2 2 2 2 2
left_child=1 21 4 6 5 -3 7 -4 -9 10 11 12 -10 -11 15 -2 17 18 19 -16 -15 -1
right_child=14 2 3 -5 -6 -7 -8 8 9 13 -12 -13 -14 20 16 -17 -18 -19 -20 -21 -22 -23
leaf_value=-0.02771110845642747 0.01377679180912871 -0.010365351078708365 -0.010015465634085436 -0.019240997916491826 0.0022740371947581601 -0.032998371139152258 0.0076908033969087155 0.0083918241660091656 0.010675460271650714 -0.010973587778386355 -0.00032831463123344622 -0.0047575615235511022 -0.031326155459702458 0.0083724111510520786 0.0015951040891993443 -0.012768153512238907 0.018132753170393225 0.0028707943129011159 0.014684896712035177 -0.02132405086053631 -0.0079137642892205158 0.0065876681059203
leaf_weight=68.086568638155313 216.65735081764956 124.93779389133283 174.57909308353646 50.599471268682464 63.178609896957823 41.079397319253758 206.60622271976899 171.44327793658886 5.8612812801766259 64.196256984054344 144.94316356611489 75.825879784446442 59.208497916624765 279.2450237065168 62.187722753706112 22.322632188263469 57.181751785507686 1210.844612864159 17.932713491643426 74.517152672809743 56.836989062845532 9.9102532582680833
leaf_count=512816 27513 139481 51646 11861 25717 131244 7565 14133 911 2420 17874 5608 21576 12944 24521 5914 4022 20096 32564 129297 3527 10941
internal_value=-9.01475e-10 -0.00383183 -0.00269753 -0.000927759 -0.0121984 -0.0175222 -3.16192e-05 -0.0016364 0.000165159 -0.0019815 -0.00830825 -0.0159516 -0.0266247 0.00262882 0.00368259 0.0108841 0.00240536 0.00161971 -0.0077559 -0.0115 0.00546907 -0.0230997
internal_weight=3258.18 1596.54 1518.54 1289.35 229.196 166.017 1238.75 1032.14 857.56 686.117 285.839 140.896 65.0698 400.278 1661.64 238.98 1422.66 1365.48 154.638 136.705 336.082 77.9968
internal_count=1214191 970264 446507 150065 296442 270725 138204 130639 78993 64860 45969 28095 22487 18891 243927 33427 210500 206478 186382 153818 16471 523757
is_linear=0
shrinkage=0.04


Tree=147
num_leaves=23
num_cat=0
split_feature=8 27 12 10 18 31 2 22 19 1 3 3 13 15 15 27 2 14 15 15 2 1
split_gain=27.3385 16.2373 15.0639 13.1614 10.9289 10.2196 10.1799 15.3227 9.96257 8.51233 8.50388 34.6739 16.3925 9.21673 8.76998 7.81368 9.11933 7.5624 9.79339 7.28226 6.89397 7.20012
threshold=0.48819254338741308 0.24244493991136554 0.71133798360824596 0.002432426437735558 6.1673347949981698 6.9607896804809579 0.066231708973646178 42.500000000000007 1.0000000180025095e-35 0.29916422069072729 0.059583939611911781 0.0028937865281477575 0.9600382149219514 5.2907860279083261 2.2499048709869389 0.048687500879168517 0.085092891007661833 2.7517710924148564 2.2499048709869389 3.9981586933135991 0.2799766212701798 0.55805280804634105
decision_type=2 2 2 2 2 2 2 2 2 2 2 2 2 2 2 2 2 2 2 2 2 2
left_child=1 2 -1 4 -2 9 -3 20 -6 -4 11 14 -13 -12 15 16 -5 -14 -19 -7 21 -8
right_child=3 6 5 10 8 19 7 -9 -10 -11 13 12 17 -15 -16 -17 -18 18 -20 -21 -22 -23
leaf_value=-0.023637558711958641 0.0069732349876454307 0.0061633218423584593 -0.003351668936658734 -0.0080234116857485476 0.00040285335175349997 -0.014979791516488592 -0.034913338819515853 0.0092321411461838941 -0.028143936704094281 0.016181486906645521 0.0038324670581066701 -0.036545384096902084 0.006317425680675187 0.013741353051095069 0.0047275107204220145 -0.011223561736577578 0.021636001756250137 0.0077458381404015286 -0.026285432408828444 -0.0029765856036622828 0.011649130197665503 0.00085087992588570515
leaf_weight=90.897392878139499 33.715435597431338 224.61483951164121 158.79585923101035 26.280936837996705 29.489085999149211 213.9473119648178 31.065081364289995 33.552331941595298 46.508646530743476 35.296805728247818 918.0278430769431 41.262045213455394 35.674348936015576 173.58559642294949 831.9243529125722 105.21904076506189 22.176012476685173 14.604550423984618 31.173903861301369 135.93394265830375 2.820429611001031 10.938420081445654
leaf_count=258848 49510 93866 87506 4172 49730 165248 26820 8900 292017 1143 34542 15303 2883 3886 33810 6378 867 362 1002 71354 1355 4689
internal_value=5.67284e-10 -0.0057237 -0.00931475 0.00233885 -0.0106056 -0.00653794 0.00185798 -0.00978175 -0.0183082 0.000819343 0.00302947 0.000550439 -0.0186606 0.00551859 0.00310577 -0.00542599 0.00692926 -0.00659517 -0.0159863 -0.0105287 -0.0231023 -0.0272271
internal_weight=3247.5 937.862 634.871 2309.64 109.713 543.974 302.991 78.3763 75.9977 194.093 2199.93 1108.32 122.715 1091.61 985.6 153.676 48.4569 81.4528 45.7785 349.881 44.8239 42.0035
internal_count=1214191 719729 584099 494462 391257 325251 135630 41764 341747 88649 103205 64777 19550 38428 45227 11417 5039 4247 1364 236602 32864 31509
is_linear=0
shrinkage=0.04


Tree=148
num_leaves=23
num_cat=0
split_feature=26 15 17 13 16 22 8 6 2 7 1 17 16 22 3 3 20 31 8 18 0 18
split_gain=26.5509 13.8529 11.6098 10.7067 10.7596 10.5974 9.52798 12.671 11.0299 10.992 11.3635 9.32504 7.8595 7.21052 7.20525 9.11852 7.1172 9.70712 9.70438 9.07921 8.06298 7.32316
threshold=0.50574043393135082 2.9174053668975835 10.829699516296388 0.0010178629308938982 4.7276363372802743 29.500000000000004 0.72192299365997326 1.2058480978012087 0.001237328222487122 0.40031231939792639 0.47662192583084112 4.6200466156005868 4.9815044403076181 24.500000000000004 0.17430504411458972 0.21431770175695422 1.0000000180025095e-35 7.0170354843139657 0.57013472914695751 2.7765965461730961 0.25344176590442663 0.40233913064002996
decision_type=2 2 2 2 2 2 2 2 2 2 2 2 2 2 2 2 2 2 2 2 2 2
left_child=14 16 3 -3 -5 6 8 9 -6 -8 11 -11 -10 -12 -1 -16 17 19 -18 21 -19 -2
right_child=1 2 -4 4 5 -7 7 -9 12 10 13 -13 -14 -15 15 -17 18 20 -20 -21 -22 -23
leaf_value=-0.01269993999539022 -0.0070100700145841544 -0.014888601454838451 -0.024427554600067024 -0.0068381595103871248 0.0047512787564810465 0.0062877457958587755 0.014172860338872635 -0.020473201160491627 -0.025496018873437665 0.010444248142551842 -0.0056042596906350278 -0.030662244798591028 -0.0035188835601814255 0.015059876814906389 0.011839743000622358 -0.011491469881671396 -0.010416508520458839 -0.010787142062073299 0.012507802593967346 -0.005792151195999763 0.007755754763193538 0.012022889835980186
leaf_weight=293.22729712028433 36.110569205081902 40.403983709028353 14.404670592059345 132.02065182284696 61.994026468019229 1424.9899476075288 129.81162161432985 21.293230025165713 50.605739325799277 6.5961827318597015 46.131920577495976 21.309748350743803 52.169174786799658 44.098082731134582 44.106484121056951 43.117633101901674 34.100974508515264 339.29846949974535 84.883913727416711 165.14718756350044 34.874806823642302 115.88238624232326
leaf_count=625828 812 17374 5079 26706 9277 162333 9624 5033 17766 673 6323 4619 14155 3329 31087 64199 11207 104341 14658 71975 5750 2043
internal_value=-5.39486e-11 0.00133307 0.00308269 0.00339647 0.00384008 0.00463095 -0.000827931 0.00377559 -0.00813593 0.00657099 -0.00223637 -0.0207538 -0.0156415 0.00498985 -0.0097855 0.000310696 -0.00306807 -0.00462581 0.00563951 0.00053724 -0.00890196 0.00734743
internal_weight=3236.58 2856.13 2045.83 2031.42 1991.02 1859 434.01 269.241 164.769 247.948 118.136 27.9059 102.775 90.23 380.451 87.2241 810.298 691.313 118.985 317.14 374.173 151.993
internal_count=1214191 493077 282291 277212 259838 233132 70799 29601 41198 24568 14944 5292 31921 9652 721114 95286 210786 184921 25865 74830 110091 2855
is_linear=0
shrinkage=0.04


Tree=149
num_leaves=23
num_cat=0
split_feature=14 15 16 15 2 31 26 31 29 30 2 3 14 2 5 17 12 31 28 7 0 17
split_gain=26.077 13.4149 12.4233 11.4469 12.5114 13.6462 12.8381 17.4688 14.8233 10.5636 9.82724 12.414 9.00607 8.99245 12.8488 11.1159 8.91841 17.6367 14.3201 12.8808 10.965 10.6411
threshold=1.3162323236465456 3.5694335699081425 4.97829294204712 6.6180710792541513 0.0062219831161201009 7.0170354843139657 0.81158882379531871 8.3079695701599139 0.34520445764064794 4.7441947460174569 0.10791660845279695 0.14457233250141147 2.9777579307556157 0.094113882631063475 0.35288615524768835 8.2956724166870135 0.6602836847305299 7.0170354843139657 0.58416205644607555 0.24860257655382159 0.10205665975809099 6.6220710277557382
decision_type=2 2 2 2 2 2 2 2 2 2 2 2 2 2 2 2 2 2 2 2 2 2
left_child=-1 16 3 4 5 -3 -6 9 -9 -8 -10 -12 -7 14 -4 -16 -2 -18 20 -20 21 -19
right_child=1 2 13 -5 6 12 7 8 10 -11 11 -13 -14 -15 15 -17 17 18 19 -21 -22 -23
leaf_value=-0.011128011793104629 -0.0084683741232564579 -0.0076761390453981499 0.021915806947819489 0.015783485074669219 -0.0099409096689033871 0.0061712162918233227 0.0098400887369210852 0.014567931964082141 -0.026629211651487426 -0.015526353780410888 -0.017306893202058984 0.013477811468047394 0.026619204303223492 0.013224494330059972 0.0035680103190960421 -0.01716656399329012 0.0074033424222628907 -0.0023470016162174495 0.031634738792938606 0.0013645641994551472 0.0026435959928478346 -0.015986604058457338
leaf_weight=295.28442249880754 252.85887072254513 61.623437318406332 44.723778258327457 63.180171690966517 270.77270360709485 111.11581084744103 237.30691845923093 24.800101419183193 53.618172882357612 20.399183641279706 36.604828204234764 28.537851593817322 46.519068167958267 267.20826163536003 338.16488024510249 36.984621296626983 323.19673590253478 156.21074273070371 15.669069628980649 190.47194122310975 129.58008123214131 225.33805916117717
leaf_count=519295 312489 15457 7611 7077 122804 27243 6971 270 1389 1137 888 390 1265 25352 56905 9485 11606 26138 509 4971 6221 48718
internal_value=1.40074e-09 0.0011536 0.00354465 0.00057363 -0.000667687 0.00742452 -0.00337798 0.00118468 -0.00960085 0.00732719 -0.0153873 -0.00382178 0.0134335 0.00760449 0.00380346 0.00113123 -0.00188517 -0.000219902 -0.00370945 0.00502261 -0.00725993 -0.0106049
internal_weight=3230.17 2934.89 1641.56 954.478 891.298 219.258 672.04 401.267 143.561 257.706 118.761 65.1427 157.635 687.082 419.873 375.15 1293.33 1040.47 717.27 206.141 511.129 381.549
internal_count=1214191 694896 284244 184891 177814 43965 133849 11045 2937 8108 2667 1278 28508 99353 74001 66390 410652 98163 86557 5480 81077 74856
is_linear=0
shrinkage=0.04


Tree=150
num_leaves=23
num_cat=0
split_feature=8 9 27 18 12 31 31 31 13 28 18 7 8 22 4 21 3 3 3 15 28 5
split_gain=25.7518 16.0665 18.0044 17.7783 14.334 13.1218 19.4834 10.625 9.82466 9.34722 9.12298 9.57545 8.51708 7.93294 13.4511 8.78245 9.55544 26.5307 19.1409 8.93433 8.3895 9.21396
threshold=0.40390202403068548 0.52476942539215099 0.66854631900787365 1.8645637631416323 0.27862021327018743 3.4334666728973393 8.9077382087707537 9.6425895690917987 0.2454088553786278 0.0055224199313670405 2.7765965461730961 0.61348608136177074 0.30069732666015631 18.500000000000004 0.30253946781158453 1.0000000180025095e-35 0.072977595031261458 1.0000000180025095e-35 0.025899167172610763 2.2499048709869389 0.014931393321603538 0.78797444701194774
decision_type=2 2 2 2 2 2 2 2 2 2 2 2 2 2 2 2 2 2 2 2 2 2
left_child=1 2 3 7 5 -2 10 9 -3 -1 -7 -12 -10 14 -6 16 17 19 -19 -15 -18 -22
right_child=4 8 -4 -5 13 6 -8 -9 12 -11 11 -13 -14 15 -16 -17 20 18 -20 -21 21 -23
leaf_value=-0.013010101240771241 0.001427237866144037 -0.016698691618273299 0.018547511318132471 -0.019538156458114117 0.0078837103580027528 0.006188015234950218 0.012890602107955338 -0.028765394655796049 0.014057108925907396 0.0017525085671641395 -0.034305681650646506 -0.009028137839389409 -0.00633871200037506 -0.0054387916544567007 -0.014618442386776585 -0.015982358972933292 -0.0046409605751051132 -0.035726901622333551 -0.0042158105973070783 0.0057954884520849664 0.018628142965099646 0.006511595638801564
leaf_weight=88.242466099828221 196.5426640135579 20.38989065167118 25.766755628943656 227.4721825002747 65.35128799670747 14.182869587358253 28.099622193161281 17.631533142785884 102.71620780893886 221.31392540280171 58.002405025908274 51.832961205758579 39.375998575282324 124.90149422428112 90.261170114798915 25.407417169358723 81.845072089348832 35.527272702129721 105.88938980715284 752.15939321959104 112.32094014108588 735.19341794225147
leaf_count=92735 80694 14810 6206 364619 5886 511 92518 22021 24071 76530 243216 77846 13564 10126 3948 2587 6017 15754 7931 31394 5986 15221
internal_value=1.09466e-09 -0.00648149 -0.00955915 -0.0111702 0.00196178 -0.00545237 -0.0138809 -0.0049456 0.00442952 -0.00273118 -0.0204559 -0.0241256 0.00835995 0.00319588 -0.00526298 0.00388612 0.0042256 0.00152484 -0.0139688 0.00415235 0.00713759 0.00831591
internal_weight=3220.43 742.909 580.427 554.66 2477.52 348.661 152.118 327.188 162.482 309.556 124.018 109.835 142.092 2128.86 155.612 1973.24 1947.84 1018.48 141.417 877.061 929.359 847.514
internal_count=1214191 614556 562111 555905 599635 494785 414091 191286 52445 169265 321573 321062 37635 104850 9834 95016 92429 65205 23685 41520 27224 21207
is_linear=0
shrinkage=0.04


Tree=151
num_leaves=23
num_cat=0
split_feature=14 16 3 3 13 26 22 5 4 9 1 2 3 5 3 16 28 26 30 2 14 29
split_gain=24.4711 13.3072 11.5909 19.6046 38.1313 9.43394 9.1489 10.3883 9.66771 8.39279 16.1011 8.01422 7.9634 7.80662 7.70635 7.78148 7.51665 10.1559 8.32169 7.33939 7.08315 9.27577
threshold=1.3162323236465456 4.7276363372802743 0.090361312031745925 0.0028937865281477575 0.9600382149219514 0.67737483978271495 38.500000000000007 1.6797565221786501 1.0217928290367129 0.61208823323249828 0.22836862504482272 0.13870493322610858 0.063662458211183562 1.1548522710800173 0.054206175729632385 1.0000000180025095e-35 0.13065080344676974 0.77677834033966076 1.232616186141968 0.11156046763062478 3.3225247859954838 0.93374615907669078
decision_type=2 2 2 2 2 2 2 2 2 2 2 2 2 2 2 2 2 2 2 2 2 2
left_child=14 5 3 6 12 13 7 16 -9 20 -11 -6 -5 -2 15 -1 17 18 -3 -12 -8 -22
right_child=1 2 -4 4 11 -7 9 8 -10 10 19 -13 -14 -15 -16 -17 -18 -19 -20 -21 21 -23
leaf_value=0.0053963566881095526 -0.023232342336474338 -0.016386249708176055 0.0050882565064954066 -0.04050375352429781 0.0031911654046374088 -0.0020708065690023085 0.0093857343723850947 0.01520368706322524 -0.018572562730702239 -0.023409156281144546 0.011868017180988106 -0.015463348661376395 -0.0057509536316511876 0.0022034891815356011 -0.0031190246172731863 -0.019340745342800829 -0.0069852382739219107 0.021171384396117349 0.0067960824053725725 -0.010245216597491285 -0.016594011599342602 0.017470963750560588
leaf_weight=19.044195727772461 63.26588864730104 32.484781768125913 1151.3520014530084 50.677003918316586 169.66395637895175 265.96856572004185 426.60951015363048 75.658264201524162 7.3633848633648986 34.430781970238286 68.380786480136521 36.374354993228735 17.256466545079093 24.00998885697129 128.49129980182101 145.2414426157824 346.59039641808181 30.00232461214182 50.360330661423177 25.770151160719479 31.158713010042447 9.277168583856108
leaf_count=40080 80129 10595 215403 55429 38207 32332 81891 7609 1930 7335 8654 6748 5976 21943 114871 364344 104175 292 11839 3692 605 112
internal_value=-2.5596e-10 0.00111995 0.00212806 -0.000304399 -0.0097128 -0.00605288 0.00202536 -0.00171972 0.0105334 0.00540823 -0.00343722 -0.000665463 -0.0335465 -0.0167277 -0.0108255 -0.0163281 -0.00411112 0.00456625 -0.00307989 0.00541283 0.00786446 -0.00686411
internal_weight=3209.43 2916.65 2563.41 1412.06 273.972 353.244 1138.09 542.459 83.0216 595.627 128.582 206.038 67.9335 87.2759 292.777 164.286 459.438 112.847 82.8451 94.1509 467.045 40.4359
internal_count=1214191 694896 560492 345089 106360 134404 238729 136440 9539 102289 19681 44955 61405 102072 519295 404424 126901 22726 22434 12346 82608 717
is_linear=0
shrinkage=0.04


Tree=152
num_leaves=23
num_cat=0
split_feature=8 12 27 31 9 1 26 4 18 28 4 2 4 18 26 27 15 26 5 0 17 2
split_gain=24.5301 19.5492 14.3448 9.98952 10.2129 9.56632 10.479 10.0322 8.86257 10.7637 10.7227 10.6379 8.8207 8.71444 11.2018 8.66422 8.4165 8.2478 10.7063 12.8679 12.1248 11.058
threshold=0.9234740436077119 0.6602836847305299 0.27807185053825384 6.3935852050781259 0.99947062134742748 0.02065281663089991 0.71440184116363536 0.073672004044055953 2.7466067075729375 0.49346099793910986 0.2909474521875382 0.17121806740760806 1.1016471982002261 2.3034228086471562 0.77066779136657726 0.70287111401557933 6.4960203170776376 0.85254633426666271 1.4577701687812807 0.035093892365694053 5.5234570503234872 0.050286956131458289
decision_type=2 2 2 2 2 2 2 2 2 2 2 2 2 2 2 2 2 2 2 2 2 2
left_child=1 8 3 -3 5 6 -5 -7 -1 11 -11 -10 15 -9 -15 16 17 -2 -19 21 -21 -20
right_child=12 2 -4 4 -6 7 -8 13 9 10 -12 -13 -14 14 -16 -17 -18 18 19 20 -22 -23
leaf_value=0.013551763845317619 -0.00044060633889727609 0.0035634620920276445 0.0042957834797938532 -0.020284136404510072 0.0093085183404133503 0.0065348477042390706 0.0067417441567471812 -0.011232874623801075 -0.024865597293991931 0.018503308702041123 -0.010317462082084819 0.01015949376711379 -0.0085229480778119069 0.012956287313295928 -0.013050880915237277 0.013789296621281141 0.016507547169928159 0.012471786244047505 -0.0025984849631655333 -0.019658603620654351 0.0010831839977367686 0.022761741302865787
leaf_weight=11.147633855840722 735.3572258903796 185.79552905888181 440.5077059670748 137.64984089265204 50.194792204886653 88.386811153460485 22.170811596733984 284.5936613114734 132.14391420255217 16.149757533836691 94.740886329857062 10.010197542473746 84.528124954181294 55.883948185394729 34.602157335088123 126.10580955105479 62.177672603450219 228.96293744617378 41.626158500190286 44.660142617549354 252.5497718036022 61.639115423848125
leaf_count=1498 200261 56000 21382 164067 5204 34566 1684 74432 359733 22998 180588 14681 17107 31603 1828 8907 4968 2582 1111 1414 6581 996
internal_value=-1.84436e-10 -0.0035711 -0.00151126 -0.0045034 -0.00674841 -0.00816808 -0.0163588 -0.00505775 -0.0132805 -0.0149328 -0.00493672 -0.0218936 0.00341151 -0.00788829 0.002702 0.00411143 0.00316616 0.0024427 0.00576541 0.00172076 -0.00257203 0.0132122
internal_weight=3201.58 1563.98 1299.79 859.278 673.482 623.287 159.821 463.467 264.192 253.045 110.891 142.154 1637.61 375.08 90.4861 1553.08 1426.97 1364.8 629.438 400.475 297.21 103.265
internal_count=1214191 970264 390766 369384 313384 308180 165751 142429 579498 578000 203586 374414 243927 107863 33431 226820 217913 212945 12684 10102 7995 2107
is_linear=0
shrinkage=0.04


Tree=153
num_leaves=23
num_cat=0
split_feature=8 13 7 10 10 18 31 31 28 27 3 3 3 13 15 15 31 9 13 4 4 18
split_gain=23.6333 14.9671 11.8708 16.0427 11.8075 11.9513 11.7277 11.5495 9.67619 7.78586 7.51875 7.48084 31.6666 14.6308 8.39561 7.94621 7.42744 8.90338 6.95388 6.88423 6.76664 6.75799
threshold=0.48819254338741308 0.0029985255096107726 0.51831004023551952 0.87500000000000011 0.0013608087901957335 6.1673347949981698 5.7365670204162607 1.0000000180025095e-35 0.81193733215332042 0.30359087884426122 0.14457233250141147 0.059583939611911781 0.0028937865281477575 0.9600382149219514 5.2907860279083261 2.2499048709869389 8.9077382087707537 0.4444840699434281 0.79394951462745678 0.24910628795623782 1.0217928290367129 2.3300346136093144
decision_type=2 2 2 2 2 2 2 2 2 2 2 2 2 2 2 2 2 2 2 2 2 2
left_child=1 10 3 -3 5 -2 -5 -7 20 16 -1 12 15 -14 -13 -6 21 -18 -10 -15 -4 -8
right_child=4 2 8 6 11 7 9 -9 18 -11 -12 14 13 19 -16 -17 17 -19 -20 -21 -22 -23
leaf_value=-0.024934085497605906 0.0085235900322638645 -0.018155963181318908 0.013961423861442373 0.017349056956194323 -0.0052425310851798102 0.0010765383931774337 -0.0054393213989093218 -0.029952812067116575 0.010604981476338187 0.0049856363848659246 0.0034948620084222248 0.0035563883610918853 -0.035646292138826009 0.0085335193401237363 0.013062312941868881 0.0044775450966033073 -0.021531288346025707 0.0057020401572087731 -0.023604613268065046 -0.013806917746590803 -0.011443273850751133 0.013054663973065849
leaf_weight=73.342511920239076 30.73711253930685 125.93690441258548 112.56815367712977 33.33651858729263 151.69514813493788 29.244886655964592 289.25276686833968 42.334968981227917 7.5282624481055818 106.07564877824552 15.367994977341594 904.15786368019326 38.555550535693783 24.96934055186739 171.7370811931637 825.16189353827167 77.427924198613255 20.00363186602317 17.121065114476096 56.306390970216398 11.765905109691856 25.800519469478786
leaf_count=278397 45075 273197 30720 1390 12568 49219 43514 286330 1700 6578 6081 38769 16097 1742 4428 37135 58032 4586 5979 3099 4773 4782
internal_value=6.04846e-10 -0.00539236 -0.00358665 -0.00582877 0.00218425 -0.0104891 -0.00274279 -0.0186974 0.00633939 -0.00433822 -0.020154 0.00282642 0.00049145 -0.0180842 0.00518007 0.0029303 -0.00679722 -0.0159297 -0.0131112 -0.00676056 0.0108845 -0.00356978
internal_weight=3190.43 915.528 826.817 677.834 2274.9 102.317 551.897 71.5799 148.983 518.56 88.7105 2172.58 1096.69 119.831 1075.89 976.857 412.485 97.4316 24.6493 81.2757 124.334 315.053
internal_count=1214191 719729 435251 392079 494462 380624 118882 335549 43172 117492 284478 113838 70641 20938 43197 49703 110914 62618 7679 4841 35493 48296
is_linear=0
shrinkage=0.04


Tree=154
num_leaves=23
num_cat=0
split_feature=8 12 13 3 7 9 31 17 2 29 18 5 18 28 4 2 3 29 26 4 26 28
split_gain=22.8272 18.1632 13.6665 10.454 10.2872 14.9443 9.20665 10.6474 10.9507 10.2101 9.22942 10.0659 9.18043 9.39783 10.4806 10.0332 8.74841 9.83487 8.68737 8.64082 8.85878 10.0557
threshold=0.9234740436077119 0.6602836847305299 0.15816279500722888 0.05583061836659909 0.75232294201850902 0.87152379751205455 8.9077382087707537 7.3142197132110605 0.10091334208846094 0.83403807878494274 2.600908756256104 0.98255926370620739 2.7466067075729375 0.49346099793910986 0.2909474521875382 0.17121806740760806 1.0000000180025095e-35 0.26199629902839666 0.90415155887603771 1.1016471982002261 0.88382774591445934 0.77638855576515209
decision_type=2 2 2 2 2 2 2 2 2 2 2 2 2 2 2 2 2 2 2 2 2 2
left_child=1 12 3 16 5 6 -4 10 9 -9 11 -8 -1 15 -15 -14 17 -3 -7 20 21 -2
right_child=19 2 4 -5 -6 18 7 8 -10 -11 -12 -13 13 14 -16 -17 -18 -19 -20 -21 -22 -23
leaf_value=0.014056232155364553 0.00053446945251777627 -0.019966755460981252 -0.00028793677712143288 0.0031263385474489171 0.010476835051454959 0.015028290308910786 -0.0021789232607107752 -0.032027292267836932 0.0024971640211455394 0.0092763186900799485 0.0099050664000803514 -0.029084724036557947 -0.024248527273749522 0.018012248183567347 -0.010557683551475206 0.009918578387878357 -0.03204311146588356 0.0028541199804761148 -0.013771054991088895 -0.0085217497355622365 0.0076837319866563886 0.019283774226866265
leaf_weight=11.423650763318276 892.09951547547439 53.089602429927709 591.25363838355042 57.565748598915889 129.15875822473026 109.49156796660827 90.797929001177181 58.831482239844263 24.900012668062118 6.6331120601389548 52.261748735656511 20.309115272641066 128.10540401605653 16.078680350878869 94.097432783839054 9.8946764537677137 33.570801019178589 53.78927317000398 11.507304469007066 84.344326967008783 614.18215526536733 38.284673034198022
leaf_count=1498 207376 108648 41518 23798 1634 4522 24997 28396 1510 105 10457 1834 359733 22998 180588 14681 124647 18481 219 17107 10037 9407
internal_value=-4.36122e-10 -0.00345883 -0.00147767 -0.0108768 0.000304846 -0.00114863 -0.0030651 -0.00928019 -0.0195591 -0.0271676 -0.00279437 -0.00909248 -0.0129068 -0.0146443 -0.00523642 -0.0212941 -0.0164426 -0.00922008 0.0114472 0.00329812 0.00399424 0.00150285
internal_weight=3181.67 1552.76 1293.16 198.015 1095.14 965.986 844.987 253.733 90.3646 65.4646 163.369 111.107 259.6 248.176 110.176 138 140.45 106.879 120.999 1628.91 1544.57 930.384
internal_count=1214191 970264 390766 275574 115192 113558 108817 67299 30011 28501 37288 26831 579498 578000 203586 374414 251776 127129 4741 243927 226820 216783
is_linear=0
shrinkage=0.04


Tree=155
num_leaves=23
num_cat=0
split_feature=8 18 31 28 9 9 31 16 13 15 29 29 17 5 28 15 15 28 6 31 8 6
split_gain=22.2632 14.8531 13.4196 12.6092 13.2641 12.214 9.40225 9.85746 9.08197 8.87317 8.54764 9.60577 13.1697 9.58282 8.69295 8.3965 8.10574 8.00564 11.4848 8.88308 8.11725 7.7208
threshold=0.6613435447216035 2.7206075191497807 6.4002518653869638 0.21524738520383838 0.37332038581371313 0.52793756127357494 7.8121080398559579 4.9611988067626962 0.0029985255096107726 2.0126758217811589 0.25682005286216741 0.63556644320487987 5.4094088077545175 0.54738000035285961 0.35748980939388281 3.3842465877532963 2.4414010047912602 0.48683795332908636 0.17494057863950732 1.3540251255035403 0.47047016024589544 1.3598085045814516
decision_type=2 2 2 2 2 2 2 2 2 2 2 2 2 2 2 2 2 2 2 2 2 2
left_child=1 2 8 4 6 17 7 -4 -1 -7 16 12 -12 -14 -13 -15 -5 20 19 -19 -3 -6
right_child=-2 5 3 10 21 9 -8 -9 -10 -11 11 14 13 15 -16 -17 -18 18 -20 -21 -22 -23
leaf_value=-0.011994076991593607 0.0027346275817244112 -0.027782674293035201 0.004142026995751222 -0.011046850314265572 0.0080448813199323864 -0.02169725370224862 -0.022983709495797963 -0.016413046215574302 0.01247089638483556 0.0073584824409567229 0.0089195621880837472 -0.020922135142952283 0.00026992904940115306 -0.0059547262195454509 0.0083611796237641565 -0.028160975459191117 0.019406546937583789 0.015845595125753474 -0.019545777778653992 -0.013391756643040325 -0.006057170951196982 -0.019453031984167656
leaf_weight=20.781444742274289 1901.5205818059262 96.439662948112641 66.545601763727063 10.998814359587866 79.431602815479209 11.130774712817354 103.13278897341138 66.587020141109178 138.13974398887513 73.043494447095441 58.072969767687027 8.4548868456440669 68.070344812279018 57.52887287358044 152.94272894197502 56.763283178982874 51.431378876121698 36.800308858371523 41.860806094240388 16.689894084301443 46.231993345658623 10.183011674002044
leaf_count=39393 327789 247239 43038 3994 15253 27369 128061 54718 5694 59614 5947 613 14778 6861 3437 6598 7083 12178 75935 57356 68906 2337
internal_value=1.36832e-10 -0.0040798 -0.0015146 -0.00366289 -0.00956692 -0.0113628 -0.0143755 -0.00656714 0.00875107 0.00162034 0.000595655 -0.00164558 -0.00660442 -0.0117547 0.00569598 -0.0183619 0.0132569 -0.0158344 -0.00597532 0.00605061 -0.0216005 0.0032811
internal_weight=3172.78 1271.26 949.064 790.143 325.88 322.197 236.265 133.133 158.921 84.1743 464.263 401.833 240.435 182.363 161.398 114.292 62.4302 238.023 95.351 53.4902 142.672 89.6146
internal_count=1214191 886402 337805 292718 243407 548597 225817 97756 45087 86983 49311 38234 34184 28237 4050 13459 11077 461614 145469 69534 316145 17590
is_linear=0
shrinkage=0.04


Tree=156
num_leaves=23
num_cat=0
split_feature=8 13 12 18 19 7 11 31 17 4 16 15 28 9 16 28 16 6 26 1 7 6
split_gain=21.146 13.6028 10.9602 12.7192 10.8592 10.7874 14.6863 10.8046 8.10593 8.69554 7.43259 14.3554 7.66068 13.4197 14.1443 10.965 13.6317 10.3588 9.6516 9.99562 9.98819 9.34862
threshold=0.48819254338741308 0.0029985255096107726 0.0017737454036250713 6.1673347949981698 1.0000000180025095e-35 0.51831004023551952 1.0000000180025095e-35 5.7365670204162607 8.4124989509582537 1.1168596148490908 4.97829294204712 5.3913497924804696 0.53169122338294994 0.15441977977752688 4.6254863739013681 0.41987481713294988 4.7737488746643075 1.3242051005363467 0.88382774591445934 0.32753372192382818 0.08657569065690042 0.03403566591441632
decision_type=2 2 2 2 2 2 2 2 2 2 2 2 2 2 2 2 2 2 2 2 2 2
left_child=1 -1 3 -2 -5 6 -3 -8 9 -7 12 -12 15 14 -14 17 -17 18 20 -20 -4 -22
right_child=2 5 10 4 -6 8 7 -9 -10 -11 11 -13 13 -15 -16 16 -18 -19 19 -21 21 -23
leaf_value=-0.0194677446913838 0.0091721058402898046 -0.017545716640899128 0.0022785842039641248 0.0004795381926156926 -0.029883379630649482 0.013401540331909094 0.016786209393857301 -0.0041655602666728821 -0.016390807578544348 -0.011696876919487634 0.0032106989401776021 0.017044730791202032 0.0061318342958296612 0.00054366107419879009 -0.026203871026560948 -0.0087990325692982579 0.016457965794783504 0.019559995861894334 0.012626600649258111 -0.017094858166744636 0.00093756721039143641 -0.015949551715741351
leaf_weight=85.484406761574292 31.15924753554566 122.4810955287204 175.99728394432236 29.296255506006901 41.307275995908753 115.16526566260916 32.760365564114181 514.35093234709439 13.426059082134314 18.743718642354452 1008.2806499883493 127.65139635391279 26.050157734731329 219.57156298753785 63.576945780725509 37.497758887606551 137.85513374138645 28.742009789099939 98.26814656649367 12.733341816165192 77.839700817052744 144.35635953142173
leaf_count=284478 45087 273197 17011 49243 286344 30855 1390 117492 6166 6151 54658 3264 1060 7149 2394 2195 3613 1088 779 160 5807 14610
internal_value=1.02928e-09 -0.00514302 0.00206704 -0.0101722 -0.0187881 -0.00342676 -0.00557821 -0.0026322 0.00608398 0.00931975 0.00268833 0.00490049 0.000207075 -0.00495659 -0.0171334 0.00248302 0.0108736 -0.00040063 -0.00188236 0.00808614 -0.00479123 -0.0102481
internal_weight=3162.6 902.412 2260.18 101.763 70.6035 816.927 669.592 547.111 147.335 133.909 2158.42 1135.93 1022.49 309.199 89.6271 713.29 175.353 537.937 509.195 111.001 398.193 222.196
internal_count=1214191 719729 494462 380674 335587 435251 392079 118882 43172 37006 113788 57922 55866 10603 3454 45263 5808 39455 38367 939 37428 20417
is_linear=0
shrinkage=0.04


Tree=157
num_leaves=23
num_cat=0
split_feature=14 15 22 16 16 7 4 29 5 29 2 15 12 31 28 7 0 13 17 1 27 22
split_gain=20.2285 13.6366 11.9941 13.8167 11.9994 11.7612 11.147 10.7162 9.69628 9.3212 9.03109 7.94002 7.4536 15.6072 12.5168 12.0042 8.87918 8.54486 8.46766 8.47746 8.1559 8.05167
threshold=1.3162323236465456 3.5694335699081425 26.500000000000004 4.9743888378143319 4.5560796260833749 0.13153805583715442 0.87314841151237499 0.69403547048568737 1.8331872820854189 0.1908114701509476 0.16328232735395434 4.6395599842071542 0.6602836847305299 7.0170354843139657 0.58416205644607555 0.24860257655382159 0.10205665975809099 0.96732208132743847 6.5517940521240243 0.11729347705841066 0.38859628140926367 26.500000000000004
decision_type=2 2 2 2 2 2 2 2 2 2 2 2 2 2 2 2 2 2 2 2 2 2
left_child=-1 12 3 5 -4 -3 -6 9 -8 -5 -9 -10 -2 -14 16 -16 18 -18 19 -15 -19 -17
right_child=1 2 4 7 6 -7 8 10 11 -11 -12 -13 13 14 15 21 17 20 -20 -21 -22 -23
leaf_value=-0.010053269913194588 -0.0081867926461243017 0.005494105220861723 -0.018413696670834711 -0.0085035795512580087 0.003855660951491121 -0.019320500421814026 0.01740511137456633 -0.02995851624200227 0.008464131301294215 0.017619144670292745 0.0082886600671134361 -0.022937353761447316 0.0066566777520167091 -0.013818462342881928 0.030066135413097897 -0.0098071508148348148 0.015366920672830044 0.008884669210168011 -0.015067033586019938 0.0046876008451430867 -0.013609270447243884 0.0066070545204932963
leaf_weight=280.91513547506474 245.71637741273162 37.232615812520521 24.803121606580817 22.760355098074569 1113.6565115245019 99.420363846130613 176.74572419772494 12.694288897884009 23.88004125753605 73.723845738782416 11.433083580100627 11.217394672550197 319.74786757250513 54.855786513528983 15.54647958669011 64.28770887155224 38.7024381817223 33.684271218466165 223.16792666905485 92.981141803642458 55.824064874832402 124.35922797042076
leaf_count=519295 312489 5200 9614 3653 193051 34611 14215 3459 1973 15470 895 2103 11606 13418 509 2541 2491 1368 49979 11459 2362 2430
internal_value=-1.43466e-10 0.00101324 0.00345073 -0.00434112 0.00495626 -0.0126459 0.00552817 0.00531597 0.0137504 0.011237 -0.0147165 -0.00443275 -0.00207771 -0.000545547 -0.00386687 0.00432904 -0.00723841 0.00174161 -0.010306 -0.00261962 -0.00510206 0.000801261
internal_weight=3157.36 2876.44 1607.57 257.265 1350.3 136.653 1325.5 120.612 211.843 96.4842 24.1274 35.0974 1268.87 1023.16 703.409 204.193 499.216 128.211 371.005 147.837 89.5083 188.647
internal_count=1214191 694896 284244 63288 220956 39811 211342 23477 18291 19123 4354 4076 410652 98163 86557 5480 81077 6221 74856 24877 3730 4971
is_linear=0
shrinkage=0.04


Tree=158
num_leaves=23
num_cat=0
split_feature=8 9 18 12 24 1 6 1 31 16 24 22 6 17 3 5 17 15 31 7 4 22
split_gain=20.5674 15.2383 12.8365 12.3923 11.3793 9.49762 11.8693 8.3342 9.41728 8.1351 9.17501 7.94319 7.69537 7.66681 7.68047 7.46988 11.8334 7.87052 10.5813 9.46838 15.6969 11.8787
threshold=0.40390202403068548 0.4444840699434281 1.8884204030036928 0.27862021327018743 1.8688347935676577 0.22836862504482272 0.27706117928028112 0.02065281663089991 9.6425895690917987 4.9559447765350351 1.0000000180025095e-35 11.500000000000002 1.1400616168975832 7.8242459297180185 0.22120082378387454 0.52589064836502086 7.3142197132110605 2.9174053668975835 6.1870462894439706 0.83054965734481823 0.69788360595703136 22.500000000000004
decision_type=2 2 2 2 2 2 2 2 2 2 2 2 2 2 2 2 2 2 2 2 2 2
left_child=1 2 7 4 9 11 -7 -1 -9 10 -2 -4 -3 14 -14 16 -5 18 -17 20 -19 -21
right_child=3 12 5 15 -6 6 -8 8 -10 -11 -12 -13 13 -15 -16 17 -18 19 -20 21 -22 -23
leaf_value=-0.012255158611220706 -0.023031611278083612 0.010251588987852438 0.0096449020391211303 0.025909106944614832 -0.015414466039583642 0.0036832600589663022 -0.026192169387643724 0.0036510702399163413 -0.021807063460714423 0.0051903702295642926 0.0021320510729899724 -0.025255733872655131 -0.022472452340826853 0.01059521983834236 0.0089694057458863993 0.0078367466139581277 -0.013370894077057556 0.0033223648749704554 -0.0049409216588035786 -0.017993804800695561 -0.017595803941600534 0.011941808432858707
leaf_weight=112.6757595853378 33.409324984386217 110.41941972893869 6.2494124230965147 38.288428297905966 106.72425367418737 65.716555963762033 20.153958105606648 195.82063110040281 16.221031162276631 153.92407636444489 46.474802249720597 124.09178285323992 33.891679797926031 21.397207497760746 11.062507926282477 129.67520108346253 9.5054740250968717 1155.0058575002199 395.15811415213011 14.053794307663336 50.504569429594994 297.02458944420505
leaf_count=128916 57605 40417 4909 9330 194518 101646 51104 49528 14404 170988 71674 199465 15331 6454 2382 5333 6031 50707 29765 215 982 2487
internal_value=5.40155e-10 -0.0059019 -0.0091927 0.00176035 -0.00521434 -0.0165366 -0.00532921 -0.00395483 0.000809136 -0.000117112 -0.00978348 -0.0230144 0.00412117 -0.00608732 -0.0145109 0.00291662 0.0171351 0.00250183 -0.00169633 0.00395624 0.00230845 0.0100711
internal_weight=3147.45 717.7 540.929 2429.75 340.532 216.212 85.8705 324.717 212.042 233.808 79.8841 130.341 176.771 66.3514 44.9542 2089.22 47.7939 2041.42 524.833 1516.59 1205.51 311.078
internal_count=1214191 614556 549972 599635 494785 357124 152750 192848 63932 300267 129279 204374 64584 24167 17713 104850 15361 89489 35098 54391 51689 2702
is_linear=0
shrinkage=0.04


Tree=159
num_leaves=23
num_cat=0
split_feature=13 12 3 28 31 3 15 7 4 4 9 14 2 6 3 22 16 16 24 28 2 18
split_gain=19.95 14.5412 14.4474 11.0068 11.8603 10.2875 10.0333 12.2748 16.1068 11.4578 9.3629 9.06041 9.03427 9.36531 11.9335 9.11057 10.9711 9.01115 8.45742 8.21637 9.04675 10.7526
threshold=0.015134900342673065 0.27862021327018743 0.09343359619379045 0.45687146484851843 0.89587974548339855 1.0000000180025095e-35 2.9174053668975835 0.80224251747131359 0.69788360595703136 1.0217928290367129 0.68450859189033519 3.1551792621612553 0.093174476176500334 0.60438981652259838 0.20476148277521136 18.500000000000004 4.7222452163696298 4.9861366748809823 2.0126758217811589 1.0000000180025095e-35 0.035930652171373374 1.1230436563491824
decision_type=2 2 2 2 2 2 2 2 2 2 2 2 2 2 2 2 2 2 2 2 2 2
left_child=2 3 5 18 11 -1 -3 8 12 -9 -11 -5 15 17 -15 -8 -17 -14 -2 -18 -21 -22
right_child=1 6 -4 4 -6 -7 7 9 -10 10 -12 -13 13 14 -16 16 19 -19 -20 20 21 -23
leaf_value=-0.0096155181511299644 -0.0072167230239307146 -0.002066103228518185 0.0074041520446351608 0.014305927636898471 -0.009512685039496302 -0.032898577967184747 -0.012115304814961588 0.013512062044997291 -0.018989241942979365 0.0070934914975858548 -0.019733316804328122 -0.010383089260593293 0.0045544736738309249 -0.0081424676250854682 0.016397866400655287 -0.013863856034602575 -0.0073904443392918944 0.019113293012735372 -0.027003024852793579 0.0074770820696965883 0.0098343109600383203 -0.0060512297371711878
leaf_weight=107.60308603408203 126.66457372192906 719.80138489821275 41.214775002463966 86.472336908176089 101.77995019772641 41.546504213703201 72.605593621530716 284.63195527758216 47.18555139586897 41.984851955261547 25.339795591658913 23.564841643179534 151.09906986671922 99.080034657315991 34.732029309845529 57.529018812549111 101.39503279011569 127.59773270658479 44.625635192605273 500.26733405657978 88.322279375908693 212.96877134439819
leaf_count=173365 249359 76412 20076 39053 241938 173773 8507 2537 992 356 528 3430 3941 2405 551 8506 19874 2347 127863 42758 2767 12853
internal_value=-5.83809e-10 0.000827488 -0.0122148 -0.00634187 -0.000142946 -0.0177608 0.00191897 0.00347666 0.00186044 0.0100909 -0.00424984 0.00859417 0.00266677 0.0075951 -0.00107551 0.000644954 0.00172444 0.0116512 -0.0135767 0.00285858 0.00423014 -0.00122812
internal_weight=3138.01 2947.65 190.364 383.107 211.817 149.15 2564.54 1844.74 1492.78 351.957 67.3246 110.037 1445.6 412.509 133.812 1033.09 960.482 278.697 171.29 902.953 801.558 301.291
internal_count=1214191 846977 367214 661643 284421 347138 185334 108922 105501 3421 884 42483 104509 9244 2956 95265 86758 6288 377222 78252 58378 15620
is_linear=0
shrinkage=0.04


Tree=160
num_leaves=23
num_cat=0
split_feature=8 9 28 6 12 10 14 28 26 14 3 31 9 6 8 29 15 14 28 21 31 3
split_gain=20.1505 10.9667 10.7575 13.8841 10.3489 9.13596 8.16497 9.5713 7.92604 10.1768 8.3052 9.81041 8.98983 7.88446 8.69591 7.34992 9.40023 8.69387 7.24718 7.08588 7.0853 7.04825
threshold=0.52803689241409313 0.52009835839271557 0.29930233955383306 0.36827974021434789 0.6602836847305299 0.0013608087901957335 2.904304146766663 0.45687146484851843 0.75408029556274425 2.2168848514556889 0.17430504411458972 7.2631113529205331 0.35756371915340429 1.3084076642990115 0.29820480942726141 0.32633152604103094 5.1561734676361093 1.9564141035079958 0.73815152049064647 1.0000000180025095e-35 3.3315663337707524 0.059583939611911781
decision_type=2 2 2 2 2 2 2 2 2 2 2 2 2 2 2 2 2 2 2 2 2 2
left_child=1 2 4 -4 -1 20 7 -5 10 -10 11 -6 -13 14 -3 17 18 -16 -17 21 -2 -7
right_child=5 13 3 6 8 19 -8 -9 9 -11 -12 12 -14 -15 15 16 -18 -19 -20 -21 -22 -23
leaf_value=-0.027565643237014263 0.0033350709989585642 0.015868956570213439 0.003894811981514641 -0.0021444310291143516 -0.0061374814763817754 0.00071204009788648119 0.010482581149575126 -0.02875976575996491 0.011962652415841796 -0.019623446298296664 -0.00080293717710127829 -0.026910829261773541 0.0038653719639953981 -0.0090549464099709039 -0.012774965544018104 -0.029508000451407806 0.015065477427558559 0.022980272541629886 0.0057124547488686516 -0.013946985302194717 -0.017286084215038137 0.0054204435030697617
leaf_weight=44.877297293457559 39.701472336794495 83.097947505156867 234.58904382199819 38.863261463354434 122.36026147666712 1030.0829934100705 12.790511107885321 44.170237905468753 51.477657183131669 12.479298096615819 96.161395525172338 97.913599432451065 14.975674013533533 51.240603189279682 9.3484203805282977 23.955545097722506 7.9555469764441105 19.148056162809553 8.9882842356910242 30.287000069407213 56.901229631206434 1001.7594764080764
leaf_count=139016 49358 24593 168183 29715 110304 58804 169 47477 2127 594 19421 170928 9197 19467 5884 16351 1536 1007 2828 2735 297412 37085
internal_value=-4.06183e-10 -0.00474626 -0.00691044 -0.00138413 -0.0109352 0.00215434 -0.0134545 -0.0178721 -0.00841406 0.00397954 -0.0108523 -0.0147599 -0.0228458 0.00338041 0.00785901 -0.00252314 -0.0122395 0.0109791 -0.020806 0.00273288 -0.00929341 0.0030486
internal_weight=3133.12 974.393 770.658 330.413 440.245 2158.73 95.824 83.0335 395.368 63.957 331.411 235.25 112.889 203.734 152.494 69.3959 40.8994 28.4965 32.9438 2062.13 96.6027 2031.84
internal_count=1214191 768797 697131 245544 451587 445394 77361 77192 312571 2721 309850 290429 180125 71666 52199 27606 20715 6891 19179 98624 346770 95889
is_linear=0
shrinkage=0.04


Tree=161
num_leaves=23
num_cat=0
split_feature=26 15 17 16 4 7 4 5 4 2 13 16 2 7 15 7 2 5 1 27 26 6
split_gain=18.7129 11.9667 11.173 8.98747 8.68997 11.6717 16.0319 8.76082 8.55542 7.58709 6.83077 6.7066 8.72843 9.41173 10.7076 10.2714 9.75251 8.14887 11.8572 8.4131 8.80897 8.43246
threshold=0.50574043393135082 2.9174053668975835 10.829699516296388 4.4159207344055185 1.2314310669898989 0.78003334999084484 0.69788360595703136 1.8101394772529604 0.75974938273429882 0.018456959165632728 0.0011488847667351367 4.9462726116180429 0.0067757030483335265 0.13153805583715442 6.0579535961151132 0.58250629901885997 0.10791660845279695 1.5507014989852907 0.29916422069072729 0.27543367445468908 0.97964814305305492 0.71355706453323375
decision_type=2 2 2 2 2 2 2 2 2 2 2 2 2 2 2 2 2 2 2 2 2 2
left_child=-1 -2 3 -3 5 6 7 10 -8 -7 -5 12 -12 -14 15 16 -15 19 -19 20 21 -13
right_child=1 2 -4 4 -6 9 8 -9 -10 -11 11 17 13 14 -16 -17 -18 18 -20 -21 -22 -23
leaf_value=-0.0085423987083797018 -0.0030432673080467254 -0.017225660631774522 -0.024380269556411358 -0.014909168700320826 -0.017604666576865324 0.0185013218661625 -0.033008978473801083 0.015356777943414982 -0.0026900647242214617 0.0060723783000472629 0.0068921391148788541 0.0063454297664290726 0.0070018083164301781 -0.019563240172957401 0.012791616847336132 0.005361035207017595 -0.0015402556426181218 0.0045804374339299602 -0.019644642966912779 0.012108349690658526 -0.021004067230625884 -0.0092568935056475555
leaf_weight=352.95582154343037 784.57413793025785 24.555823309525522 14.100986894479773 26.788088635491704 21.265081715073393 106.06619091727316 20.351498306151825 75.831740515953243 33.092536476448458 300.76535062582639 152.38062678803942 388.14971686254432 84.951289316906696 141.66148777603598 28.529740275984523 50.313054002885337 72.974011530108328 80.374999616285322 41.108539807813031 255.99015595736842 13.41662125980656 55.362274071266484
leaf_count=721114 210786 6753 5079 14370 4759 10538 7054 7816 6053 28387 19374 51714 6127 35430 3317 7250 13533 6506 5417 31924 234 10656
internal_value=-3.24543e-10 0.00111425 0.00276203 0.00307783 0.0034202 0.00374172 0.00210112 0.00293348 -0.0176186 0.00967888 0.00215199 0.00259274 -0.000914577 -0.00415458 -0.00750826 -0.0100799 -0.0137769 0.00480835 -0.00448765 0.00643259 0.00306157 0.00423667
internal_weight=3125.56 2772.6 1988.03 1973.93 1949.37 1928.11 1521.28 1467.83 53.444 406.832 1392 1365.21 530.81 378.43 293.478 264.949 214.635 834.402 121.484 712.919 456.929 443.512
internal_count=1214191 493077 282291 277212 270459 265700 226775 213668 13107 38925 205852 191482 85031 65657 59530 56213 48963 106451 11923 94528 62604 62370
is_linear=0
shrinkage=0.04


Tree=162
num_leaves=23
num_cat=0
split_feature=8 12 13 7 9 3 3 31 1 26 4 26 5 3 12 27 5 22 7 26 3 28
split_gain=18.6647 15.9259 13.5543 10.3884 12.3269 10.3734 11.8593 9.88388 11.6839 10.1607 9.40871 9.29051 9.09478 8.05448 7.6644 7.51161 7.13053 7.0285 7.00406 9.04782 8.02365 6.79392
threshold=0.9234740436077119 0.6602836847305299 0.72790515422821056 0.9663875699043275 0.99947062134742748 0.12224456295371057 1.0000000180025095e-35 6.3935852050781259 0.027397450059652332 0.75940492749214183 1.1016471982002261 0.90415155887603771 0.47066950798034674 0.046899516135454185 0.97269102931022655 0.72895118594169628 1.3725137710571291 47.500000000000007 0.24706909805536273 0.93302914500236522 0.17289555072784427 0.49346099793910986
decision_type=2 2 2 2 2 2 2 2 2 2 2 2 2 2 2 2 2 2 2 2 2 2
left_child=1 21 5 4 7 6 -3 -4 9 -9 15 -6 14 -8 17 -2 -12 -10 -14 20 -20 -1
right_child=10 2 3 -5 11 -7 13 8 12 -11 16 -13 18 -15 -16 -17 -18 -19 19 -21 -22 -23
leaf_value=-0.017832012456403933 0.0029107157746093197 -0.0060802734781542755 0.0073259110648679652 0.012729014464860305 0.015647746848877188 0.0038278949394617628 -0.035493857412858335 -0.022012021511203676 -0.012752087870935454 0.0073887097100974446 0.0078023152577372211 -0.014299086119494422 0.0048565581826105998 -0.0062039666608272297 0.012657545740133192 0.013524744501308661 -0.015675017533309698 0.014787187665896857 -0.017789569386650654 0.0029813373992413558 -0.00048442800235087553 -0.0042931229141155739
leaf_weight=138.6333573596595 1411.3996678811723 178.7937186613899 130.65332258926173 99.801032609771937 98.080330553733802 81.764268370287937 38.59030184619246 80.357433801527804 41.110992438541871 18.452283697959501 21.977007731231879 11.527351049589923 77.871753171346427 29.047263282398035 93.89309442216836 106.78284973770042 61.874002348528848 11.53224639928885 134.55930104599247 78.736941276758444 61.753312361455755 112.27236509837769
leaf_count=375666 219539 139846 7573 1078 3961 14582 124772 34318 13034 688 3557 217 6916 19324 5395 7281 13550 2065 12240 682 4075 203832
internal_value=5.02611e-11 -0.00316847 -0.00130374 0.0011592 -0.000351615 -0.00817148 -0.0121468 -0.00227595 -0.00445883 -0.0163471 0.00300218 0.0115661 -0.00183222 -0.0253345 0.00627114 0.00374088 -0.009346 -0.00532173 -0.0052769 -0.0082156 -0.0126333 -0.0121705
internal_weight=3119.46 1517.43 1266.52 938.329 838.528 328.196 246.431 728.921 598.267 98.8097 1602.03 109.608 499.458 67.6376 146.536 1518.18 83.851 52.6432 352.921 275.05 196.313 250.906
internal_count=1214191 970264 390766 92242 91164 298524 283942 86986 79413 35006 243927 4178 44407 144096 20494 226820 17107 15099 23913 16997 16315 579498
is_linear=0
shrinkage=0.04


Tree=163
num_leaves=23
num_cat=0
split_feature=8 9 27 18 12 24 0 31 5 17 8 15 31 1 17 26 22 17 24 12 31 31
split_gain=18.7106 13.2646 15.381 14.2813 11.0642 10.5265 9.61625 8.28996 7.59262 10.5085 7.47041 7.2389 8.75058 8.78791 8.51888 8.4293 11.1554 12.3728 8.95037 7.62255 7.1838 10.9966
threshold=0.40390202403068548 0.4444840699434281 0.66854631900787365 2.54277515411377 0.27862021327018743 1.8688347935676577 0.25344176590442663 6.3935852050781259 0.52589064836502086 7.3142197132110605 0.11633653193712236 2.9174053668975835 6.1870462894439706 0.50393626093864452 8.9872593879699725 0.79685989022254955 21.500000000000004 7.0833876132965097 1.0000000180025095e-35 0.9648796319961549 8.9077382087707537 3.4334666728973393
decision_type=2 2 2 2 2 2 2 2 2 2 2 2 2 2 2 2 2 2 2 2 2 2
left_child=1 2 3 7 5 20 -7 -1 9 -6 -5 12 13 -10 -14 -13 17 18 -17 -16 21 -2
right_child=4 -3 -4 10 8 6 -8 -9 11 -11 -12 15 14 -15 19 16 -18 -19 -20 -21 -22 -23
leaf_value=0.0044085776519227019 0.003860199944961608 0.0036958379926983432 0.017515797287914053 -0.0092650222798789286 0.025320191257220431 -0.020560610619417299 0.0066346282525288859 -0.0093928283300013047 0.011527474566131591 -0.012270498984003763 -0.031409962313215037 -0.00025586860653592963 -0.0069556346993919225 -0.012905149044503642 0.019453954532510677 0.018191792711038886 0.0072205358435488204 -0.028484167392371307 -0.010220703442798429 -0.0080894234141408814 0.017887200079558761 -0.01453536194345092
leaf_weight=82.699122953931578 141.54002898062572 175.43324284818414 24.749212173466731 55.781582510037197 38.082995544881669 82.99949146843403 21.539816660184442 307.55044926383539 108.74476383172623 9.1149536016105213 59.268151830659804 537.2403077945155 340.26723649674932 20.580957255352587 31.398838377255288 22.559835711683263 892.14131923233799 20.678337407574872 29.455088671238627 19.080208857778871 21.303655914850651 69.589294665405873
leaf_count=40828 53847 64584 5550 107906 9330 183594 10924 217245 4799 6031 178443 43887 26137 534 2336 213 9350 531 410 1292 61419 185001
internal_value=-2.30285e-10 -0.00568178 -0.00879651 -0.0104002 0.0016824 -0.00494224 -0.0148671 -0.00643105 0.00277974 0.0171845 -0.0222726 0.00236061 -0.00168284 0.00699207 -0.00465682 0.00376247 0.00597964 -0.00828101 0.00304867 0.00942688 -4.92905e-05 -0.0025862
internal_weight=3111.8 705.482 530.049 505.299 2406.32 336.972 104.539 390.25 2069.34 47.1979 115.05 2022.15 520.072 129.326 390.746 1502.07 964.835 72.6933 52.0149 50.479 232.433 211.129
internal_count=1214191 614556 549972 544422 599635 494785 194518 258073 104850 15361 286349 89489 35098 5333 29765 54391 10504 1154 623 3628 300267 238848
is_linear=0
shrinkage=0.04


Tree=164
num_leaves=23
num_cat=0
split_feature=8 9 27 18 12 24 0 31 13 5 17 1 22 14 22 29 8 31 31 14 15 29
split_gain=18.3949 12.4312 13.1593 13.5871 10.6072 10.2402 9.23094 7.90488 7.10059 7.05984 9.64087 6.84775 8.92659 7.29746 6.93881 6.92302 6.81208 6.80373 10.3635 8.31431 7.52913 7.05366
threshold=0.40390202403068548 0.4444840699434281 0.66854631900787365 2.54277515411377 0.27862021327018743 1.8688347935676577 0.25344176590442663 6.3935852050781259 0.16529746353626254 0.52589064836502086 7.3142197132110605 0.02065281663089991 33.500000000000007 1.2422627806663515 22.500000000000004 0.6434646248817445 0.11633653193712236 8.9077382087707537 3.4334666728973393 1.900012791156769 4.388237953186036 0.70905169844627391
decision_type=2 2 2 2 2 2 2 2 2 2 2 2 2 2 2 2 2 2 2 2 2 2
left_child=1 2 3 7 5 17 -7 -1 -9 10 -6 14 13 -13 -10 -14 -5 18 19 -2 -21 -20
right_child=4 -3 -4 16 9 6 -8 8 11 -11 -12 12 15 -15 -16 -17 -18 -19 21 20 -22 -23
leaf_value=0.0042837213757760629 0.015157590853631862 0.003416703096464092 0.015649273002205154 -0.0093337641604317022 0.024337313767100639 -0.020284764316088805 0.0063762764139884756 -0.020931163155712168 0.0032397453061762129 0.0023393140528267585 -0.011707637126354465 0.0079248099515722443 0.0087175271443112653 -0.017952471854419436 -0.023279503090495174 -0.018090114072816747 -0.030795870471239099 0.017400563991077863 -0.022689928523164867 -0.012319907648481739 0.0089626891129865605 0.001938090435064755
leaf_weight=82.580812309213513 51.467230814570257 175.91453145439766 24.923567221797612 55.575277613367803 38.375921054506534 82.175540953220434 21.642079784593761 57.132105982063933 18.980439453236613 2015.4651186036135 9.0746270496349535 17.191187042627462 103.27376039157389 55.814608142962243 45.384537045756588 8.3436244365166186 57.485891961872085 21.447095607497431 42.363105779352964 53.370940678851412 36.620901164267707 26.585152591077303
leaf_count=40828 33598 64584 5550 107906 9330 183594 10924 165493 4960 89489 6031 1564 13705 9275 21993 255 178443 61419 156234 15324 4925 28767
internal_value=-1.00683e-11 -0.00564556 -0.00867964 -0.0101703 0.00167028 -0.00482884 -0.014655 -0.00630653 -0.00920855 0.002746 0.016606 -0.00581438 -0.00159499 -0.0116383 -0.0160752 0.00539091 -0.0218619 -4.93252e-06 -0.00248808 0.0037556 -0.00362905 -0.0141512
internal_weight=3101.19 702.6 526.686 501.762 2398.59 335.672 103.818 388.701 306.12 2062.92 47.4505 248.988 184.623 73.0058 64.365 111.617 113.061 231.854 210.407 141.459 89.9918 68.9483
internal_count=1214191 614556 549972 544422 599635 494785 194518 258073 217245 104850 15361 51752 24799 10839 26953 13960 286349 300267 238848 53847 20249 185001
is_linear=0
shrinkage=0.04


Tree=165
num_leaves=23
num_cat=0
split_feature=13 8 3 18 31 3 9 16 31 15 5 1 4 15 10 18 4 29 2 4 17 9
split_gain=17.6364 12.8521 12.7049 11.8781 12.1636 9.39097 9.26674 8.6138 9.83624 7.85361 7.3899 13.9366 9.26366 8.4407 8.04816 11.9038 8.29172 8.72475 12.2932 9.06396 9.02405 13.6297
threshold=0.015134900342673065 0.6613435447216035 0.09343359619379045 2.7206075191497807 6.4002518653869638 1.0000000180025095e-35 0.52793756127357494 4.7737488746643075 7.0034968852996835 2.0126758217811589 1.2278512716293337 0.25519257783889776 1.0217928290367129 6.4960203170776376 0.002432426437735558 5.3883748054504403 0.82934385538101207 0.5438746213912965 0.12945492565631869 0.43745498359203344 7.307537555694581 0.47995047271251684
decision_type=2 2 2 2 2 2 2 2 2 2 2 2 2 2 2 2 2 2 2 2 2 2
left_child=2 3 5 4 -2 -1 -5 8 -6 -8 11 -3 13 14 15 -12 17 18 20 -19 21 -16
right_child=1 10 -4 6 7 -7 9 -9 -10 -11 12 -13 -14 -15 16 -17 -18 19 -20 -21 -22 -23
leaf_value=-0.0091856510978636473 0.010599453029093651 4.564611410667117e-05 0.0068328367593183731 -0.013793360874741645 0.0088834824158397496 -0.031977406208766927 -0.020487627990718554 -0.00036302199397391223 -0.01842779567141279 0.0075261043813526088 0.011765983920135496 0.012822583992401973 -0.010628185959703676 0.016351090559018247 -0.013595018079900918 -0.023492124614619976 0.0085338731871675132 0.015689940624801734 0.010937091272604234 -0.0088429293277080875 0.0055427041907423523 0.0052756156592928503
leaf_weight=104.48012429817311 130.92969956269144 260.66288562748832 40.491906430722111 205.31646870808402 20.900578255739674 38.702520829304945 10.17971221695643 600.04386605956643 80.244984246293825 68.62483326180211 15.509041707414779 277.13161119171241 88.592091550339319 53.369625103034195 142.76313122044576 36.276153475733281 237.9613899230535 17.884758282154507 187.22061025958646 208.90119955746923 174.7263603738561 95.085942343464467
leaf_count=173365 4210 50491 20076 357882 1349 173773 24773 86406 21646 53154 7184 48063 16835 3709 4341 145248 4257 306 3985 4809 5538 2791
internal_value=-2.78974e-10 0.000774709 -0.0116895 -0.00258189 -0.000137977 -0.0170317 -0.00949145 -0.00226377 -0.0124927 0.00200783 0.00286353 0.00674363 0.00116508 0.00214081 0.0013223 -0.0127375 0.00211842 0.000191567 0.00271973 -0.00632731 -0.00117977 -0.00614255
internal_weight=3096 2912.32 183.675 1116.24 832.119 143.183 284.121 701.189 101.146 78.8045 1796.08 537.794 1258.29 1169.7 1116.33 51.7852 1064.54 826.582 599.796 226.786 412.575 237.849
internal_count=1214191 846977 367214 549420 113611 347138 435809 109401 22995 77927 297557 98554 199003 182168 178459 152432 26027 21770 16655 5115 12670 7132
is_linear=0
shrinkage=0.04


Tree=166
num_leaves=23
num_cat=0
split_feature=13 12 15 26 2 28 31 18 22 8 9 31 28 30 17 14 26 2 14 16 7 31
split_gain=16.9238 12.5767 20.4567 9.48376 8.9969 8.97055 8.45049 8.26594 8.21305 7.97764 8.54402 10.5186 8.54037 8.89554 7.86835 8.57721 9.78223 7.93441 7.85725 9.03071 7.96325 7.37439
threshold=0.015134900342673065 0.6602836847305299 4.7492611408233651 0.60917699337005626 0.23129058629274371 0.46338747441768652 2.7706317901611333 2.7765965461730961 48.500000000000007 0.57013472914695751 0.48288759589195257 8.9077382087707537 0.68425729870796215 1.0357922911643984 7.4386775493621835 1.7330127954483034 0.57768526673316967 0.1991590037941933 2.4269969463348393 4.9821043014526376 0.42554542422294622 8.0610079765319842
decision_type=2 2 2 2 2 2 2 2 2 2 2 2 2 2 2 2 2 2 2 2 2 2
left_child=4 2 5 -4 -1 7 -7 -2 -5 10 11 -3 -13 -14 15 16 17 -9 19 -12 -20 -8
right_child=1 9 3 8 -6 6 21 14 -10 -11 18 12 13 -15 -16 -17 -18 -19 20 -21 -22 -23
leaf_value=-0.013799987788140835 0.012918144573531836 -0.00048330793399494355 -0.010751695942034865 0.0053988859961147315 0.015976089023725284 0.002414253441489587 -0.019704007035067837 -0.02650395653898905 0.028474419131030354 0.0036670721559092447 -0.0016210226925968449 -0.016647859927917813 -0.018462683151224322 0.018915872074735253 -0.0067283904911204315 -0.034417693733246026 0.012151327817813629 0.01277207297680086 -0.023460347165807284 0.020121276298959687 0.0029436738682696818 0.0074861035443662682
leaf_weight=172.7982017101607 8.6098273167602581 439.83287815598487 27.162064347140927 90.25562824796998 9.5388259954680716 141.34390103628209 55.645322816138787 28.880007497934969 27.8169532631523 1571.2367971064241 47.026718963301391 123.06466210038161 6.4663719802192672 18.519769352802541 80.552194687638149 52.835741031366524 15.516270860623079 4.0141596180575325 13.907237866005742 70.492698316927999 70.418789808958536 15.196822231976226
leaf_count=364602 529 49454 67118 32013 2612 39632 129277 123449 5465 36440 4356 64858 515 618 118742 80224 9222 3700 1325 4514 2204 73322
internal_value=-1.57579e-10 0.000757319 -0.00464998 0.0078496 -0.0114926 -0.00924012 -0.00332814 -0.0153335 0.0126341 0.00202633 -0.00124312 -0.00367494 -0.0125262 0.00673018 -0.0172752 -0.0243073 -0.00926936 -0.0198508 0.0056788 0.011976 -0.00343644 -0.0136668
internal_weight=3091.13 2908.79 547.829 145.235 182.337 402.594 212.186 190.408 118.073 2360.97 789.729 587.884 148.051 24.9861 181.798 101.246 48.4104 32.8942 201.845 117.519 84.326 70.8421
internal_count=1214191 846977 682693 104596 367214 578097 242231 335866 37478 164284 127844 115445 65991 1133 335337 216595 136371 127149 12399 8870 3529 202599
is_linear=0
shrinkage=0.04


Tree=167
num_leaves=23
num_cat=0
split_feature=8 7 10 10 18 19 5 1 17 4 5 13 31 16 17 21 3 3 15 13 26 16
split_gain=16.7277 11.2631 13.4158 8.58528 13.2112 10.6914 8.50345 9.20688 7.75073 9.85321 7.60825 7.87188 7.55585 8.44067 7.97184 6.95454 7.19969 27.9141 13.5812 9.13843 11.8063 8.83772
threshold=0.48819254338741308 0.51831004023551952 0.87500000000000011 0.0013608087901957335 6.1673347949981698 1.0000000180025095e-35 0.83847713470458995 0.015939003787934784 8.4124989509582537 1.1168596148490908 0.027373435907065872 0.040892619639635093 9.6425895690917987 4.6776926517486581 6.8992187976837167 1.0000000180025095e-35 0.059583939611911781 0.0028937865281477575 2.2499048709869389 0.9600382149219514 0.80383363366127025 4.9260170459747323
decision_type=2 2 2 2 2 2 2 2 2 2 2 2 2 2 2 2 2 2 2 2 2 2
left_child=1 2 -1 4 -2 -6 7 -4 9 -3 -9 -12 13 -13 -14 16 17 -5 -19 -20 -21 -18
right_child=3 8 6 15 5 -7 -8 10 -10 -11 11 12 14 -15 -16 -17 21 18 19 20 -22 -23
leaf_value=-0.018236709652533836 0.010626245611346985 0.012491816855909955 -0.010280171645466104 0.0027109801085939324 0.00088903199937353551 -0.029672010369364843 -0.026494276802253226 0.01003720211547432 -0.016717145405084861 -0.013379059142269412 -0.019607840036772826 -0.016518049800320473 0.0021033686713995093 0.0054027427013610251 -0.027462705469184334 -0.013902000553506148 -0.00050436731067570926 0.0059738145421472698 -0.041413479032920433 0.004343126797085939 -0.027102302777791767 0.007490970453188318
leaf_weight=123.71255732375494 29.768851546974588 118.90726942762399 180.10753959265026 934.41888388950701 28.465079249273231 38.649946387341629 16.123529745656924 89.788995405644755 13.807698232309574 20.204582775107383 28.383052599761413 22.342643683730785 25.598203774254216 213.5684347333081 20.317766940392175 31.324327604042992 316.14028224819947 26.547258212151746 25.933893360015418 32.031875304972345 29.997582773728936 717.35371318314867
leaf_count=341744 45075 34873 184664 48421 49219 286330 2213 35376 7187 7214 65235 3604 7829 16712 13078 3047 15272 5183 11529 3048 738 26600
internal_value=-1.23963e-10 -0.00465741 -0.0067403 0.00185166 -0.009232 -0.0182759 -0.00409342 -0.00303239 0.00496061 0.00808908 0.000402213 -0.00261296 -0.000288138 0.00273939 -0.0135513 0.00240076 0.00271126 0.000367355 -0.0174387 -0.024393 -0.0125154 0.00506384
internal_weight=3083.49 872.862 719.943 2210.63 96.8839 67.115 596.23 580.107 152.92 139.112 399.999 310.21 281.827 235.911 45.916 2113.75 2082.42 1048.93 114.511 87.9634 62.0295 1033.49
internal_count=1214191 719729 670455 494462 380624 335549 328711 326498 49274 42087 141834 106458 41223 20316 20907 113838 110791 68919 20498 15315 3786 41872
is_linear=0
shrinkage=0.04


Tree=168
num_leaves=23
num_cat=0
split_feature=8 0 12 24 8 15 0 8 12 28 6 23 22 15 16 21 12 29 1 22 7 31
split_gain=15.9075 11.3064 9.15366 9.70793 8.95035 8.38118 8.29209 8.1248 8.1166 11.7661 7.50155 8.76353 9.74274 7.71892 7.13155 6.8237 6.93676 6.75143 8.29347 6.52325 13.5786 15.034
threshold=0.40390202403068548 0.058919884264469154 0.27862021327018743 1.8688347935676577 0.23377398401498797 3.9219243526458745 0.25344176590442663 0.9234740436077119 0.6602836847305299 0.49678570032119757 0.45738311111927038 2.5000000000000004 22.500000000000004 4.1666352748870858 4.856335163116456 1.0000000180025095e-35 0.95083332061767589 0.32449917495250707 0.54722076654434215 45.500000000000007 0.59192192554473888 7.0527195930480966
decision_type=2 2 2 2 2 2 2 2 2 2 2 2 2 2 2 2 2 2 2 2 2 2
left_child=1 8 3 7 5 -3 -5 -2 9 -1 11 12 -10 -14 -7 19 -17 -6 -19 -4 21 -21
right_child=2 4 15 6 17 14 -8 -9 10 -11 -12 -13 13 -15 -16 16 -18 18 -20 20 -22 -23
leaf_value=-0.030680540234629787 -0.0095551389978016169 5.523475835856265e-06 0.0014104211971108819 -0.019606843383132257 0.0085715125859424837 -0.0088440369034531122 0.0058485083037175803 0.0055124331039631824 0.0089931422159644607 0.0065532790130290869 0.0049252403629415171 -0.016959023214574979 -0.014654320993753649 0.0033668292004975287 0.02568561132366623 -0.027688959795866212 0.0048496238935212014 -0.019724704005952762 0.0063539355346964822 0.012665309733765822 0.014130335372563536 -0.0042403807782638
leaf_weight=43.03700566752849 78.7974815791938 72.851211616276828 1456.7168540368182 80.294327890458135 27.572974180459823 6.5095265490469947 21.457426284568328 151.22614976100158 60.208651086186592 14.126956145262112 69.928178369098532 124.19139666623323 105.02743533330522 52.031243886912307 42.014572624734114 13.878594998559494 14.169457876066643 52.976410240388191 22.513685648384921 117.42831564707285 215.1359739655054 238.58668247865694
leaf_count=145891 194268 43711 77578 183594 15500 2712 10924 105999 29652 40513 13475 139856 85801 30217 9769 2074 653 48451 9008 4240 2580 17725
internal_value=6.5503e-10 -0.0052912 0.00155135 -0.00452382 0.00203435 0.00906162 -0.0141958 0.000167801 -0.00876936 -0.0218732 -0.00647266 -0.00888058 -0.00371987 -0.00884001 0.0203338 0.00254889 -0.0142967 -0.00631103 -0.0121137 0.0028509 0.00643734 0.00152949
internal_weight=3080.68 692.989 2387.69 331.775 224.438 121.375 101.752 230.024 468.551 57.164 411.387 341.459 217.267 157.059 48.5241 2055.92 28.0481 103.063 75.4901 2027.87 571.151 356.015
internal_count=1214191 614556 599635 494785 129151 56192 194518 300267 485405 186404 299001 285526 145670 116018 12481 104850 2727 72959 57459 102123 24545 21965
is_linear=0
shrinkage=0.04


Tree=169
num_leaves=23
num_cat=0
split_feature=13 3 8 12 9 7 3 4 17 5 17 28 15 9 9 29 2 26 4 18 17 4
split_gain=16.1398 12.4661 11.5069 12.386 9.65556 14.121 9.51992 9.25519 8.79405 7.95037 12.7847 9.05852 9.18994 10.4376 10.8701 9.29671 8.44584 8.01777 7.73935 7.71353 7.30916 7.22467
threshold=0.015134900342673065 0.09343359619379045 0.9234740436077119 0.6602836847305299 0.70834773778915416 0.75232294201850902 1.0000000180025095e-35 1.1016471982002261 9.8548717498779315 0.81006851792335521 8.0065340995788592 0.016181630082428459 3.113268375396729 0.090970043092966094 0.41573791205883032 0.59251731634140026 0.23129058629274371 0.59333994984626781 0.94164052605628978 2.7466067075729375 7.8242459297180185 0.30670872330665594
decision_type=2 2 2 2 2 2 2 2 2 2 2 2 2 2 2 2 2 2 2 2 2 2
left_child=1 6 3 19 5 8 -1 -4 9 11 16 -5 13 17 15 -15 21 -13 -6 -2 -20 -11
right_child=2 -3 7 4 18 -7 -8 -9 -10 10 -12 12 -14 14 -16 -17 -18 -19 20 -21 -22 -23
leaf_value=-0.0087921269296832322 0.014418005986455562 0.0069991458811151045 0.0038847650329337587 -0.0088756803250114487 0.010387916608088214 0.012368205419479583 -0.031911964808163322 -0.0091892369154345545 -0.02646531511194641 -0.003731505824823881 0.007588079969101943 0.01593563376626227 0.0070642780270632243 -0.029808188729113692 0.0042857987332375379 0.006890358737932323 0.01017827249400175 -0.0077117812735166815 -0.025192659754836599 -0.01207711881727515 0.0099949187631995888 -0.020440421854372351
leaf_weight=103.06497935120717 10.772287399510132 40.514922914982776 1442.3910009326423 131.90974626777916 177.68159122737779 89.902060581895057 37.322745218289128 82.769509938476403 16.085405643633749 66.907081605570056 56.37018269796863 41.909352847515038 275.73449261221958 44.150088593931287 32.025530044120387 9.7617292742215778 16.595189022074919 32.901055202932184 12.005399179062808 215.29840355436656 9.2446048121200857 126.75060241861138
leaf_count=173365 593 20076 207501 47687 7161 1141 173773 16513 6657 6186 3743 10698 34309 13320 3588 378 365 2547 365 476683 119 7423
internal_value=1.5753e-09 -0.0112659 0.000741318 -0.00191789 -0.000189201 -0.00189817 -0.0166519 0.00312001 -0.00353126 -0.00278151 -0.00834314 -7.34977e-05 0.00272583 -0.0046939 -0.013528 -0.0231248 -0.012765 0.00585264 0.00759863 -0.0102574 -0.0115848 -0.0151343
internal_weight=3072.07 180.903 2891.17 1366 1139.93 941.003 140.388 1525.16 851.1 835.015 266.623 568.392 436.482 160.748 85.9373 53.9118 210.253 74.8104 198.932 226.071 21.25 193.658
internal_count=1214191 367214 846977 622963 145687 138042 347138 224014 136901 130244 17717 112527 64840 30531 17286 13698 13974 13245 7645 477276 484 13609
is_linear=0
shrinkage=0.04


Tree=170
num_leaves=23
num_cat=0
split_feature=14 15 17 26 22 4 16 6 7 16 17 18 31 6 12 31 28 26 18 10 27 31
split_gain=15.7302 10.4906 10.7249 8.83993 8.49124 10.9622 10.0965 9.86458 7.87277 7.84419 7.51314 7.3115 9.00402 9.77855 7.67091 13.3615 10.0845 10.6427 10.2397 8.35527 8.21327 8.00951
threshold=1.3162323236465456 3.5694335699081425 9.2104907035827654 0.88382774591445934 26.500000000000004 0.87314841151237499 4.9759778976440439 0.54871827363967907 0.13153805583715442 4.6845293045043954 4.6200466156005868 0.36620551347732549 6.0660836696624765 0.94358566403388988 0.6602836847305299 7.0286326408386239 0.58416205644607555 0.84051188826560985 2.3802301883697514 0.051385266706347472 0.39321799576282507 3.7488808631896977
decision_type=2 2 2 2 2 2 2 2 2 2 2 2 2 2 2 2 2 2 2 2 2 2
left_child=-1 11 4 -4 6 9 8 -8 -3 -6 -10 12 -2 -14 19 20 -17 -18 -19 21 -16 -13
right_child=1 2 3 -5 5 -7 7 -9 10 -11 -12 14 13 -15 15 16 17 18 -20 -21 -22 -23
leaf_value=-0.0091217057325859146 0.0061970520587196288 0.0050534437208885645 -0.025592744584343925 0.0050415990980364912 -0.012107197901274035 0.013273786733069766 0.013430007285302664 -0.0090548760674387819 0.0052055236167675026 0.004000562364503725 -0.021235214391316034 0.0097851299267270545 -0.024566908256006992 0.0064058894680363056 0.011855157559493913 -0.0056226626360723958 0.017329904877884366 0.0045507437171606558 -0.020422023056068356 -0.01475854774263371 -0.0043877137326139501 -0.0090032582061883113
leaf_weight=265.47794195221695 28.663206264511928 32.864512156151477 27.521398564073024 20.508752957310207 41.154675085756935 202.85733864991312 72.844432521305635 41.38955447519379 17.294715540700281 1042.8029204226202 74.373488330892314 59.99308091000205 60.649298125514179 16.591680474954046 205.59804714069423 438.68349600084275 63.431876064457811 94.397751607582904 25.198655892309034 108.72749456640122 59.000828036386338 65.42343823764611
leaf_count=519295 718 4871 15611 372 13722 18077 13151 8913 5231 176955 27341 44595 10349 756 8809 71638 3071 1135 609 16232 1089 251651
internal_value=-5.90421e-10 0.000894254 0.00304728 -0.0138973 0.00366778 0.00494896 -0.00315845 0.00521013 -0.0106516 0.00328392 -0.0162254 -0.00187072 -0.0114378 -0.0179422 -0.000873265 0.000847055 -0.00236495 0.00532993 -0.00188076 -0.0071532 0.0082054 4.30871e-05
internal_weight=3065.45 2799.97 1573.61 48.0302 1525.58 1286.81 238.767 114.234 124.533 1083.96 91.6682 1226.36 105.904 77.241 1120.45 886.311 621.712 183.028 119.596 234.144 264.599 125.417
internal_count=1214191 694896 284244 15983 268261 208754 59507 22064 37443 190677 32572 410652 11823 11105 398829 86351 76453 4815 1744 312478 9898 296246
is_linear=0
shrinkage=0.04


Tree=171
num_leaves=23
num_cat=0
split_feature=8 13 9 12 12 18 31 0 30 17 30 17 15 1 15 15 8 1 3 3 21 27
split_gain=15.2859 12.0282 12.0486 10.6961 8.77358 12.8077 13.3444 8.37369 7.53615 7.28124 7.90352 9.98955 7.52298 7.14233 8.68846 7.93171 6.85875 7.75554 6.72071 9.07305 6.35061 5.98726
threshold=0.38115957379341131 0.98828634619712841 0.53646740317344677 0.92139831185340892 0.0017737454036250713 6.1673347949981698 1.0000000180025095e-35 0.19581811875104907 0.72579431533813488 6.2156071662902841 1.9150186181068423 7.8667175769805917 1.2424533367156985 0.022796372883021835 3.3497501611709599 3.2384861707687382 0.11633653193712236 0.014563983771950008 0.12224456295371057 0.20476148277521136 1.0000000180025095e-35 0.56301039457321178
decision_type=2 2 2 2 2 2 2 2 2 2 2 2 2 2 2 2 2 2 2 2 2 2
left_child=1 7 3 16 5 -2 8 18 -7 -4 11 -11 -12 14 -5 -15 17 -3 -1 -20 -6 -22
right_child=4 2 9 13 20 6 -8 -9 -10 10 12 -13 -14 15 -16 -17 -18 -19 19 -21 21 -23
leaf_value=-0.019220935171731561 0.0099570370356247238 -0.02084666462654396 -0.0077528302155506256 0.001304506032411841 0.0022617284108118244 0.022790435047378609 -0.030340362857765084 0.012794857108019354 -0.0095917370141385492 -0.020164590603147833 -0.013077395830902618 0.015160165007682849 0.025081053245172198 -0.0065374675999755015 -0.026681738543536559 0.010835484912078999 -0.025167502705525861 0.0062448437612637672 0.0089266026190550334 -0.02168729509181043 -0.020860403080329239 0.009779498378114369
leaf_weight=146.72538620169098 31.012401480100266 17.151391382644647 25.612687035937256 38.640796005738594 2283.8598936480475 7.8521617123617231 41.73277864541231 11.221349512183222 22.637500547599416 14.534901394465466 3.2194641459495861 16.923689375484287 56.617635164135663 60.921336201301528 21.505431181702079 96.549056810994443 48.53189656725101 36.406012011507414 35.290632815773733 13.610820758899761 25.602628906643076 7.4848182848336355
leaf_count=352611 54026 17495 7995 8484 159611 12202 347468 3220 51029 5761 2634 3255 10710 5759 6807 5211 89223 42566 13880 9907 4155 182
internal_value=4.41775e-10 -0.00543103 -0.00156808 -0.00556745 0.00146037 -0.00942661 -0.0179487 -0.0131366 0.00231684 0.0089458 0.0139334 -0.00208808 0.0214494 -0.000379158 -0.0110792 0.00412529 -0.0156065 -0.00434596 -0.015174 -0.00182955 0.00198388 -0.0132682
internal_weight=3063.64 643.462 436.614 319.706 2420.18 103.235 72.2224 206.848 30.4897 116.908 91.2957 31.4586 59.8371 217.617 60.1462 157.47 102.089 53.5574 195.627 48.9015 2316.95 33.0874
internal_count=1214191 585518 205900 175545 628673 464725 410699 379618 63231 30355 22360 9016 13344 26261 15291 10970 149284 60061 376398 23787 163948 4337
is_linear=0
shrinkage=0.04


Tree=172
num_leaves=23
num_cat=0
split_feature=8 9 0 3 10 18 31 18 30 31 22 31 6 28 21 3 3 13 15 1 15 4
split_gain=14.6344 11.8177 9.46016 9.3392 8.88672 10.0957 11.3441 7.62128 7.52516 7.19451 6.6375 6.45379 6.35307 6.26854 6.24246 6.25522 26.3621 17.9178 7.94505 9.57515 7.93944 7.45743
threshold=0.38115957379341131 0.38907641172409063 0.19581811875104907 0.052800819277763374 0.002432426437735558 6.1673347949981698 1.0000000180025095e-35 1.8884204030036928 0.72579431533813488 5.7365670204162607 46.500000000000007 5.7365670204162607 1.6348308324813845 0.44165474176406866 1.0000000180025095e-35 0.063662458211183562 0.0028937865281477575 0.9600382149219514 5.1957268714904794 0.13074083626270297 2.2499048709869389 1.1168597340583803
decision_type=2 2 2 2 2 2 2 2 2 2 2 2 2 2 2 2 2 2 2 2 2 2
left_child=1 2 7 -3 5 11 8 9 -7 -1 -11 -2 13 -5 15 16 20 -18 21 -20 -6 -17
right_child=4 3 -4 12 14 6 -8 -9 -10 10 -12 -13 -14 -15 -16 18 17 -19 19 -21 -22 -23
leaf_value=0.0098815357335170044 0.020871640822268903 -0.0072202402248252411 0.013160300148042203 0.018616653610103066 -0.0055514021391940829 0.022241344056970376 -0.02802793984347304 -0.016462468229281255 -0.009910137049625992 -0.01116212539309369 0.0049108852430882017 -0.0076111507536341539 -0.014161554374395693 -0.0030237086360189831 -0.013162278265284573 0.0034035262442549379 -0.034944938876031992 -0.0049439471473902551 -0.0055456732625007903 0.015625732122807424 0.0039407140401365405 -0.015823037028657963
leaf_weight=33.494703468980333 15.643601424050187 72.636185235728135 21.650238115610478 73.927300672552292 158.93281747397691 8.0697288488140675 43.367125123293704 169.99657025900251 22.978728805790979 190.49250305251167 45.523754590700946 17.604822252179474 7.1020035829862982 25.375323168357795 33.05416781463191 896.43315485093945 40.916608814266965 96.105825719621407 37.434136680281881 158.05190672507388 866.61733738755652 23.686479046211389
leaf_count=14743 6082 39680 4895 16916 16810 12237 354475 321910 51555 141996 30325 53242 2230 12823 3922 42074 26421 6261 1804 3497 49860 433
internal_value=-2.90921e-10 -0.00532988 -0.00866402 0.00326192 0.00142677 -0.00931109 -0.0168298 -0.0100079 0.00182885 -0.00549337 -0.0079883 0.00751749 0.010423 0.0133161 0.00196493 0.00224098 0.000181503 -0.0156701 0.00436647 0.011499 0.00243029 0.00274378
internal_weight=3059.1 640.199 461.158 179.041 2418.9 107.664 74.4156 439.508 31.0485 269.511 236.016 33.2484 106.405 99.3026 2311.23 2278.18 1162.57 137.022 1115.61 195.486 1025.55 920.12
internal_count=1214191 585518 513869 71649 628673 477591 418267 508974 63792 187064 172321 59324 31969 29739 151082 147160 99352 32682 47808 5301 66670 42507
is_linear=0
shrinkage=0.04


Tree=173
num_leaves=23
num_cat=0
split_feature=8 12 13 3 7 9 3 31 1 14 26 26 26 15 17 22 15 15 18 28 2 28
split_gain=14.295 13.0974 10.8535 9.53209 9.3362 10.3693 8.98258 8.60784 9.98814 12.9926 9.07953 9.58793 8.76793 8.76537 7.6793 7.61117 7.49021 8.64296 7.05153 7.38521 9.11463 8.42623
threshold=0.9234740436077119 0.6602836847305299 0.72790515422821056 0.12224456295371057 0.9663875699043275 0.99947062134742748 1.0000000180025095e-35 6.3935852050781259 0.027397450059652332 2.5404615402221684 0.93302914500236522 0.97964814305305492 0.75940492749214183 3.9219243526458745 7.439265489578248 44.500000000000007 5.7945356369018564 3.0201274156570439 2.7466067075729375 0.49346099793910986 0.14059279114007953 0.52451696991920482
decision_type=2 2 2 2 2 2 2 2 2 2 2 2 2 2 2 2 2 2 2 2 2 2
left_child=1 18 3 6 5 7 -3 -4 12 13 16 -12 -9 14 -10 -13 17 -11 -1 20 -20 -21
right_child=-2 2 4 -5 -6 -7 -8 8 9 10 11 15 -14 -15 -16 -17 -18 -19 19 21 -22 -23
leaf_value=0.012401752864413083 0.0026335541997243822 -0.0060150193867569762 0.0068950436184744418 0.0041408656441058221 0.012149039777817353 0.010594201588093939 -0.023443879184543184 -0.021020559383328238 0.0017538205480263577 -0.0043700982020418097 0.016283779656295745 -0.023220126670003817 0.0065277238695827704 0.0092249025521930067 -0.016353471475085164 0.0087050183965965942 0.0085351012402522224 -0.029971320509738157 -0.022799797228394411 0.016308891964928206 0.0072350277302107129 -0.0094245661369307693
leaf_weight=11.360695667514277 1580.0347971562564 172.54613305192925 127.53617728426252 79.732926561861859 97.863698433618993 108.6899920118376 61.548461493891864 75.541985016656326 124.69019237682915 37.31115964519995 27.09200297598727 19.885278786765411 18.490458341082558 160.08272826972097 42.609120907591205 13.013980185147373 10.389710880292112 54.045946116224513 109.60329064275032 16.095959122074305 13.927320350108173 88.396254700083375
leaf_count=1498 243927 139846 7573 14582 1078 4178 144096 34318 13784 2816 334 174 688 13242 9883 56 310 3808 349507 24757 24907 178829
internal_value=-9.01555e-10 -0.00282849 -0.00112548 -0.00742315 0.00108604 -0.000365833 -0.0113701 -0.00216576 -0.00423021 -0.00179715 -0.0107249 0.00157727 -0.0154967 0.00280062 -0.00352015 -0.0115061 -0.0174705 -0.0209783 -0.0111902 -0.0128373 -0.0191253 -0.00438236
internal_weight=3050.49 1470.45 1231.07 313.828 917.242 819.379 234.095 710.689 583.153 489.12 161.738 59.9913 94.0324 327.382 167.299 32.8993 101.747 91.3571 239.384 228.023 123.531 104.492
internal_count=1214191 970264 390766 298524 92242 91164 283942 86986 79413 44407 7498 564 35006 36909 23667 230 6934 6624 579498 578000 374414 203586
is_linear=0
shrinkage=0.04


Tree=174
num_leaves=23
num_cat=0
split_feature=26 3 3 3 17 28 7 16 22 18 18 6 7 2 18 7 2 22 28 29 18 15
split_gain=14.025 11.3119 39.373 26.9561 9.14803 8.79072 9.48094 11.4742 9.65431 8.54258 10.9114 9.2955 9.22177 9.49424 12.3299 8.52737 12.5829 8.42117 10.5538 8.11993 7.71686 13.2748
threshold=0.30171613395214086 0.057607917115092284 0.0028937865281477575 0.025899167172610763 10.130654811859133 0.014931393321603538 1.0000000180025095e-35 4.7505102157592782 27.500000000000004 0.29086543619632726 0.055232372134923942 0.16388985514640811 0.53197160363197338 0.059084294363856323 2.357357501983643 0.16652515530586245 0.011425491422414781 18.500000000000004 0.47017715871334081 0.90696075558662426 2.0128885507583623 5.9801499843597421
decision_type=2 2 2 2 2 2 2 2 2 2 2 2 2 2 2 2 2 2 2 2 2 2
left_child=-1 2 4 -4 9 -3 8 -8 -7 10 -2 19 15 14 -14 16 -13 -9 20 -11 -19 -22
right_child=1 5 3 -5 -6 6 7 17 -10 11 -12 12 13 -15 -16 -17 -18 18 -20 -21 21 -23
leaf_value=-0.018171000364836348 0.00030430981960165754 -0.0053158497994879759 -0.036620057879575264 -0.0050062297810493641 -0.018238408316788895 0.024632255161129227 -0.0076886056993526169 -0.0074982845584826074 0.0040227595416857517 0.0069455116359366728 -0.025523004647574593 -0.013848326505228476 0.019809320345082121 -0.002595341285338849 -0.0044944793119883275 -0.009212477274935623 0.011474240492982844 0.0057258205481169437 0.0097346900450039527 -0.013190157705455655 -0.0073971713120794744 0.021116715054607282
leaf_weight=56.486290840435231 66.51744582291326 175.50543993977499 71.634184416026301 99.515183546898925 31.127904170771444 58.301849335090196 138.80711012908159 81.311912850940075 88.11558200021534 507.81488618754793 32.90436505313437 37.251409539213228 85.882543771943347 155.65983988441326 46.409295527376798 261.81130757546043 84.982218879663606 269.79660216043254 441.03723469569161 25.075732608608405 206.46391977864215 19.965468998028996
leaf_count=247733 9059 40061 126145 42679 16067 6089 65048 39124 13187 174596 5534 14299 1408 30651 26117 129697 19424 12271 78741 3091 107957 5213
internal_value=-1.14895e-09 0.000403259 -0.00202983 -0.0195292 0.000341375 0.00287821 0.00401328 0.00273734 0.0132794 0.000920184 -0.00979479 0.00187768 -0.00125025 0.00408084 0.0115666 -0.00524955 0.00329338 0.00421908 0.00530404 0.0057725 0.00125165 -0.00409614
internal_weight=3042.38 2985.89 1506.59 171.149 1335.44 1479.31 1303.8 1157.38 146.417 1304.31 99.4218 1204.89 671.997 287.952 132.292 384.045 122.234 1018.58 937.263 532.891 496.226 226.429
internal_count=1214191 966458 598767 168824 429943 367691 327630 308354 19276 413876 14593 399283 221596 58176 27525 163420 33723 243306 204182 177687 125441 113170
is_linear=0
shrinkage=0.04


Tree=175
num_leaves=23
num_cat=0
split_feature=26 3 3 3 17 28 4 16 15 1 4 17 17 5 27 18 5 0 18 18 6 27
split_gain=13.5724 10.3797 36.3934 25.0807 9.66427 8.65038 9.54684 10.5941 8.05533 8.8358 9.13882 9.03192 11.0554 11.5345 9.58584 9.77154 8.97556 8.71789 7.51795 9.66022 8.51247 8.3782
threshold=0.30171613395214086 0.057607917115092284 0.0028937865281477575 0.025899167172610763 10.130654811859133 0.014931393321603538 1.0000000180025095e-35 4.7505102157592782 5.1957268714904794 0.28944858908653265 1.1016471982002261 7.7419674396514901 1.0000000180025095e-35 0.77697262167930614 0.32319264113903051 2.357357501983643 1.2465510964393618 0.021228804253041748 0.29086543619632726 0.055232372134923942 0.16388985514640811 0.072741523385047926
decision_type=2 2 2 2 2 2 2 2 2 2 2 2 2 2 2 2 2 2 2 2 2 2
left_child=-1 2 4 -4 18 -3 -7 -8 9 11 -11 12 -9 17 -15 -16 -12 -14 19 -2 -20 -22
right_child=1 5 3 -5 -6 6 7 8 -10 10 16 -13 13 14 15 -17 -18 -19 20 -21 21 -23
leaf_value=-0.017934157255193896 0.00028297918264440507 -0.0053650471095695032 -0.035706614193819951 -0.0049696144463341144 -0.018634938703858097 0.013179785799177973 -0.0074188548790101718 0.01443001386727078 0.011397107107933355 0.0069454513799478076 0.0082435116390434278 0.0076266496427219955 0.013442674561214191 -0.024017985418346377 0.015196386754290392 -0.023759126873257645 -0.02276703180047215 -0.010267513576564529 0.0055446022972189301 -0.024164690305856648 -0.010379057527588482 0.00095147640006410536
leaf_weight=56.058087119798074 66.529508767239577 175.22035968816886 69.362193089630296 99.682837868623324 31.671749177396578 146.71745786887345 138.41832631609179 23.886443300808992 183.81680946759866 490.88155428171012 18.823601476260137 81.012202175508492 37.402773098073908 87.625642035981741 20.312351131666222 5.6781751644673468 25.467285399279262 42.154494482859491 534.28934792543043 32.068263239451426 118.46359330967755 550.86575035357509
leaf_count=247733 9059 40061 126145 42679 16067 19276 65048 6377 27042 120373 3658 22108 9309 25327 350 4871 5634 18257 177687 5534 51298 170298
internal_value=-2.99336e-10 0.000396173 -0.00193803 -0.0188714 0.000332414 0.00276775 0.00389463 0.00261267 0.00403687 0.00229727 0.00533587 -0.00315449 -0.00733695 -0.0106063 -0.0182552 0.00244893 -0.0104967 0.00113584 0.000932222 -0.00916142 0.00182775 -0.00117716
internal_weight=3036.41 2980.35 1502.93 169.045 1333.89 1477.42 1302.2 1155.48 1017.06 833.245 535.172 298.072 217.06 193.173 113.616 25.9905 44.2909 79.5573 1302.22 98.5978 1203.62 669.329
internal_count=1214191 966458 598767 168824 429943 367691 327630 308354 243306 216264 129665 86599 64491 58114 30548 5221 9292 27566 413876 14593 399283 221596
is_linear=0
shrinkage=0.04


Tree=176
num_leaves=23
num_cat=0
split_feature=8 10 28 4 4 3 2 17 26 14 3 28 16 26 5 0 27 17 15 6 6 26
split_gain=13.4427 12.4751 10.484 8.27508 7.89276 7.61909 11.5509 9.24628 7.47688 9.92158 7.70398 6.84902 8.49069 6.81714 10.3168 13.4713 12.028 11.2824 8.17906 7.39716 6.57934 6.3931
threshold=0.9234740436077119 0.0098837832920253294 0.092331953346729292 1.1016471982002261 0.94164064526557933 0.023523150011897091 0.088561065495014205 7.0084948539733896 0.97964814305305492 3.9034924507141118 0.13725663721561435 0.73815152049064647 4.9021165370941171 0.85254633426666271 1.4883117079734804 0.042340755462646491 0.15564801543951037 6.6580102443695077 1.8688347935676577 0.69654181599617015 0.17847978323698047 0.97964814305305492
decision_type=2 2 2 2 2 2 2 2 2 2 2 2 2 2 2 2 2 2 2 2 2 2
left_child=1 4 5 11 -1 6 -3 -7 -5 -10 -11 13 -13 18 -15 17 -17 -16 -2 -19 -14 -4
right_child=3 2 21 8 -6 7 -8 -9 9 10 -12 12 20 14 15 16 -18 19 -20 -21 -22 -23
leaf_value=-0.024951071420222161 -0.012645878636315458 -0.017083952990247279 0.0011295348753084832 0.0033227908073006625 0.0059161586794850823 0.0048279946798717209 0.011533386901478499 -0.01301768648485478 0.0066580007644745929 -0.042341953870566398 -0.0031681741385752617 -0.0049204843098718852 -0.00050846824117524838 0.011746046149365124 0.022114248932839555 -0.032024140426952535 -0.0013957820569023378 0.0060406511074394048 0.0010844575009484004 -0.024290719512693432 0.019899374895386172 -0.009650561303499958
leaf_weight=50.889252755419193 67.302965149623219 154.44891211406161 953.82095361414622 39.583346251227113 12.686746702082699 117.10078096363145 19.029051408156647 63.451414649046228 13.347847834244019 15.651795956073331 14.234276826689891 38.672512461559563 32.277861579864521 234.07319698856418 61.603933988825702 12.635470521423484 231.2723504909618 35.533118968422514 670.90454262384276 8.0989052914769655 98.902803016434063 86.869546198609896
leaf_count=508899 39674 219459 163423 16367 14858 33373 3272 26392 453 195 92 5377 2837 2746 1002 424 6206 599 159943 564 7448 588
internal_value=-7.08332e-10 -0.00275719 -0.00189599 0.00255563 -0.0188245 -0.00773881 -0.0134874 -0.00179754 -0.00907935 -0.0189254 -0.0291562 0.00325795 0.0105981 0.00224194 0.005435 0.000994689 -0.00418122 0.0123128 -0.000319633 -0.0030688 0.0151976 0.000146403
internal_weight=3032.39 1458.3 1394.72 1574.09 63.576 354.03 173.478 180.552 82.8173 43.2339 29.8861 1491.28 169.853 1321.42 583.217 349.144 243.908 105.236 738.208 43.632 131.181 1040.69
internal_count=1214191 970264 446507 243927 523757 282496 222731 59765 17107 740 287 226820 15662 211158 11541 8795 6630 2165 199617 1163 10285 164011
is_linear=0
shrinkage=0.04


Tree=177
num_leaves=23
num_cat=0
split_feature=8 12 13 4 7 9 31 1 14 29 26 3 3 17 27 26 14 26 3 3 16 1
split_gain=12.8724 12.8044 10.0418 9.14853 8.39069 9.44297 8.38434 9.50848 12.0458 10.3513 8.96495 8.18926 7.73804 7.70195 7.66578 7.62856 9.8416 7.48147 7.00964 6.52385 6.47802 7.47376
threshold=0.9234740436077119 0.6602836847305299 0.72790515422821056 1.1016471982002261 0.9663875699043275 0.99947062134742748 6.3935852050781259 0.029955512844026092 2.5404615402221684 0.88422259688377391 0.75940492749214183 0.12224456295371057 1.0000000180025095e-35 7.4386775493621835 0.024960965849459175 0.97964814305305492 3.9034924507141118 0.90415155887603771 0.13725663721561435 0.046899516135454185 4.882413625717164 0.71828892827034008
decision_type=2 2 2 2 2 2 2 2 2 2 2 2 2 2 2 2 2 2 2 2 2 2
left_child=1 -1 11 20 5 6 -4 10 13 -10 -8 12 -3 -9 -15 -5 -17 -7 -18 -14 -2 -22
right_child=3 2 4 15 -6 17 7 8 9 -11 -12 -13 19 14 -16 16 18 -19 -20 -21 21 -23
leaf_value=-0.011046362583148752 -0.0017084514267114448 -0.0058898619006967278 0.0069545059251106267 0.0029560524795178432 0.011583277589540412 0.013832450424067702 -0.020817345356354898 0.0063075923570675855 -0.014354125320283389 0.01131571164619462 0.0066981908971378038 0.0036368502610715303 -0.032660780638545973 0.0088842936292141735 -0.01471057757523876 0.0063622354746061954 -0.04195593323049595 -0.013153893878569222 -0.0042269939813374012 -0.0051089359621860498 0.0036785054735224065 0.01588269387907288
leaf_weight=235.19022443678864 325.32078102163678 171.20763620334196 126.61660900850256 39.930836753748963 97.997964901762316 97.512661935652432 74.378107309461484 242.63477008096925 137.92011401002674 22.513983065029606 19.181532187969424 78.980355974094891 30.963673493756232 24.950415841669383 56.346805503995711 13.282667646759363 16.183643303254943 11.254458690411409 14.825207914960627 27.269767167454802 1087.9149430952109 78.28107501812633
leaf_count=579498 69150 139846 7573 16367 1078 3961 34720 21979 7246 250 694 14582 124772 3892 10632 453 195 217 92 19324 151306 6364
internal_value=4.50986e-11 -0.00270334 -0.00101788 0.00249737 0.00110742 -0.000280207 -0.00201287 -0.00406239 -0.00167349 -0.0102993 -0.0150741 -0.00713518 -0.0108403 0.00277909 -0.00728927 -0.00963431 -0.0194389 0.0101677 -0.0293472 -0.0223983 0.00324202 0.00462578
internal_weight=3030.66 1454.92 1219.73 1575.74 911.307 813.309 704.542 577.926 484.366 160.434 93.5596 308.421 229.441 323.932 81.2972 84.2224 44.2915 108.767 31.0089 58.2334 1491.52 1166.2
internal_count=1214191 970264 390766 243927 92242 91164 86986 79413 43999 7496 35414 298524 283942 36503 14524 17107 740 4178 287 144096 226820 157670
is_linear=0
shrinkage=0.04


Tree=178
num_leaves=23
num_cat=0
split_feature=14 15 8 4 26 17 17 1 1 4 2 14 22 29 30 8 12 3 3 22 28 27
split_gain=12.4374 10.105 10.3089 10.5956 10.5147 11.5838 12.722 11.3723 10.0354 8.4644 9.19511 8.1375 10.918 7.32187 11.3044 7.24488 7.17423 9.26939 17.3786 9.67556 10.7096 10.0905
threshold=1.3162323236465456 3.113268375396729 0.018014809116721157 1.2314310669898989 0.79685989022254955 9.2104907035827654 7.9019322395324716 0.46529039740562445 0.32514771819114691 0.20497465878725055 0.0014285061042755844 2.3282306194305424 47.500000000000007 0.33606670796871191 3.4145365953445439 0.27088515460491186 0.97369617223739635 0.091956928372383132 0.22840274870395663 34.500000000000007 0.73815152049064647 0.44621530175209051
decision_type=2 2 2 2 2 2 2 2 2 2 2 2 2 2 2 2 2 2 2 2 2 2
left_child=-1 -2 -3 4 5 6 7 8 15 10 -6 12 -11 14 -13 -4 17 -15 19 20 -19 -22
right_child=1 2 3 -5 9 -7 -8 -9 -10 11 -12 13 -14 16 -16 -17 -18 18 -20 -21 21 -23
leaf_value=-0.0082536461413149735 -0.0026609481086177504 0.018517123537483707 -0.016473707392110234 -0.021725560848158638 -0.011625020425150323 -0.025154840785510679 0.0098634109089744456 0.010721879137895017 -0.018692125378509564 -0.020503679206036737 0.019986254965351752 -0.020212805127785435 0.011889068303467691 -0.0016575918043910745 0.013092715516292522 -0.00091985780225726219 0.011357062830698497 -0.015073028118272892 -0.0087629817590523917 0.019114461624532942 0.026590116887914701 -0.012285265333065516
leaf_weight=256.56232971510144 904.05480263867025 52.063362144670918 44.215394290559288 19.943375737560018 10.6587457567457 21.015364337092137 149.5482462472022 76.708927328603068 63.449016162230123 37.987272052385379 85.368364759830001 34.524696144047994 17.496841902824599 305.58507893922797 17.252758118484053 425.24162207456845 236.08698898278817 28.370362436539835 64.456400948649843 146.48856626922998 20.643609675153133 9.190296460251373
leaf_count=519295 335554 6698 22688 4336 198 18469 50482 50322 47609 2728 773 484 626 11764 149 130063 1807 1618 2915 4546 468 599
internal_value=6.63609e-10 0.000791308 0.00246889 0.00190937 0.00229102 -0.00119368 -0.000211964 -0.00280291 -0.00491136 0.00495737 0.015712 0.00367531 -0.010033 0.00466193 -0.00879215 -0.00269782 0.00561773 0.00310624 0.00838059 0.0139357 1.02886e-05 0.0145368
internal_weight=3026.91 2770.35 1866.3 1814.23 1794.29 780.179 759.163 609.615 532.906 1014.11 96.0271 918.083 55.4841 862.599 51.7775 469.457 810.821 574.734 269.149 204.693 58.2043 29.8339
internal_count=1214191 694896 359342 352644 348308 319633 301164 250682 200360 28675 971 27704 3354 24350 633 152751 23717 21910 10146 7231 2685 1067
is_linear=0
shrinkage=0.04


Tree=179
num_leaves=23
num_cat=0
split_feature=8 12 13 5 17 1 3 9 7 31 6 1 26 15 16 3 18 5 3 7 22 22
split_gain=12.3348 12.802 9.6691 8.15428 10.344 8.34894 7.82734 7.44556 8.45065 8.20162 8.82348 10.7952 9.86855 8.75853 8.51682 7.17523 6.83832 6.55696 6.4384 6.34296 9.39095 6.85506
threshold=0.9234740436077119 0.6602836847305299 0.72790515422821056 1.1192067265510561 8.4767880439758319 0.1974403113126755 0.12224456295371057 0.70834773778915416 0.65292891860008251 6.3935852050781259 0.68577471375465404 0.029955512844026092 0.75940492749214183 2.5249279737472539 4.7505102157592782 1.0000000180025095e-35 2.6254374980926518 1.2948824763298037 0.046899516135454185 0.074348963797092452 49.500000000000007 37.500000000000007
decision_type=2 2 2 2 2 2 2 2 2 2 2 2 2 2 2 2 2 2 2 2 2 2
left_child=1 -1 6 4 5 19 15 8 9 -4 11 12 -11 -13 -15 -3 -12 -9 -17 -2 21 -21
right_child=3 2 7 -5 -6 -7 -8 17 -10 10 16 13 -14 14 -16 18 -18 -19 -20 20 -22 -23
leaf_value=-0.011015371451427594 0.01037445452318648 -0.0058754274714754723 0.0067833058131493654 0.0012241661178524648 -0.012759125377610821 0.020185150992467905 0.0035583990440990966 0.010437680166650561 0.009468407631002769 -0.020824204275213903 -0.024339161740509544 -0.011011793944349622 0.0082130554784398107 -0.01533748728222838 0.0056632581603005428 -0.032372237905778131 0.0071272459748871657 -0.016034423285418962 -0.0048863406311513372 0.0033143869316657514 0.015741787242112261 -0.030978291341615061
leaf_weight=234.16123532706843 73.279044146180013 170.72869739531018 116.93866932348465 1349.0598892890946 22.264763007993906 96.000232748888266 78.569416166030351 161.87639777619188 102.707694843637 69.070823723944159 43.804045817312726 74.350250181343654 18.552656450774521 24.93509370737047 279.05372091060963 29.623046736929041 9.0801225548420899 7.558651481405831 27.145236828716179 12.103649186585701 10.042756989181724 14.900057107803603
leaf_count=579498 11218 139846 7346 210500 5914 9747 14582 5454 1503 33989 4084 12380 678 3275 22242 124772 1063 228 19324 2070 730 3748
internal_value=1.34029e-09 -0.00265613 -0.000966938 0.00243949 0.00925998 0.012116 -0.006995 0.00111921 -0.00064809 -0.00240367 -0.00456336 -0.00260474 -0.0144646 0.00044374 0.00350703 -0.0106361 -0.0186622 0.00842894 -0.0219294 0.00400067 -0.00813222 -0.0188657
internal_weight=3025.81 1448.16 1213.99 1577.65 228.591 206.326 306.066 907.928 738.493 635.785 518.847 465.963 87.6235 378.339 303.989 227.497 52.8842 169.435 56.7683 110.326 37.0465 27.0037
internal_count=1214191 970264 390766 243927 33427 27513 298524 92242 86560 85057 77711 72564 34667 37897 25517 283942 5147 5682 144096 17766 6548 5818
is_linear=0
shrinkage=0.04


Tree=180
num_leaves=23
num_cat=0
split_feature=8 12 13 3 9 18 12 17 7 6 12 24 1 3 3 15 17 15 12 22 6 18
split_gain=11.9078 11.7424 9.2878 7.59476 7.44956 7.88271 12.3313 8.06477 7.75425 8.66025 10.3459 7.52737 6.90032 6.89211 6.41151 6.38854 11.6723 8.69013 8.28336 10.8123 10.5602 7.47123
threshold=0.9234740436077119 0.6602836847305299 0.72790515422821056 0.12224456295371057 0.70834773778915416 1.3525660634040835 0.90173766016960155 6.6864848136901864 0.58250629901885997 0.68577471375465404 0.96501213312149059 2.9700856208801274 0.55202105641365062 1.0000000180025095e-35 0.046899516135454185 4.4829866886138925 8.9875092506408709 4.4005842208862314 0.61206930875778209 36.500000000000007 0.93343129754066478 0.36620551347732549
decision_type=2 2 2 2 2 2 2 2 2 2 2 2 2 2 2 2 2 2 2 2 2 2
left_child=1 -1 3 13 5 6 -4 12 9 10 11 -7 -8 -3 -15 17 -17 18 19 -2 -21 -20
right_child=15 2 4 -5 -6 8 7 -9 -10 -11 -12 -13 -14 14 -16 16 -18 -19 21 20 -22 -23
leaf_value=-0.010650810223223412 0.0026780184857457708 -0.005854573000469738 0.01925237259536285 0.0034702409204252238 0.0083599968882929927 -0.009077364900203928 0.0018377370216140815 -0.015927717429967191 0.011497756635725265 -0.016443733579725436 0.008137179821676532 0.013314141275826264 -0.024234903393514588 -0.032190539926012736 -0.0047140178320101813 0.0070935355244171709 -0.018874833390392358 -0.019226427815910649 -0.0076144465322174615 -0.022558159626480105 0.0050629234934466251 0.0043766927473007271
leaf_weight=232.57939483800192 110.77998779295103 170.23258141699819 18.487172356952215 78.593511382247016 169.32382139808033 135.00240606369516 119.33650284547184 116.41475941100816 103.54331932617242 37.460880399492453 178.65047673968729 19.641267133931251 8.6165699138364271 29.030865693866986 26.98819011308251 529.03550831633493 19.74631674867851 24.510164916048325 84.703551347669418 67.907326979015807 26.510175907003941 715.34196465198374
leaf_count=579498 82742 139846 319 14582 5682 37795 9147 16702 1804 4107 13031 3419 236 124772 19324 52788 3504 4088 1980 64818 19695 14312
internal_value=6.19474e-10 -0.00261575 -0.000998403 -0.00691937 0.00104657 -0.000722725 -0.00615176 -0.00875497 0.00235093 -0.000438452 0.00178707 -0.00559749 -0.00154751 -0.0105226 -0.0216723 0.00239406 0.00583808 0.000520152 0.00118626 -0.00580465 -0.0150607 0.00302882
internal_weight=3022.44 1443.9 1211.32 304.845 906.477 737.153 262.855 244.368 474.298 370.755 333.294 154.644 127.953 226.252 56.0191 1578.53 548.782 1029.75 1005.24 205.197 94.4175 800.046
internal_count=1214191 970264 390766 298524 92242 86560 26404 26085 60156 58352 54245 41214 9383 283942 144096 243927 56292 187635 183547 167255 84513 16292
is_linear=0
shrinkage=0.04


Tree=181
num_leaves=23
num_cat=0
split_feature=8 12 4 13 26 31 1 22 15 29 23 22 3 28 6 15 18 31 18 10 17 16
split_gain=11.6996 11.2054 9.56026 8.65282 8.39372 7.1556 9.26686 11.9297 8.93109 7.13446 9.29204 7.11061 7.03427 6.54035 7.8081 7.02334 8.86097 7.67917 8.90909 10.426 7.08879 9.25469
threshold=0.9234740436077119 0.6602836847305299 1.1016471982002261 0.72790515422821056 0.97964814305305492 6.9607896804809579 0.029955512844026092 20.500000000000004 2.9174053668975835 0.313287302851677 4.5000000000000009 27.500000000000004 0.12224456295371057 0.73082149028778087 0.17847978323698047 6.4960203170776376 2.54277515411377 3.4334666728973393 3.757416963577271 0.010889543220400812 6.4002559185028085 4.7826747894287118
decision_type=2 2 2 2 2 2 2 2 2 2 2 2 2 2 2 2 2 2 2 2 2 2
left_child=1 -1 13 12 -4 -5 7 -7 -8 10 -10 -11 -3 15 -15 16 -2 20 19 -19 21 -18
right_child=2 3 4 5 -6 6 8 -9 9 11 -12 -13 -14 14 -16 -17 17 18 -20 -21 -22 -23
leaf_value=-0.010464002556883251 0.003908020610125444 -0.010228445681927252 0.0033030570732749298 0.0064596443694097498 -0.020071234261243649 0.0098981549965209345 -0.0072897180456049839 -0.020124983146054123 0.014606523835401196 -0.011448396778897843 -0.016395091654259265 0.0033953297478375782 0.003227667388435101 -0.0032771458522119325 0.014928915827375216 0.014256291360285984 -0.017681043191973469 0.021190259783006246 -0.023623953075223005 -0.0074505904728336568 -0.0043714044622752326 0.012515217801095831
leaf_weight=231.46797435302119 804.19165416075987 225.09206938772536 39.782979420782794 257.9001819326495 45.407657209061654 22.120671957625746 151.86245289223189 68.014063265628465 116.88905412195527 56.187307566207892 9.2392819889118964 224.85739859729802 79.057077341322838 47.295163981275209 129.83407407794357 62.329321387499249 9.9990417972585401 13.677817700196099 39.648743685360273 143.00695426674793 138.32372170347344 103.1183480839004
leaf_count=579498 15110 283942 16367 10882 740 5210 18671 29981 13092 3791 1669 8946 14582 4539 11991 4838 2597 2379 154053 4513 16545 10255
internal_value=-6.95941e-10 -0.00259363 0.0023747 -0.00101621 -0.00995543 0.000955401 -0.00129613 -0.0125041 0.000698948 0.00378178 0.011298 0.000136336 -0.00673941 0.00314061 0.0101524 0.0021261 0.00141401 -0.00305268 -0.00877779 -0.0038291 0.00158244 0.0086267
internal_weight=3019.3 1442.69 1576.62 1211.22 85.1906 907.07 649.17 90.1347 559.035 407.173 126.128 281.045 304.149 1491.42 177.129 1314.3 1251.97 447.775 196.334 156.685 251.441 113.117
internal_count=1214191 970264 243927 390766 17107 92242 81360 35191 46169 27498 14761 12737 298524 226820 16530 210290 205452 190342 160945 6892 29397 12852
is_linear=0
shrinkage=0.04


Tree=182
num_leaves=23
num_cat=0
split_feature=13 12 15 26 15 31 30 1 31 31 12 0 27 27 6 26 4 7 4 1 27 2
split_gain=11.5432 9.928 16.3505 8.38838 8.27729 14.8192 7.43695 7.23794 7.22136 14.9736 17.5812 7.12137 6.22608 6.48963 7.69219 8.00329 6.40215 7.17368 9.70499 12.7521 10.2674 8.79401
threshold=0.0010178629308938982 0.6602836847305299 4.7492611408233651 0.60917699337005626 3.113268375396729 6.4002518653869638 0.062157424166798599 0.62086290121078502 8.9077382087707537 3.4334666728973393 0.10764531418681146 0.13531847298145297 0.69110804796218883 0.60283562541008007 0.58459320664405834 0.80383363366127025 1.1016471982002261 0.80224251747131359 0.67589429020881664 0.44073051214218145 0.47795742750167852 0.12774050235748294
decision_type=2 2 2 2 2 2 2 2 2 2 2 2 2 2 2 2 2 2 2 2 2 2
left_child=6 2 8 -4 5 -3 -1 -8 9 10 -2 -12 13 16 -15 -16 17 18 19 21 -21 -6
right_child=1 4 3 -5 12 -7 7 -9 -10 -11 11 -13 -14 14 15 -17 -18 -19 -20 20 -22 -23
leaf_value=0.0082115533537404535 0.0060265840660822922 0.0080239975160293527 -0.010779900533780752 0.011346543339215802 -0.00043638550460759824 -0.0048099214695963037 -0.018340744188626485 0.012858455065980118 0.01113859558706597 -0.022905502483219015 -0.019135257408103238 -0.00065914470150771245 0.011468282068121623 0.0040325252970373196 0.0057905190845040019 -0.034262827133043045 -0.013121561545020297 0.01073752463168884 -0.01555984944120946 0.016185359278245454 -0.012545365040359859 0.0094570832924577176
leaf_weight=19.290921599301043 125.20605204717316 179.77424736971898 26.398173473517318 117.48448498091875 840.46795507460683 589.38192121051316 98.401365332568787 6.2999228929950268 19.969938973535307 93.643962798539292 102.57392784326703 48.487537744185829 126.93389500501507 27.687439522082059 7.8703915494770653 15.889262322452849 28.61199761388707 178.49992740408197 37.03077737206695 149.89153740883057 15.278238068276549 163.21931594751732
leaf_count=12548 96457 9108 70573 37803 88436 78980 300149 1623 103257 375346 25750 1627 1267 415 331 328 429 1737 888 3475 340 3324
internal_value=1.02289e-09 0.000529576 -0.0043473 0.00685028 0.00164602 -0.00174578 -0.0114786 -0.0155061 -0.00854765 -0.00987564 -0.00481316 -0.013614 0.00328603 0.00250385 -0.0102785 -0.02321 0.00303821 0.0034639 0.00230778 0.00300104 0.0129633 0.00124991
internal_weight=3018.29 2894.3 533.764 143.883 2360.54 769.156 123.992 104.701 389.881 369.911 276.268 151.061 1591.38 1464.45 51.4471 23.7597 1413 1384.39 1205.89 1168.86 165.17 1003.69
internal_count=1214191 899871 710813 108376 189058 88088 314320 301772 602437 499180 123834 27377 100970 99703 1074 659 98629 98200 96463 95575 3815 91760
is_linear=0
shrinkage=0.04


Tree=183
num_leaves=23
num_cat=0
split_feature=26 3 3 3 8 17 4 23 17 17 30 28 7 16 16 4 15 0 0 3 0 18
split_gain=11.0796 9.8125 35.0292 23.361 8.76116 10.3908 8.8523 8.40816 8.23186 18.298 9.23205 8.01772 8.78743 10.6295 7.72425 7.46906 7.60844 7.17925 7.03857 7.43524 6.8768 6.54248
threshold=0.30171613395214086 0.057607917115092284 0.0028937865281477575 0.025899167172610763 0.78884845972061168 9.2104907035827654 1.1016471982002261 2.5000000000000004 7.8667175769805917 7.439265489578248 2.9034062623977666 0.014931393321603538 0.08657569065690042 4.7505102157592782 4.9848062992095956 0.18564800918102267 5.1957268714904794 0.040049018338322646 0.015312681905925276 0.22120082378387454 0.05067845061421395 2.9063634872436528
decision_type=2 2 2 2 2 2 2 2 2 2 2 2 2 2 2 2 2 2 2 2 2 2
left_child=-1 2 4 -4 5 8 -6 -8 9 21 -11 17 20 -14 -5 18 -17 -3 -15 -20 -13 -2
right_child=1 11 3 14 6 -7 7 -9 -10 10 -12 12 13 15 -16 16 -18 -19 19 -21 -22 -23
leaf_value=-0.016554753859026487 0.0007878183253781215 -0.0096287990986685633 -0.035587376235542215 -0.015883407221328152 0.0042142398323923233 -0.025069018210572676 -0.023916665119060695 0.012024564718234262 0.0066890360633960746 -0.035639172187957195 0.0059500959078984507 0.015455959450242109 -0.007571937473984932 0.0051660827568648128 0.0047557705663478049 0.0029867211274361093 0.012122441936100042 0.0080118240085225896 -0.033565572250592639 0.0038036173043280402 -0.0083409341335865996 -0.01155441541646055
leaf_weight=53.333544788044037 332.02038562525513 131.78617415982967 65.567427657255621 45.852654080542266 701.92116186435214 23.197689184510182 24.965505346115151 7.7038079697240383 126.17240184688376 30.579679718619332 7.5636273794513036 134.12047075274245 137.43907945427384 22.786849140272579 53.138853821638008 783.19739916183278 172.74958341433694 41.423963164057568 14.80831515896921 10.159893856409097 16.031304088357047 76.30137754801558
leaf_count=247733 77425 33628 126145 22352 94341 24916 5707 714 59547 26879 4386 17076 64846 5468 20327 204785 24997 6433 5475 1965 3018 136028
internal_value=2.90903e-11 0.000353082 -0.00192034 -0.0187679 0.000287986 -0.00328605 0.00319213 -0.0146095 -0.00198849 -0.00453361 -0.0278693 0.0026711 0.00375917 0.00250307 -0.00538442 0.00394375 0.00474605 -0.00520294 -0.0101575 -0.0216203 0.0125531 -0.0017396
internal_weight=3012.82 2959.49 1494.98 164.559 1330.43 595.835 734.59 32.6693 572.637 446.465 38.1433 1464.5 1291.29 1141.14 98.9915 1003.7 955.947 173.21 47.7551 24.9682 150.152 408.322
internal_count=1214191 966458 598767 168824 429943 329181 100762 6421 304265 244718 31265 367691 327630 307536 42679 242690 229782 40061 12908 7440 20094 213453
is_linear=0
shrinkage=0.04


Tree=184
num_leaves=23
num_cat=0
split_feature=13 2 12 15 3 22 2 0 22 12 19 18 12 22 26 28 0 4 0 2 6 18
split_gain=11.5014 9.13007 8.98971 15.0555 8.46694 8.24257 7.49987 7.86091 6.68307 6.67736 12.5476 9.93465 7.67591 7.04934 6.61814 13.9014 13.7276 13.1959 8.075 7.8506 7.56005 7.08269
threshold=0.015134900342673065 0.23129058629274371 0.6602836847305299 4.7492611408233651 0.09343359619379045 42.500000000000007 0.050286956131458289 0.1408096253871918 45.500000000000007 0.10764531418681146 1.0000000180025095e-35 3.757416963577271 0.01842296123504639 41.500000000000007 0.97964814305305492 0.71719485521316539 0.13894943892955783 1.1016471982002261 0.18926121294498446 1.0000000180025095e-35 0.87881287932395946 0.31724691390991216
decision_type=2 2 2 2 2 2 2 2 2 2 2 2 2 2 2 2 2 2 2 2 2 2
left_child=1 4 3 9 -1 -5 7 -7 -6 10 13 12 -12 -2 15 21 19 -16 -18 20 -17 -4
right_child=2 -3 14 5 8 6 -8 -9 -10 -11 11 -13 -14 -15 17 16 18 -19 -20 -21 -22 -23
leaf_value=-0.017196475292681139 0.011508137065375641 0.017389450223568911 -0.0060189842968455644 -0.003257404138653509 -0.007853842081911656 -0.018168704648246225 0.022023829157821997 0.0170223607918649 0.020440084192142768 -0.014314538211250186 0.01795131458336215 -0.018919480741128484 -0.013367108810980058 -0.0091182948034006974 3.1894784578307429e-05 -0.018488712860966851 -0.015055296945849408 -0.021341316993768955 0.0077639962188763003 0.026261472892299 0.0185763185835295 0.0022230430101442327
leaf_weight=121.77732383173293 82.133520431110128 9.4985554003927728 176.23796079708973 68.131410896447164 25.28310119331843 13.519720096185099 53.39527140347252 8.1425692970421988 11.840500620322471 155.1357818539127 19.588577209285233 83.561602709821557 12.464653299419295 28.703707884970527 272.71930983506081 9.7737588215022679 24.436278769106138 45.642788932280382 79.313510221845718 85.504107944554562 5.9930166987469411 1616.209376966186
leaf_count=344842 61539 2612 17241 63183 15978 20353 18728 2332 3782 26813 6061 459067 1241 23376 1998 521 686 282 1302 1653 86 140515
internal_value=7.17421e-10 -0.00985273 0.000616614 -0.0040625 -0.0124143 0.00667938 0.0150217 -0.00374242 0.00359297 -0.00816098 -0.00351825 -0.0122539 0.00548986 0.00585394 0.00168983 0.00254486 0.0121596 -0.00358894 0.0015383 0.0219247 -0.00265846 0.00138377
internal_weight=3009.01 168.399 2840.61 524.777 158.901 143.189 75.0576 21.6623 37.1236 381.588 226.452 115.615 32.0532 110.837 2315.83 1997.47 205.021 318.362 103.75 101.271 15.7668 1792.45
internal_count=1214191 367214 846977 682693 364602 104596 41413 22685 19760 578097 551284 466369 7302 84915 164284 162004 4248 2280 1988 2260 607 157756
is_linear=0
shrinkage=0.04


Tree=185
num_leaves=23
num_cat=0
split_feature=13 12 15 2 22 26 28 4 0 18 2 2 0 12 31 31 7 28 31 17 6 6
split_gain=10.5293 8.8993 15.0705 8.19447 8.15756 7.47338 14.1442 13.9451 11.985 8.25724 11.7928 7.32898 8.2459 6.86129 15.1904 12.4486 6.60333 6.86601 6.89855 6.46671 6.61201 11.4455
threshold=0.015134900342673065 0.6602836847305299 4.7492611408233651 0.23129058629274371 42.500000000000007 0.97964814305305492 0.71719485521316539 1.1016471982002261 0.13894943892955783 1.6907935142517092 0.094113882631063475 0.050286956131458289 0.1408096253871918 0.10764531418681146 2.7706317901611333 8.9077382087707537 0.52799740433692943 0.32158885896205908 7.7612791061401376 7.4963750839233407 0.66000041365623485 1.1022899150848391
decision_type=2 2 2 2 2 2 2 2 2 2 2 2 2 2 2 2 2 2 2 2 2 2
left_child=3 2 13 -1 -4 6 16 -7 -8 -10 -11 12 -6 14 -2 -16 -3 -18 -19 -20 -21 -22
right_child=1 5 4 -5 11 7 8 -9 9 10 -12 -13 -14 -15 15 -17 17 18 19 20 21 -23
leaf_value=-0.011918311275489507 0.0063087817775066583 -4.0704569963704551e-05 -0.0032791857764733058 0.016346484982260882 -0.018414353628289106 -0.0001593203452444766 0.021402453878080843 -0.021848400031880405 0.011961390920683719 -0.027356688698369477 0.0068111198411745779 0.021764257589262089 0.017481689130778667 -0.014376099758366996 -0.019713690909719594 0.010902270107978089 0.014915353823699691 0.0096247215656780159 -0.0063899460566823807 0.014351195083702823 -0.02803357528098584 0.010103460461690446
leaf_weight=157.2780056420346 117.33900969321888 1331.9683442870969 67.830709230792422 9.513027502298085 13.624233690000439 273.42105735873838 101.23171338891552 47.423488657514099 54.296854598331265 18.850094374880427 29.836105025362485 54.067749445281379 8.3115755143105599 155.95659253405302 88.794851530056008 20.106519533255153 88.223027187828848 139.19970429579553 144.78676294047909 54.950701503013988 11.231355754222021 22.265103790326975
leaf_count=364602 88262 147417 63183 2612 20353 1998 2260 282 721 710 557 18728 2332 26813 363324 99698 2436 1598 4060 1327 510 408
internal_value=8.56092e-10 0.000586851 -0.00406241 -0.00947278 0.00665819 0.00165499 0.00256724 -0.00392863 0.0122858 0.00222303 -0.00882515 0.0148771 -0.00359808 -0.00816385 -0.00345423 -0.0136195 0.0013981 0.00547082 0.00290206 -0.00134093 0.00673375 -0.00618905
internal_weight=3010.51 2843.72 526.031 166.791 143.834 2317.68 1996.84 320.845 204.215 102.983 48.6862 76.0036 21.9358 382.197 226.24 108.901 1792.62 460.657 372.434 233.234 88.4472 33.4965
internal_count=1214191 846977 682693 367214 104596 164284 162004 2280 4248 1988 1267 41413 22685 578097 551284 463022 157756 10339 7903 6305 2245 918
is_linear=0
shrinkage=0.04


Tree=186
num_leaves=23
num_cat=0
split_feature=8 4 26 14 12 9 29 22 26 6 14 28 31 5 3 15 22 8 5 17 7 28
split_gain=11.2058 13.2582 11.0361 12.1041 10.3576 8.18711 12.4184 9.19362 9.852 10.2267 8.55083 9.5983 10.0905 10.9364 8.28089 7.96466 7.30339 6.88343 7.09807 7.41708 7.01537 6.51651
threshold=0.9234740436077119 1.1016471982002261 0.97964814305305492 3.9034924507141118 0.6602836847305299 0.70834773778915416 0.74482351541519176 46.500000000000007 0.97964814305305492 0.45380291342735296 2.5620021820068364 0.21524738520383838 7.8121080398559579 1.0041531920433047 0.24624607712030414 5.3302974700927743 15.500000000000002 0.80703139305114757 0.81544783711433422 8.8415904045104998 0.65954312682151806 0.71719485521316539
decision_type=2 2 2 2 2 2 2 2 2 2 2 2 2 2 2 2 2 2 2 2 2 2
left_child=4 -2 -3 -4 -1 6 10 8 14 -10 11 12 15 -14 -8 16 -6 18 -12 20 -20 -5
right_child=1 2 3 21 5 -7 7 -9 9 -11 17 -13 13 -15 -16 -17 -18 -19 19 -21 -22 -23
leaf_value=-0.010169092983041573 0.0032491995047352075 0.0039728332267675373 0.0066744504642881897 -0.0033802891165196814 0.012117601005782914 0.0060935881882136292 0.011885474186364764 0.024198524619944383 -0.03215233500752894 0.0073881586791172309 0.0015244242442878145 0.0023406345292242433 -0.019123339210636206 0.0099797133670258519 -0.01987118813611018 0.015824875224430358 -0.0072367732035883538 0.0076754793834569344 -0.029407234372180003 0.0074143751073730384 0.0021086335090079815 -0.040594016432439636
leaf_weight=228.45148749573787 1487.902159600224 38.905012422436357 13.61182209986873 11.985294240344954 27.498185157849775 203.60572764766493 88.197066665983584 30.540201925876318 13.646382639359219 13.315560046117751 25.383460251818178 332.40862339111629 122.71406231911033 18.032581793221198 5.9750961958779945 25.975692306477299 194.85101468641051 15.661184071068417 68.884171453697491 8.3172091293963586 11.695258175088382 25.99565911708487
leaf_count=579498 226820 16367 453 77 11590 11605 1882 293 103 76 1296 54942 154592 2156 186 11485 134473 435 4925 420 307 210
internal_value=8.83457e-10 0.0023189 -0.0117777 -0.0223716 -0.00254876 -0.00103436 -0.00252704 0.0076862 0.00199526 -0.015909 -0.00441456 -0.00261865 -0.00680815 -0.01498 0.00815645 -0.00177591 -0.00442469 -0.0134864 -0.0167707 -0.0216206 -0.0251052 -0.0320028
internal_weight=3013.55 1578.4 90.4978 51.5928 1435.15 1206.7 1003.1 151.674 121.134 26.9619 851.421 721.48 389.072 140.747 94.1722 248.325 222.349 129.941 114.28 88.8966 80.5794 37.981
internal_count=1214191 243927 17107 740 970264 390766 379161 2540 2247 179 376621 369238 314296 156748 2068 157548 146063 7383 6948 5652 5232 287
is_linear=0
shrinkage=0.04


Tree=187
num_leaves=23
num_cat=0
split_feature=13 12 3 4 26 7 31 31 12 15 2 5 15 28 4 28 0 16 7 16 1 15
split_gain=10.4347 8.6678 8.58267 8.09188 17.3694 11.9577 7.88672 14.3391 9.56628 8.40055 7.29518 7.24144 7.19639 7.28586 7.0386 7.93825 9.18874 6.65488 6.57486 7.67186 6.8193 6.50287
threshold=0.015134900342673065 0.27862021327018743 0.099393323063850417 1.1016471982002261 0.97964814305305492 0.80224251747131359 8.9077382087707537 3.4334666728973393 0.10764531418681146 4.2972624301910409 0.13494802266359332 1.3918756246566775 2.9700856208801274 0.50766724348068248 0.6317899525165559 0.71719485521316539 0.21484670788049701 4.8518676757812509 0.53438067436218273 4.973945379257203 0.35029962658882147 4.8162329196929941
decision_type=2 2 2 2 2 2 2 2 2 2 2 2 2 2 2 2 2 2 2 2 2 2
left_child=2 6 10 5 -5 14 7 8 -2 -10 -1 -6 13 -7 15 18 17 -17 -3 20 -20 -9
right_child=1 3 -4 4 11 12 -8 21 9 -11 -12 -13 -14 -15 -16 16 -18 -19 19 -21 -22 -23
leaf_value=-0.017695383849353877 0.0046693210482359349 -0.00028134926610589477 0.0062316696919028011 0.007782696463004132 0.00039856764034461946 -0.016007703166377805 0.012750772324756751 -0.022448600879873503 -0.02405499073247528 0.0029304142533758976 0.0070544679334819593 -0.031161327869896539 0.011240632688797604 0.0055447644640438873 -0.0071336607724956178 -0.0060562115908837635 -0.015999533676508967 0.019793854139988069 0.0081153281117852683 0.013051749375933357 -0.011540114609823801 -0.00023930710630528688
leaf_weight=111.2249173140624 155.24811710456987 1509.7976217821506 37.121137652087214 46.367502922163112 15.164394938823532 26.041635916059022 26.887599390362197 88.467191166952318 33.047177220258163 28.90261832404849 17.023955342001841 36.6421045899624 294.06340987660951 72.885755993455859 161.1063604046285 14.555392608439432 8.9194252213928831 78.990227304173459 47.672951507425751 126.04992311315436 45.599401278355799 27.120825708669031
leaf_count=339416 108946 167981 18730 1078 66 705 117589 364915 8467 2861 9068 227 2589 854 3646 706 271 1732 1323 2996 1160 58865
internal_value=7.65519e-10 0.00058203 -0.00947048 0.0014274 -0.0092879 0.00190528 -0.00513667 -0.00691171 -0.000659787 -0.0128075 -0.0141374 -0.0233535 0.00819002 -0.00107743 0.000631119 0.00134914 0.0116485 0.0155752 0.000675346 0.00698624 -0.00168088 -0.0176715
internal_weight=3008.9 2843.53 165.37 2483.86 98.174 2385.68 359.674 332.786 217.198 61.9498 128.249 51.8065 392.991 98.9274 1992.69 1831.58 102.465 93.5456 1729.12 219.322 93.2724 115.588
internal_count=1214191 846977 367214 185334 1371 183963 661643 544054 120274 11328 348484 293 4148 1559 179815 176169 2709 2438 173460 5479 2483 423780
is_linear=0
shrinkage=0.04


Tree=188
num_leaves=23
num_cat=0
split_feature=8 28 9 6 18 17 6 28 8 1 6 5 3 3 16 1 5 28 4 8 16 22
split_gain=10.691 8.65087 12.2717 9.89551 7.59559 8.15518 6.88964 7.61712 10.7747 8.47918 6.49545 6.75255 6.48008 25.8094 9.09614 8.85988 7.483 7.96546 8.674 7.29164 6.85847 6.54795
threshold=0.48819254338741308 0.30760459601879125 0.38907641172409063 0.14937672764062884 2.4138631820678715 7.0084948539733896 0.36827974021434789 0.36051210761070257 0.29611317813396459 0.55805280804634105 1.1913692355155947 0.78245833516120922 0.059583939611911781 1.0000000180025095e-35 4.9611988067626962 0.85949066281318676 1.0766779780387881 0.014931393321603538 1.1016471982002261 0.54250535368919384 4.9919676780700692 49.500000000000007
decision_type=2 2 2 2 2 2 2 2 2 2 2 2 2 2 2 2 2 2 2 2 2 2
left_child=1 2 3 4 5 -1 -3 -8 -9 -10 11 -4 13 21 -14 19 -16 -18 20 -15 -19 -2
right_child=12 6 10 -5 -6 -7 7 8 9 -11 -12 -13 14 15 16 -17 17 18 -20 -21 -22 -23
leaf_value=0.0025512451860456148 0.00047694500881521797 0.0058259526293317036 0.01128243030075452 -0.02239164552509362 -0.01913848008668859 -0.013383322736108273 0.011754479482215575 0.0050884774293031825 -0.024241144104607499 0.002858641973168412 -0.010588618835904165 -0.018627571847904107 -0.00085985257947525969 0.0071986986482665627 0.013139767094495007 0.01316845506958926 -0.012532445617267979 0.015173104522388226 -0.014076590961601956 -0.023147837408212881 0.0034700552891426127 0.011639475759206618
leaf_weight=141.56166007729988 901.1081963488225 193.47870660190802 90.985779973384638 84.569807855351598 52.196385432099675 68.541158735965155 25.948660489020426 49.378782001193827 59.15292947850412 22.551424290348336 31.2513711588565 4.6126460786698535 428.31336466673918 9.6520285744329026 188.50495081606448 7.3644933535856572 34.683263273858984 104.74113181976054 25.170090211851175 104.44197645921014 295.88696918796245 82.853919001440545
leaf_count=121079 192806 149796 33453 102002 117331 80676 13877 29984 44666 11526 11132 4207 98524 10415 46354 686 6503 10067 4972 57665 53189 13281
internal_value=9.023e-10 -0.00385403 -0.00732247 -0.0111312 -0.00681168 -0.00301891 0.000906685 -0.00514027 -0.00908079 -0.0172652 0.00314485 0.00821193 0.00146628 -0.000684614 0.00365932 -0.0173359 0.00660965 0.00371398 0.00529454 -0.0202074 0.00682473 0.00152452
internal_weight=3006.95 824.229 473.719 346.869 262.299 210.103 350.511 157.032 131.083 81.7044 126.85 95.5984 2182.72 1105.42 1077.3 121.458 648.986 460.481 425.798 114.094 400.628 983.962
internal_count=1214191 719729 469880 421088 319086 201755 249849 100053 86176 56192 48792 37660 494462 274853 219609 68766 121085 74731 68228 68080 63256 206087
is_linear=0
shrinkage=0.04


Tree=189
num_leaves=23
num_cat=0
split_feature=26 3 3 3 14 22 6 0 27 2 16 12 17 13 28 29 22 16 15 29 30 4
split_gain=10.2549 8.68996 31.4924 21.9182 7.44439 7.37423 8.51533 15.035 11.4964 14.0295 8.65871 8.28153 7.8697 6.9679 6.93985 8.34896 8.34161 8.30613 7.11005 6.82913 6.67239 6.97783
threshold=0.30171613395214086 0.057607917115092284 0.0028937865281477575 0.025899167172610763 1.1629040241241457 49.500000000000007 0.17847978323698047 0.0082413177005946654 0.041421769186854369 0.058526601642370231 4.8857793807983407 0.6772570312023164 8.4124989509582537 0.037250973284244544 0.014931393321603538 1.0000000180025095e-35 27.500000000000004 4.7505102157592782 5.1957268714904794 0.7292098104953767 2.7071197032928471 0.28531040251255041
decision_type=2 2 2 2 2 2 2 2 2 2 2 2 2 2 2 2 2 2 2 2 2 2
left_child=-1 2 4 -4 -2 6 8 -8 9 12 -10 -9 -6 -12 -3 16 -16 -17 -19 20 21 -7
right_child=1 14 3 -5 5 19 7 11 10 -11 13 -13 -14 -15 15 17 -18 18 -20 -21 -22 -23
leaf_value=-0.016112905031738078 -0.016312925336045635 -0.0048357965684975744 -0.034597035400895766 -0.0050278466265255397 0.0057338964839771861 0.0071357272507179539 -0.020125889138151463 -0.01077672695231818 0.0081962562451584151 0.021951717333671922 0.011649055601828683 0.0012204350645914506 -0.018056200559836116 -0.0088703483703914295 0.022815596998669051 -0.0066896013362592235 0.0035774217258719549 0.001941490445115153 0.010499180196146041 0.025598355443963577 0.016906342795755393 -0.018098070149363887
leaf_weight=51.902818306272366 31.962602962620622 171.98824960288812 63.132901548016775 97.941403832213041 139.83040459190863 30.018897533350469 64.184862043251883 102.91899545222918 87.304728210109147 85.57922986086669 21.914866603731411 490.40645172998438 16.250947678951434 181.47915425517226 57.979928229545976 134.4050697888531 86.506125109053528 828.02765465160849 183.30285156386492 24.201041408636229 26.374268442739549 22.197725175055552
leaf_count=247733 78718 40061 126145 42679 38783 6930 26655 134351 22758 12245 9712 36314 9948 40138 6089 65048 13187 216264 27042 1371 4339 7681
internal_value=1.72559e-09 0.000337211 -0.00181138 -0.0179623 0.000272447 0.00080462 -0.000120968 -0.00314485 0.00360291 0.00986745 -0.00175982 -0.00100474 0.00231886 -0.00621718 0.00251779 0.00352769 0.0122745 0.00232798 0.00358018 0.0105796 0.00358731 -0.0047761
internal_weight=2999.81 2947.91 1485.7 161.074 1324.62 1292.66 1189.87 657.51 532.359 241.661 290.699 593.325 156.081 203.394 1462.21 1290.22 144.486 1145.74 1011.33 102.792 78.5909 52.2166
internal_count=1214191 966458 598767 168824 429943 351225 330904 197320 133584 60976 72608 170665 48731 49850 367691 327630 19276 308354 243306 20321 18950 14611
is_linear=0
shrinkage=0.04


Tree=190
num_leaves=23
num_cat=0
split_feature=8 7 12 17 4 5 9 6 1 2 22 6 28 15 15 3 24 3 3 13 16 2
split_gain=9.67737 7.65824 11.2195 8.64288 8.08935 7.03283 8.39399 7.09321 10.053 10.3168 8.30338 8.18155 8.08434 7.25212 7.09988 7.66617 6.04341 5.90719 23.7971 9.80647 7.83503 6.98335
threshold=0.48819254338741308 0.51831004023551952 0.71133798360824596 8.4124989509582537 1.1168596148490908 0.83847713470458995 0.36630125343799597 0.15688692033290866 0.02065281663089991 0.0017901047831401231 15.500000000000002 1.0000000180025095e-35 0.32435540854930883 6.661853790283204 1.0000000180025095e-35 0.16989417374134066 1.0000000180025095e-35 0.059583939611911781 1.0000000180025095e-35 0.9600382149219514 4.9445254802703866 0.14252918958663943
decision_type=2 2 2 2 2 2 2 2 2 2 2 2 2 2 2 2 2 2 2 2 2 2
left_child=1 2 -1 4 16 6 7 8 10 -10 -4 -11 13 -9 -12 -16 -3 18 -2 -20 21 -19
right_child=17 3 5 -5 -6 -7 -8 12 9 11 14 -13 -14 -15 15 -17 -18 20 19 -21 -22 -23
leaf_value=-0.01781114342552572 0.0014517662118549877 -0.001135422350482378 0.010307249870922663 -0.018448080413180558 -0.012122333823007899 -0.02401235375199471 0.0049735915346524511 -0.025872461938886829 0.012574146225596232 -0.016582229418934984 0.010661167299255854 0.0081997556242635137 -8.0260977101208422e-07 0.010112144465916363 -0.024179812695132613 -0.00022510863315861545 0.017556313299856949 -0.0042668879640954064 -0.032495736601266943 -0.0078359951861773497 0.0059929186236559028 0.0077216078083064176
leaf_weight=91.37505789921795 983.36988072712211 38.816005707059276 19.270572448525286 13.785160645679637 19.270171598745378 15.18430072717001 168.17946751190993 57.492708036446743 93.264503641857118 41.173573274634464 9.6538554427416994 28.476353606782595 42.279942300558787 4.9645455290649343 67.867391662513114 29.724569065869218 77.357520987308249 283.29788790888222 33.804046919739676 86.09580306303792 693.72437885025477 95.935681175989885
leaf_count=332338 206087 10977 12875 7187 7214 2297 25216 54844 41465 21885 11411 16517 6643 726 136397 7841 23896 73493 46170 22596 128826 17290
internal_value=9.27896e-10 -0.00368246 -0.00550033 0.0042997 0.00772413 -0.00328255 -0.00231305 -0.00546818 -0.00205437 0.0044264 -0.0101126 -0.00669273 -0.0139006 -0.0220113 -0.0143479 -0.0175827 0.011716 0.0013949 -0.000659598 -0.0167548 0.00349403 -0.00111366
internal_weight=2994.36 818.136 668.907 149.229 135.444 577.532 562.347 394.168 289.431 162.914 126.516 69.6499 104.737 62.4573 107.246 97.592 116.174 2176.23 1103.27 119.9 1072.96 379.234
internal_count=1214191 719729 670455 49274 42087 338117 335820 310604 248391 79867 168524 38402 62213 55570 155649 144238 34873 494462 274853 68766 219609 90783
is_linear=0
shrinkage=0.04


Tree=191
num_leaves=23
num_cat=0
split_feature=26 3 3 3 14 22 12 6 2 18 6 27 1 5 8 18 15 15 31 13 27 4
split_gain=9.85598 8.20376 29.812 21.2389 7.01524 7.10602 7.81941 9.29594 8.64427 7.5529 7.87559 9.55797 8.31057 7.98078 11.5121 7.63468 7.35153 9.40314 7.35866 7.33928 7.32787 6.85551
threshold=0.30171613395214086 0.057607917115092284 0.0028937865281477575 0.025899167172610763 1.1629040241241457 49.500000000000007 0.6772570312023164 0.90519955754280101 0.024774684570729736 0.29086543619632726 0.16388985514640811 0.062157308682799346 0.48757039010524755 1.3828961253166201 0.5132485330104829 0.055232372134923942 4.7749040126800546 4.3372693061828622 8.9077382087707537 0.20544648170471194 0.50818231701850902 0.8610714077949525
decision_type=2 2 2 2 2 2 2 2 2 2 2 2 2 2 2 2 2 2 2 2 2 2
left_child=-1 2 4 -4 -2 6 7 8 20 15 -11 12 -12 14 -13 -8 17 18 -15 -17 -6 -7
right_child=1 -3 3 -5 5 21 9 -9 -10 10 11 13 -14 16 -16 19 -18 -19 -20 -21 -22 -23
leaf_value=-0.015906563805664506 -0.015868151664758901 0.0024478546931507418 -0.034206842642539946 -0.0048945634790362033 -0.024292463493344796 0.0038175065847609081 -2.6239860868077094e-05 -0.025061463549622381 0.0017334101162768264 0.0069619932207473515 -0.017262038544335865 -0.0053104636734441681 0.013424539962153609 -0.016660228519394995 0.011145799752046706 0.0048819759632813091 -0.021615732990237252 0.017500998704954012 0.0045350913486888623 -0.031815984144989914 0.0072474740772115543 0.026549602182839267
leaf_weight=51.062804842398691 31.832600288956655 1460.7348453472353 61.488327809893121 97.56655718936679 33.90902891583778 82.402110504352322 60.916739974443772 27.319965611353382 152.24550356592977 369.86555839463654 70.167144810459376 96.139194189770478 9.4048007183009741 45.458560529688839 188.28025615544448 8.8018770390958725 25.717611044063233 23.934375034354161 43.279278840316692 21.205296119334889 10.89401759245129 20.853960630508709
leaf_count=247733 78718 367691 126145 42679 55294 19092 5921 40477 130852 47160 14941 19309 88 720 6078 1791 382 202 763 1857 5069 1229
internal_value=-1.10917e-09 0.000328983 -0.00176234 -0.0175794 0.00025741 0.000774017 -0.000137839 -0.0066958 -0.00306204 0.00144293 0.00261504 -0.000658703 -0.0125413 0.00181567 0.00559183 -0.00894632 -0.00579893 -0.000720949 -0.00691048 -0.0225219 -0.0167003 0.0103474
internal_weight=2993.48 2942.42 1481.68 159.055 1322.63 1290.8 1187.54 224.369 197.049 963.171 872.247 502.381 79.5719 422.809 284.419 90.9239 138.39 112.672 88.7378 30.0072 44.803 103.256
internal_count=1214191 966458 598767 168824 429943 351225 330904 231692 191215 99212 89643 42483 15029 27454 25387 9569 2067 1685 1483 3648 60363 20321
is_linear=0
shrinkage=0.04


Tree=192
num_leaves=23
num_cat=0
split_feature=26 3 3 3 14 26 1 12 28 7 4 22 0 22 12 6 18 6 0 29 18 2
split_gain=9.53291 8.16036 29.7015 21.0621 6.78943 6.55311 7.32204 6.9673 6.43169 8.16083 7.61959 7.03271 6.71617 6.24689 7.31805 7.51994 7.48459 7.40079 9.57899 9.44982 7.40062 7.23026
threshold=0.30171613395214086 0.057607917115092284 0.0028937865281477575 0.025899167172610763 1.1629040241241457 0.80383363366127025 0.85949066281318676 0.6772570312023164 0.014931393321603538 1.0000000180025095e-35 0.17576890438795092 27.500000000000004 0.015312681905925276 49.500000000000007 0.6772570312023164 0.90519955754280101 0.29086543619632726 0.16388985514640811 0.0082413177005946654 0.80035147070884716 0.055232372134923942 0.055827483534812934
decision_type=2 2 2 2 2 2 2 2 2 2 2 2 2 2 2 2 2 2 2 2 2 2
left_child=-1 2 4 -4 -2 7 -7 -5 -3 11 12 -10 -11 14 15 21 20 19 -19 -18 -16 -6
right_child=1 8 3 5 13 6 -8 -9 9 10 -12 -13 -14 -15 16 -17 17 18 -20 -21 -22 -23
leaf_value=-0.015714590506858216 -0.015662588209542219 -0.0046474079225394668 -0.034209474722759932 -0.018161663659189954 -0.012061871178035652 -0.0222707798440024 0.011966498709479516 0.009958343692997083 0.021697227153547761 0.0022879299093349838 0.0029556760712529575 0.0039298170778166077 -0.023920987638053007 0.0097320895587212197 -0.00010817679523413754 -0.023279197362271874 0.0089132189473071066 -0.015231588824541458 0.001433392015289172 -0.010820528069068063 -0.022245166049227345 0.0029023474371925261
leaf_weight=50.522941625640669 31.582928630797596 171.83431155171934 61.047233638002353 8.7736255321856316 76.574927225718625 33.623109617849877 6.0650403971367259 49.036866340568395 58.429990462226669 26.85393724156404 1094.618938967526 86.085981980521183 22.83489924304024 103.27501145218207 61.003449710686255 26.235944897176978 335.39882878525759 52.761181203254637 448.06406324008276 35.218791775692807 30.118255416264674 120.8279487473784
leaf_count=247733 78718 40061 126145 25056 98788 1763 107 15753 6089 6683 293463 13187 8208 20321 5921 40477 46559 8140 34343 601 3648 92427
internal_value=-7.14577e-10 0.000322375 -0.00176554 -0.0175787 0.000250067 -0.00495196 -0.0156834 0.00364175 0.002435 0.00340779 0.00222105 0.0120527 -0.0117463 0.000757343 -9.88564e-05 -0.0064548 0.00142905 0.00259796 -0.000586046 0.00680295 -0.00890134 -0.00320414
internal_weight=2990.79 2940.27 1479.61 158.546 1321.06 97.4986 39.6882 57.8105 1460.66 1288.82 1144.31 144.516 49.6888 1289.48 1186.2 223.639 962.565 871.443 500.825 370.618 91.1217 197.403
internal_count=1214191 966458 598767 168824 429943 42679 1870 40809 367691 327630 308354 19276 14891 351225 330904 231692 99212 89643 42483 47160 9569 191215
is_linear=0
shrinkage=0.04


Tree=193
num_leaves=23
num_cat=0
split_feature=26 3 3 3 8 9 18 29 17 17 17 30 26 2 26 5 18 26 1 12 22 27
split_gain=9.11492 7.77836 28.399 18.5965 6.7734 9.12957 10.3401 10.6573 8.64892 7.61843 15.6714 7.99491 7.56615 7.98277 6.89023 10.623 6.34321 6.18463 7.18168 6.64678 5.88374 9.5536
threshold=0.30171613395214086 0.057607917115092284 0.0028937865281477575 0.025899167172610763 0.78884845972061168 0.66852933168411266 1.9883807301521303 0.37358400225639349 9.2104907035827654 7.8667175769805917 7.439265489578248 2.9034062623977666 0.84051188826560985 0.060243405401706702 0.86758989095687877 1.1824326515197756 2.9063634872436528 0.80383363366127025 0.85949066281318676 0.6772570312023164 49.500000000000007 0.041421769186854369
decision_type=2 2 2 2 2 2 2 2 2 2 2 2 2 2 2 2 2 2 2 2 2 2
left_child=-1 2 4 -4 8 14 12 -8 9 10 16 -12 -7 -14 20 -16 -2 19 -19 -5 21 -6
right_child=1 -3 3 17 5 6 7 -9 -10 -11 11 -13 13 -15 15 -17 -18 18 -20 -21 -22 -23
leaf_value=-0.015442962733555077 0.00083454102139902736 0.0023769530599124138 -0.033174511227958454 -0.018229913831690314 0.0072935790347080798 -0.014211295420464249 0.0074658067057386326 -0.024913178998982696 -0.023266041963044798 0.0066468086596531625 -0.033868548572614933 0.0052688479798154208 0.020225063220644685 -0.003899687937907128 0.028711428555502343 0.0061151701850711629 -0.011415269968026583 -0.02222188803894171 0.011754206960401399 0.0091800846668464477 0.014886898597922802 -0.0067475499230122069
leaf_weight=49.933585363142356 327.87826447980683 1459.7776001400232 59.385385691105739 8.7623690046489155 125.80285222589293 20.632372248917818 17.253760399925454 48.216879767089949 21.79240397560261 123.94846819555164 28.615030778482947 7.5566213568984031 36.41825511562638 36.485063085390721 31.735010669271105 214.2955040106599 74.843606134212109 34.046601273304077 6.0300900786505727 49.395165172191355 34.115342468923927 170.84367400661768
leaf_count=247733 77425 367691 126145 25056 23001 715 6821 19307 24916 59547 26879 4386 213 364 149 3927 136028 1763 107 15753 4998 41267
internal_value=-1.51853e-09 0.000313976 -0.00172578 -0.0172354 0.000241232 0.00277845 -0.00547132 -0.0165216 -0.00294504 -0.00176583 -0.0042368 -0.026322 0.00311206 0.00913757 0.00510718 0.0100374 -0.00166344 -0.00542491 -0.0157833 0.00298157 0.00125301 -0.000749276
internal_weight=2987.76 2937.83 1478.05 157.62 1320.43 735.799 159.006 65.4706 584.634 562.842 438.894 36.1717 93.5357 72.9033 576.792 246.031 402.722 98.2342 40.0767 58.1575 330.762 296.647
internal_count=1214191 966458 598767 168824 429943 100762 27420 26128 329181 304265 244718 31265 1292 577 73342 4076 213453 42679 1870 40809 69266 64268
is_linear=0
shrinkage=0.04


Tree=194
num_leaves=23
num_cat=0
split_feature=12 15 22 15 28 22 27 28 26 26 4 2 15 28 0 18 29 8 0 29 22 4
split_gain=9.06607 13.1988 8.12689 7.37598 7.3344 10.7702 8.36642 7.30171 17.133 9.99543 10.1438 8.28989 11.0926 8.22638 11.7757 10.9251 9.98618 9.07795 8.8932 7.20097 6.84521 10.0977
threshold=0.6602836847305299 4.7492611408233651 42.500000000000007 4.9522936344146737 0.46338747441768652 36.500000000000007 0.57838574051857006 0.11007575318217279 0.78973713517189037 0.97964814305305492 1.1016471982002261 0.0030456351814791565 1.4978661537170412 0.71719485521316539 0.13020760565996173 1.6907935142517092 0.14922130107879641 0.38115957379341131 0.2708453238010407 0.65290123224258434 29.500000000000004 0.72339665889740001
decision_type=2 2 2 2 2 2 2 2 2 2 2 2 2 2 2 2 2 2 2 2 2 2
left_child=1 4 3 -3 5 -1 -7 8 -2 13 -11 12 -10 16 17 -16 -9 -15 -17 -4 21 -18
right_child=7 2 19 -5 -6 6 -8 9 11 10 -12 -13 -14 14 15 18 20 -19 -20 -21 -22 -23
leaf_value=-0.0035169502745990046 -0.0059191930438968286 0.01348986921551735 0.0014679122499418299 -0.011462152319933463 -0.0029129009703700247 -0.026112841838302821 0.0074333718715396957 0.012043331440313958 0.018227689383823038 -0.0007767590525984999 -0.019149558427990942 0.01795908907645909 -0.023736577722121944 -0.010179607765570533 0.012309421764288878 -0.022314070363386822 -0.0078817095244597037 0.023947943879851212 0.0066353043081392093 0.024851795505064694 0.0027510557092132043 0.011692320656715842
leaf_weight=93.87505414412098 483.22464801650381 17.771004159508408 42.548351953753894 52.339094982157746 207.82284660113575 87.631928376483529 9.1678888975403634 141.8716437149908 8.2280232900520804 262.6581167548602 49.115012930502417 72.179529164932319 13.699604063149307 8.6565103540997352 60.742865219230225 29.87452272471819 221.81572171653693 88.732172325260763 23.263680341449799 34.522594375198992 931.9192156526567 42.285973994479718
leaf_count=217602 278961 14368 39287 59677 266067 187130 8471 21311 206 1677 286 710 1197 823 787 1108 34738 1515 298 8276 68537 1159
internal_value=-4.12711e-10 -0.00461255 0.00536763 -0.00424307 -0.00833979 -0.0138148 -0.0225372 0.0010469 -0.00285003 0.00226465 -0.00417628 0.0119644 -0.00721296 0.00357937 0.0107393 0.00162862 0.00237745 0.020249 -0.0105966 0.0135935 0.00114054 -0.00443543
internal_weight=2983.95 545.679 147.181 70.1101 398.498 190.675 96.7998 2438.27 577.332 1860.94 311.773 94.1072 21.9276 1549.16 211.27 113.881 1337.89 97.3887 53.1382 77.0709 1196.02 264.102
internal_count=1214191 800878 121608 74045 679270 413203 195601 413313 281074 132239 1963 2113 1403 130276 4531 2193 125745 2338 1406 47563 104434 35897
is_linear=0
shrinkage=0.04


Tree=195
num_leaves=23
num_cat=0
split_feature=8 17 13 12 17 5 17 4 27 6 27 17 26 14 27 27 2 27 16 31 3 18
split_gain=9.07529 9.29099 8.61189 7.64848 8.92157 6.54193 9.09272 8.34663 7.97772 8.211 10.3607 7.7676 8.70664 8.23108 5.51344 7.4763 8.17874 10.4659 8.11249 7.50712 6.53501 8.66292
threshold=0.9234740436077119 9.3968939781188983 0.15816279500722888 0.27862021327018743 7.6011524200439462 1.1192067265510561 8.4767880439758319 1.1016471982002261 0.5018637776374818 0.54421856999397289 0.60283562541008007 7.8667175769805917 0.86758989095687877 2.6985951662063603 0.27807185053825384 0.44097498059272772 0.10200152173638345 0.58626663684844982 4.9036273956298837 7.2631113529205331 0.15294896811246875 2.966698527336121
decision_type=2 2 2 2 2 2 2 2 2 2 2 2 2 2 2 2 2 2 2 2 2 2
left_child=1 2 -1 4 -4 6 11 -7 -9 -10 -11 12 -2 -13 -5 18 17 -17 19 -16 21 -18
right_child=5 -3 3 14 -6 7 -8 8 9 10 -12 13 -14 -15 15 16 20 -19 -20 -21 -22 -23
leaf_value=-0.0094405611265489398 0.0018261311286058624 -0.017506146122043618 -0.017554609635427917 -0.0014722833420364526 0.0038104525165962694 0.00183019160063251 -0.012398052436099063 -0.023423860553686879 0.013762977844110121 0.014978383422749502 -0.026414920572091743 0.031810195643435221 0.023331074101243285 -0.011418824389248161 0.010988436793434104 -0.007759191840577718 -0.027909775612911632 0.012270966577612818 0.014540739742939846 -0.016610078150801552 0.0039471652475443946 0.010545872037563861
leaf_weight=183.40284499976156 141.4038473538742 51.790836157446165 71.692045592977138 655.2445719386551 45.755123155369574 1261.8672239766927 22.139019624190723 32.280870112189632 25.155224059496959 7.0177543540621654 17.573737521363455 31.179563638615718 28.995144228752906 3.2411883373260926 20.345416341137025 61.803581585361826 31.359839491546154 92.126963770395378 140.98583336530282 23.682646966819448 23.026415398868266 6.3848634705864233
leaf_count=406095 24797 62318 276118 107609 103056 194242 5914 8600 2286 1268 4104 2308 203 205 774 2764 910 1877 5845 2191 522 185
internal_value=1.53044e-09 -0.00232386 -0.00161998 -0.000327093 -0.0095853 0.00208388 0.00821473 0.000995469 -0.010649 0.000173749 -0.0136872 0.0109162 0.00657588 0.0260854 0.000783938 0.00442817 -0.000690389 0.00424606 0.0100989 -0.00418343 -0.0120274 -0.0205583
internal_weight=2978.45 1407.6 1355.81 1172.41 117.447 1570.85 226.959 1343.89 82.0276 49.7467 24.5915 204.82 170.399 34.4208 1054.96 399.716 214.702 153.931 185.014 44.0281 60.7711 37.7447
internal_count=1214191 970264 907946 501851 379174 243927 33427 210500 16258 7658 5372 27513 25000 2513 122677 15068 6258 4641 8810 2965 1617 1095
is_linear=0
shrinkage=0.04


Tree=196
num_leaves=23
num_cat=0
split_feature=12 15 22 30 14 14 4 18 31 10 31 7 30 17 7 23 14 14 4 17 15 17
split_gain=8.94082 12.2986 7.20877 7.32927 6.99057 7.28522 6.94638 6.91521 7.11655 14.7359 12.673 7.65006 7.10191 8.54384 6.69073 6.79173 5.73857 8.62261 9.85484 7.77906 6.69798 6.56215
threshold=0.6602836847305299 4.7492611408233651 42.500000000000007 1.7468076944351199 1.900012791156769 1.846702575683594 0.22264087200164798 2.7765965461730961 1.3540251255035403 0.53810974955558788 8.9077382087707537 0.38104580342769628 3.985095858573914 0.89587974548339855 0.28227171301841741 3.5000000000000004 2.1533776521682744 2.3282306194305424 0.5033324956893922 8.7009296417236346 3.113268375396729 8.6130485534667987
decision_type=2 2 2 2 2 2 2 2 2 2 2 2 2 2 2 2 2 2 2 2 2 2
left_child=1 7 3 -3 5 14 -4 -1 9 -9 -10 12 13 -11 15 -2 20 18 19 -18 -6 -22
right_child=4 2 6 -5 16 -7 -8 8 10 11 -12 -13 -14 -15 -16 -17 17 -19 -20 -21 21 -23
leaf_value=0.011895220980446359 -0.0010490710370003777 0.0074248054718376692 -0.011113618708535087 -0.015612296564638653 -0.0022777932595884811 -0.019481667170241333 0.017223911381931273 0.0052683410195269852 -0.02302507560786745 0.0063161760630586292 0.0086009750737311638 -0.0045272923968189072 0.0093465072323180125 -0.031456955488212916 0.011839723122249823 -0.014766516997446419 -0.014317737280378225 0.0022022478090475777 0.012954698055875387 0.011242805739498526 0.014164739328174383 -0.011328248544120414
leaf_weight=17.657940607475268 336.80648583178731 36.846054014732772 9.6524181698060811 32.806369970466108 71.016356766333047 30.824292781252325 67.36767781777354 112.73783540844124 95.298164893172384 7.7973146538936353 19.543051900008322 86.723130543240131 5.1758043533145601 52.199892336069752 41.837120993284543 60.173620623859506 128.20464648841607 1559.8530527035427 24.231298988433082 14.535242137620115 155.35417686893334 10.515292729611245
leaf_count=1743 250350 33434 13093 40611 10258 6354 34470 101167 423018 2418 115821 6316 1249 27538 21184 64224 8946 36313 1542 1167 11330 1645
internal_value=-9.56481e-10 -0.0045889 0.00506586 -0.00402352 0.00104011 -0.00329753 0.0128035 -0.00819152 -0.00940762 -0.00543864 -0.0173853 -0.01322 -0.022646 -0.0263469 -0.00175195 -0.00344008 0.00208895 0.00126537 -0.00711685 -0.0111492 0.00779817 0.0119964
internal_weight=2977.16 543.806 146.673 69.6524 2433.35 469.642 77.0201 397.133 379.475 264.634 114.841 151.896 65.173 59.9972 438.817 396.98 1963.71 1726.82 166.971 142.74 236.886 165.869
internal_count=1214191 800878 121608 74045 413313 342112 47563 679270 677527 138688 538839 37521 31205 29956 335758 314574 71201 47968 11655 10113 23233 12975
is_linear=0
shrinkage=0.04


Tree=197
num_leaves=23
num_cat=0
split_feature=13 12 15 3 2 26 4 9 28 5 29 4 3 0 27 27 30 15 29 16 0 14
split_gain=8.80716 7.52706 10.2343 6.81513 6.85029 6.37928 8.90743 8.76941 8.67376 10.2277 8.60633 11.6806 8.57531 8.44077 7.34663 15.2341 8.09689 7.27081 8.39326 6.99773 6.43471 7.40281
threshold=0.015134900342673065 0.6602836847305299 4.7492611408233651 0.09343359619379045 0.13494802266359332 0.97964814305305492 0.49539437890052801 0.1122262552380562 0.71719485521316539 0.35288615524768835 0.82976034283638012 1.1016471982002261 0.12590307742357257 0.13894943892955783 0.69110804796218883 0.6299022138118745 2.6909452676773076 2.1383330821990971 0.63861912488937389 4.4159207344055185 0.18926121294498446 3.3924698829650883
decision_type=2 2 2 2 2 2 2 2 2 2 2 2 2 2 2 2 2 2 2 2 2 2
left_child=3 2 -2 4 -1 8 -7 -8 14 -10 -9 -12 -13 -11 15 17 -16 18 -3 -19 -15 -22
right_child=1 5 -4 -5 -6 6 7 10 9 13 11 12 -14 20 16 -17 -18 19 -20 -21 21 -23
leaf_value=-0.016867739030041583 -0.0072084621426284547 -0.00777220064854012 0.0050873016214266773 0.0049579453451879833 0.0072703622583485776 0.0068116665388404567 -0.021368161860066986 -0.012975742333492248 -0.015112766774851629 0.020278136393484462 0.012463534804820844 -0.026786046216406043 0.0058079431669586191 -0.012899357077975158 0.020098200600107405 -0.027427711767797777 -0.006906101559008223 -0.016978338260108718 0.010594296823541977 0.002857212900169688 0.01857947957774379 -0.0045697627394253194
leaf_weight=104.48499366570633 374.4887449223632 219.40158897157335 142.5949421374159 37.98488237891263 16.639973229150712 85.598254916261794 47.502039833716481 73.441429072947358 15.411652582632085 97.392040059163264 73.828914433426689 18.103979510487989 18.485405529150739 19.898282616748475 53.644128444546368 19.959005877131858 18.86782227049116 19.201089354185115 39.098645763864624 1406.8876894011046 40.624163053620578 33.509312582289567
leaf_count=338125 578097 39387 104596 20076 9013 806 357 503 623 1837 407 139 68 612 861 822 318 3231 1150 111987 668 508
internal_value=-7.29303e-10 0.000530249 -0.0037855 -0.0088671 -0.0132501 0.00151234 -0.00367871 -0.00768131 0.00235598 0.00991418 -0.00322534 0.00379886 -0.012607 0.0125794 0.00142571 0.000856242 0.0130862 0.00135123 -0.00470312 0.00247378 0.00342275 0.00881627
internal_weight=2977.05 2817.94 517.084 159.11 121.125 2300.86 316.96 231.362 1983.9 206.835 183.86 110.418 36.5894 191.424 1777.06 1704.55 72.512 1684.59 258.5 1426.09 94.0318 74.1335
internal_count=1214191 846977 682693 367214 347138 164284 2280 1474 162004 4248 1117 614 207 3625 157756 156577 1179 155755 40537 115218 1788 1176
is_linear=0
shrinkage=0.04


Tree=198
num_leaves=23
num_cat=0
split_feature=8 12 22 26 9 1 27 31 27 15 22 15 15 15 18 31 28 2 6 28 22 5
split_gain=8.73946 8.55033 7.82793 9.94026 10.5085 7.89679 9.86406 9.0215 8.94395 7.80563 7.43272 7.10266 6.60813 6.58919 6.44953 7.07728 7.48617 9.19451 7.7068 7.0242 7.14964 6.27231
threshold=0.9234740436077119 0.6602836847305299 46.500000000000007 0.97964814305305492 0.70834773778915416 0.53617098927497875 0.45122282207012182 6.3935852050781259 0.69110804796218883 6.661853790283204 19.500000000000004 4.5695295333862314 1.2424533367156985 2.1383330821990971 3.757416963577271 0.89587974548339855 0.49346099793910986 0.080376699566841139 0.17494057863950732 0.56322723627090465 21.500000000000004 1.1192067265510561
decision_type=2 2 2 2 2 2 2 2 2 2 2 2 2 2 2 2 2 2 2 2 2 2
left_child=1 14 3 4 5 7 10 -3 9 -9 -7 13 -5 -4 -1 16 17 -16 -18 -20 -21 -2
right_child=21 2 11 12 -6 6 -8 8 -10 -11 -12 -13 -14 -15 15 -17 18 -19 19 20 -22 -23
leaf_value=0.0080075959649929772 0.0080347352353474094 0.0038155290232790586 -0.0056793326778840419 0.007000923830464024 0.007668743751156626 -0.0077568357806973359 -0.0084560070587451058 -0.0097808236558118208 0.015403068357920465 0.013724350468094993 0.021518765573524026 -0.0049042797923282829 -0.021446421808266468 0.01322218072703909 -0.021740496682073687 -0.024735643878566242 0.014733975529779635 0.0055425283399208802 0.010191980147872625 0.0075868003642050007 -0.028240172431967518 0.00097591423156838093
leaf_weight=23.435109565775832 227.79835326914531 136.02226063580918 30.74475665586715 11.180520657449959 159.52376048829592 12.409375059053216 36.618869195512161 451.81832250160778 16.962560981554816 15.270316717235799 50.023813042465008 68.933094904007589 55.346422556671314 138.85528441898623 59.815704034001413 41.950453895385351 32.481179115144187 22.745611691662816 13.997500898385395 7.8624889653767722 18.527024550819419 1342.6825455431476
leaf_count=9397 33427 46824 15656 149 9571 1263 939 257206 536 3666 1520 17069 1142 35225 85166 436757 12859 14823 5264 6544 8688 210500
internal_value=-1.16444e-09 -0.00228398 -0.000902677 -0.00254112 -0.00132116 -0.00339322 0.00663539 -0.0050751 -0.0076001 -0.00874082 0.0154323 0.00543058 -0.0163755 0.00967031 -0.00932876 -0.011674 -0.00686652 -0.0144373 0.00241842 -0.00844477 -0.0184143 0.00204416
internal_weight=2975.01 1404.52 1183.71 945.176 878.649 719.126 99.0521 620.073 484.051 467.089 62.4332 238.533 66.5269 169.6 220.815 197.38 155.43 82.5613 72.8682 40.387 26.3895 1570.48
internal_count=1214191 970264 390766 322816 321525 311954 3722 308232 261408 260872 2783 67950 1291 50881 579498 570101 133344 99989 33355 20496 15232 243927
is_linear=0
shrinkage=0.04


Tree=199
num_leaves=23
num_cat=0
split_feature=8 9 29 18 24 22 18 16 16 5 6 29 17 9 28 27 30 28 31 17 3 3
split_gain=8.12974 6.99873 11.3914 7.96067 7.75841 7.48269 7.08639 7.12587 6.65531 6.56294 7.27218 6.38563 6.22706 6.06427 9.44489 7.23644 6.88905 6.01291 5.55973 7.10508 5.34102 11.7471
threshold=0.57013472914695751 0.48288759589195257 0.76069810986518871 2.0397878885269169 0.89587974548339855 46.500000000000007 0.64517706632614147 4.9797124862670907 4.6211323738098153 0.23371940106153491 0.74883303046226513 0.87012913823127758 8.9247875213623065 0.17242506146430972 0.101200208067894 0.11594486609101297 3.0446254014968877 0.63217338919639599 4.5591125488281259 7.6016521453857431 0.09343359619379045 1.0000000180025095e-35
decision_type=2 2 2 2 2 2 2 2 2 2 2 2 2 2 2 2 2 2 2 2 2 2
left_child=1 2 3 5 9 18 -7 -8 -6 -3 -11 12 -4 14 16 -16 -5 -17 -1 -20 21 -2
right_child=20 4 11 13 8 6 7 -9 -10 10 -12 -13 -14 -15 15 17 -18 -19 19 -21 -22 -23
leaf_value=0.011731922952882239 0.0016678592182637873 0.0091304079308169982 0.019800525873584014 -0.026509341864151194 -0.01490258016514257 -0.011894170314688099 0.020925582590417064 -0.0036098538370527289 0.011475867469060812 0.0057678856497268803 -0.017656843420899609 -0.0049767455749493636 -0.014781282294245893 -0.021702508276143399 0.0093663450195112744 -0.017457895466254158 0.0042051721209934211 0.0093703288169499216 -0.0040193613488514451 -0.018575018235305784 0.0037782419835420545 -0.0083711909275438964
leaf_weight=17.39211591426789 912.94238148890145 30.114096028178665 48.330301852917955 39.057620671049051 8.5937225785911533 17.016450334771207 41.854771008910461 25.778085932023714 126.56170056060057 25.419940690877297 55.683337478629028 31.274859271883997 2.3282484969821544 72.472976467491264 54.030627511090074 34.894723609430173 12.099365718788816 11.661758955636058 247.38925419761097 61.862372573370294 874.29334580847944 223.74257155394707
leaf_count=3417 167435 8756 10610 77752 9228 15451 13783 12537 43961 10751 23160 7252 1112 169202 102569 77903 17182 15620 137031 53258 161642 74579
internal_value=-5.71376e-10 -0.00300232 -0.00498262 -0.00680377 0.00273377 -0.00335497 0.00670474 0.0123136 0.0088875 -0.00486072 -0.0104877 0.00834657 0.0160364 -0.0127168 -0.00734871 0.000171298 -0.0197451 -0.0102692 -0.00608365 -0.00742169 0.00144668 -0.000363976
internal_weight=2974.79 963.816 717.444 635.51 246.373 411.293 84.6493 67.6329 135.155 111.217 81.1033 81.9334 50.6586 224.217 151.744 100.587 51.157 46.5565 326.644 309.252 2010.98 1136.68
internal_count=1214191 810535 714679 695705 95856 235477 41771 26320 53189 42667 33911 18974 11722 460228 291026 196092 94934 93523 193706 190289 403656 242014
is_linear=0
shrinkage=0.04


Tree=200
num_leaves=23
num_cat=0
split_feature=12 28 27 5 14 30 14 14 28 12 15 16 27 27 23 31 22 15 2 31 16 15
split_gain=8.14749 9.99873 9.93102 9.34202 10.5991 7.55805 7.00227 8.37795 8.08567 7.64501 6.78403 6.54893 6.42272 6.97822 5.95601 5.39866 5.29752 9.66705 5.53387 5.22018 5.16543 4.94788
threshold=0.6602836847305299 0.45687146484851843 0.36006878316402441 0.69514328241348278 1.7123074531555178 2.340636253356934 1.900012791156769 1.846702575683594 0.11007575318217279 0.97936591506004345 4.7578821182250985 4.7860195636749276 0.080135539174079909 0.16404592245817187 3.5000000000000004 8.9077382087707537 42.500000000000007 5.4743669033050546 0.085092891007661833 5.9414162635803232 4.9036273956298837 2.9174053668975835
decision_type=2 2 2 2 2 2 2 2 2 2 2 2 2 2 2 2 2 2 2 2 2 2
left_child=1 2 3 -1 5 11 7 8 19 12 -3 -5 14 -14 -10 -6 17 18 -12 20 -2 -8
right_child=6 10 -4 4 15 -7 21 -9 9 -11 16 -13 13 -15 -16 -17 -18 -19 -20 -21 -22 -23
leaf_value=-0.027742991758921271 0.014907239024920018 -0.0028889872690653997 0.004355195627390192 -0.013991748283389331 -0.017076370108224163 -0.014603038295098798 -0.0013095854297616159 -0.020626003354705741 0.019728795050521768 -0.015249575630347397 0.021808565383129537 0.020466256967478471 -0.018605305384744673 0.0076330110115454975 -0.0047754009385093613 0.010768597833701203 0.019388670910324507 -0.022075339511971395 -0.0086549983298742725 -0.0081954995083199905 -0.0057419305839382208 0.0032338246711788093
leaf_weight=49.159131416740649 27.161304253525032 209.85093468581732 55.983799698778739 3.6173879230631192 98.734875187696048 10.913844664770691 514.21263808842355 31.142633173838021 67.977579798038619 15.240571362714034 16.789750405383248 32.993161401886482 15.552494800718021 34.850482210330256 15.6663729757538 5.7018117044245846 36.980389715659385 11.041867131327875 8.0933681651310945 229.99568330394834 32.348970902357223 1447.1166213998035
leaf_count=195466 11014 272416 63876 15590 96861 41010 27304 6354 26183 6855 10899 52584 14462 9987 11773 20245 13598 12640 5693 235404 20080 43897
internal_value=-1.82086e-10 -0.00439882 -0.00994975 -0.0139493 -0.0080497 0.00667495 0.000990771 -0.003348 -0.00168945 0.00563673 0.000815977 0.0147902 0.00890521 -0.002203 0.0151194 -0.014748 0.0105425 -0.000802579 0.0122595 -0.00552936 0.00447139 0.00204205
internal_weight=2971.13 539.86 257.104 201.12 151.961 47.5244 2431.27 469.936 438.793 149.288 282.756 36.6105 134.047 50.403 83.644 104.437 72.9054 35.925 24.8831 289.506 59.5103 1961.33
internal_count=1214191 800878 485632 421756 226290 109184 413313 342112 335758 69260 315246 68174 62405 24449 37956 117106 42830 29232 16592 266498 31094 71201
is_linear=0
shrinkage=0.04


Tree=201
num_leaves=23
num_cat=0
split_feature=12 0 2 2 15 5 26 28 22 27 28 0 31 28 29 15 30 30 15 23 30 6
split_gain=8.13399 10.1398 13.7676 11.2134 10.4442 8.7643 6.72753 10.9712 8.99055 10.487 13.1039 8.80549 7.93569 8.9728 8.47351 8.25641 7.28638 7.03557 6.97102 7.02986 6.85326 6.46168
threshold=0.6602836847305299 0.1408096253871918 0.07647965103387834 0.056867305189371116 4.5271940231323251 1.7691159248352053 0.97964814305305492 0.71719485521316539 46.500000000000007 0.96805655956268322 0.8647388517856599 0.13894943892955783 6.0890424251556405 0.086199987679719939 0.14021408557891848 2.1383330821990971 1.232616186141968 0.70171770453453075 3.9415346384048466 2.5000000000000004 0.27740412950515753 0.93343129754066478
decision_type=2 2 2 2 2 2 2 2 2 2 2 2 2 2 2 2 2 2 2 2 2 2
left_child=1 2 -1 -3 -5 -4 7 12 9 10 16 -9 -2 15 -15 -14 -8 -10 19 -18 -16 -6
right_child=6 3 5 4 21 -7 8 11 17 -11 -12 -13 13 14 20 -17 18 -19 -20 -21 -22 -23
leaf_value=-0.014377204445788484 0.0067925762664445477 0.015698274857418756 0.0048948496897322329 -0.012749519677270128 0.015888132881782261 -0.022675796662572561 -0.015615073075116325 0.017947357911829595 0.02195895006589281 0.015893930335176509 -0.029751302676173638 0.0017769526417902005 -0.016987485067651235 0.010541374958376868 -0.011673856502205546 -0.0025281528646339956 -0.019595157191455503 -0.0021859392075593213 0.0087486181593234534 0.0026122770906889638 0.0010615997115434748 -0.014942736044760874
leaf_weight=215.38233647020513 290.88721869991286 62.249860947791262 131.98113682234407 72.957778658270342 38.442288800000085 11.234308197863127 64.088228271546541 104.78627603389032 23.175558232479943 18.892170215083752 34.701870820085787 106.14612463253616 69.656200522868744 134.39731359893267 62.442181426693651 330.27662245348836 32.290047464965028 42.372297479116241 65.65840355513501 45.090399865293875 1003.4171839064338 5.5258601655074235
leaf_count=497055 47454 49709 164632 63262 9712 12382 1282 2453 238 80 297 2078 67208 24605 9148 159398 247 317 350 241 97917 4126
internal_value=-5.66607e-10 -0.00440458 -0.00821192 0.00324664 -0.00409698 0.00139328 0.000989514 0.00182252 -0.00427178 -0.00757416 -0.00996587 0.0102588 0.000832517 -0.000286376 0.00144788 -0.00539949 -0.00543348 0.00812753 -0.000149389 -0.00783664 0.000213935 0.00996252
internal_weight=2966.05 537.774 358.598 179.176 116.926 143.215 2428.28 2102.01 326.269 260.721 241.829 210.932 1891.08 1600.19 1200.26 399.933 207.127 65.5479 143.039 77.3804 1065.86 43.9681
internal_count=1214191 800878 674069 126809 77100 177014 413313 410261 3052 2497 2417 4531 405730 358276 131670 226606 2120 555 838 488 107065 13838
is_linear=0
shrinkage=0.04


Tree=202
num_leaves=23
num_cat=0
split_feature=12 1 15 18 26 14 4 27 22 16 2 14 12 1 6 29 29 2 17 29 5 31
split_gain=7.82871 10.1435 9.66224 8.4754 6.86001 8.99342 8.99207 9.35825 8.23371 7.24014 13.9666 6.90538 6.61502 7.53896 7.52182 6.56364 11.2941 13.505 6.21987 6.20712 8.35242 7.72259
threshold=0.6602836847305299 0.18860141932964328 4.7492611408233651 3.4643369913101201 0.97964814305305492 1.900012791156769 0.49539437890052801 0.96805655956268322 46.500000000000007 4.9711363315582284 0.093174476176500334 1.846702575683594 0.97936591506004345 0.03825910575687886 0.15688692033290866 0.92155727744102489 0.82976034283638012 0.15585903823375705 6.5532207489013681 0.90429258346557628 0.29857034981250768 7.8824751377105722
decision_type=2 2 2 2 2 2 2 2 2 2 2 2 2 2 2 2 2 2 2 2 2 2
left_child=1 3 -3 -1 5 11 9 8 15 -6 -11 12 13 -2 -15 16 -8 -18 -14 21 -21 -7
right_child=4 2 -4 -5 6 19 7 -9 -10 10 -12 -13 18 14 -16 -17 17 -19 -20 20 -22 -23
leaf_value=0.011130840216382987 -0.004667222824752626 -0.0047531259387010036 0.0087841098270300868 -0.016126828625719583 0.0149957427525035 0.0058857886151016713 -0.01864246219133749 0.01294633598145706 0.0047932589405192717 -0.026184822612623473 0.012685883381560332 -0.019239921427415783 -0.00096991455902957003 0.011929185181639728 -0.0052246907250100968 -0.027630266656882299 0.013888819105302866 -0.021095076096977455 -0.026037694268553627 -0.016614548852695924 0.016530074707114057 0.00018409324576394018
leaf_weight=13.816912619326585 202.09046091418168 282.8166080151409 108.5798838705399 131.36739042236113 49.548305285570677 639.33596731358512 75.289308682549745 21.22758587176213 38.70282410638174 17.371093543799361 23.094957926616644 29.034742425134823 33.189145859685141 115.16795973723333 53.78208959556946 38.610699320012827 46.481139090057695 15.850468996039124 21.772257267184955 5.8371396719594477 83.501612886844669 918.21704024405039
leaf_count=3428 186827 480050 80759 236641 739 13738 526 96 230 690 120 6348 24584 56869 36180 289 222 140 30212 147 994 54362
internal_value=-4.09701e-10 -0.00432668 -0.000872393 -0.0129827 0.000969966 0.00181116 -0.00434343 -0.00835329 -0.0109389 0.00596017 -0.00588254 -0.00311837 -0.0016035 0.000446243 0.00648175 -0.0144658 -0.0091509 0.00330614 -0.0133797 0.00318379 0.01291 0.00254711
internal_weight=2964.69 536.581 391.396 145.184 2428.1 2101.93 326.176 236.162 214.934 90.0144 40.4661 455.037 426.002 371.041 168.95 176.232 137.621 62.3316 54.9614 1646.89 89.3388 1557.55
internal_count=1214191 800878 560809 240069 413313 410261 3052 1503 1407 1549 810 341020 334672 279876 93049 1177 888 362 54796 69241 1141 68100
is_linear=0
shrinkage=0.04


Tree=203
num_leaves=23
num_cat=0
split_feature=8 12 31 22 9 1 15 2 16 3 18 18 28 28 22 6 28 22 13 18 23 16
split_gain=7.96537 8.32636 6.85001 7.21736 8.88753 8.23771 7.43195 6.38299 7.61458 6.11868 5.93672 6.49123 5.79279 5.77871 7.94331 7.543 6.64669 6.16179 5.69991 5.63133 5.83007 5.78084
threshold=0.9234740436077119 0.6602836847305299 6.3935852050781259 46.500000000000007 0.72731363773345958 0.604141265153885 4.9522936344146737 0.10091334208846094 4.9036273956298837 0.035083813592791564 3.757416963577271 7.9311940670013437 0.19211366772651675 0.49346099793910986 28.500000000000004 0.17494057863950732 0.56322723627090465 21.500000000000004 1.0000000180025095e-35 2.7765965461730961 3.5000000000000004 4.8401389122009286
decision_type=2 2 2 2 2 2 2 2 2 2 2 2 2 2 2 2 2 2 2 2 2 2
left_child=1 10 -3 4 5 6 19 8 -6 -8 -1 -12 18 14 -13 -15 -17 -18 -5 20 -4 -22
right_child=-2 2 3 12 7 -7 9 -9 -10 -11 11 13 -14 15 -16 16 17 -19 -20 -21 21 -23
leaf_value=0.0076152830450115514 0.0019515535495326572 0.0052533593912664125 -0.0079223233209219542 0.014032753682493388 -0.0086820363749476777 0.0060371670404531386 -0.0070992196241024957 -0.012445303991981738 0.013674059581993159 0.011437359371034836 -0.024619321828166663 0.0038703901024269289 0.0087146739751215035 0.013756154755629196 -0.020956257237470233 0.0091206821925730701 0.0059623487333475972 -0.027841371940347255 -0.010229781249304062 0.0056333566080806509 -0.0026050512624929056 -0.024169325181444851
leaf_weight=22.830791942459996 1567.3443589511078 227.8570198824724 313.9616514618275 10.887928812514472 24.61650946224654 70.760874626324949 48.382480760460567 19.129004351267213 90.369839010810665 46.132131958700029 38.212537833115078 25.885875332889071 136.82091463982192 31.850575253719171 56.636790585845631 14.184614514556072 8.0358121310022188 18.553824431989824 55.935845536196553 28.800668635844545 29.142026422761319 77.500943928769175
leaf_count=9397 243927 57762 168408 27664 2831 1992 24790 788 4941 7016 374879 48465 10401 21359 89658 8667 12450 14623 20324 15558 13680 34611
internal_value=-1.20899e-11 -0.00218862 -0.000833912 -0.00232965 -0.00413847 -0.0061626 -0.00783006 0.00492246 0.00857631 0.00217705 -0.00922084 -0.0114855 0.00420372 -0.00695575 -0.013592 0.0013173 -0.00919485 -0.0187879 -0.00496453 -0.00993623 -0.0111084 -0.0190051
internal_weight=2963.83 1396.49 1180.3 952.441 748.796 614.681 543.92 134.115 114.986 94.5146 216.191 193.36 203.645 155.147 82.5227 72.6248 40.7743 26.5896 66.8238 449.405 420.605 106.643
internal_count=1214191 970264 390766 333004 274615 266055 264063 8560 7772 31806 579498 570101 58389 195222 138123 57099 35740 27073 47988 232257 216699 48291
is_linear=0
shrinkage=0.04


Tree=204
num_leaves=23
num_cat=0
split_feature=26 26 26 15 22 8 23 16 3 16 15 16 15 17 6 3 3 6 28 2 12 30
split_gain=7.61002 7.25936 9.71159 9.23182 8.14555 9.02425 8.94526 8.33067 7.61944 7.20612 7.18057 7.0661 9.08541 9.06906 7.95366 7.79927 11.766 10.0127 8.21273 8.17842 7.47696 7.33914
threshold=0.30171613395214086 0.97964814305305492 0.88382774591445934 1.8688347935676577 46.500000000000007 0.99376392364501964 2.5000000000000004 3.8588039875030522 0.22840274870395663 4.9573163986206064 3.4175922870635991 4.9743888378143319 6.6180710792541513 3.2769666910171513 0.14548321068286899 0.035083813592791564 0.0028937865281477575 1.077498257160187 0.080209389328956618 0.19502636045217517 0.97657823562622081 2.7071197032928471
decision_type=2 2 2 2 2 2 2 2 2 2 2 2 2 2 2 2 2 2 2 2 2 2
left_child=-1 2 3 8 5 -3 7 -7 -2 -8 -9 12 13 14 -5 16 17 20 -17 -20 21 -13
right_child=1 4 -4 11 -6 6 9 10 -10 -11 -12 15 -14 -15 -16 18 -18 -19 19 -21 -22 -23
leaf_value=-0.014406081870482658 -0.0097459242069688409 -0.018610815889755387 0.0057846789654020913 -0.0027259870872651405 0.0062197228108833436 0.013964417300130769 -0.0084286654183091565 -0.028906875735532914 0.0074011696256712466 0.010015352918099161 -0.0053694582686767255 0.0018806167440195034 0.013682653505463096 -0.0014599822446440881 -0.028563208716530335 -0.0026547732691023689 -0.023708311215276986 -0.016664691236537008 0.010822936905428966 -0.012157863880085391 -0.0090182565129253139 0.015480418945754811
leaf_weight=47.53698362860132 231.17357734991225 78.303747797610413 536.50188531052981 41.507320864597034 76.958507631599332 9.5386215642847656 43.781738523430249 30.989791133035396 42.385209840211417 84.227024224848719 53.902590541027166 233.26738682842245 46.39621081938617 689.5530539833461 29.410870959904798 112.70158226443993 22.914724166867984 35.316619624140799 358.8460513427255 18.450947399406232 57.368168035705821 79.056228787492842
leaf_count=247733 202934 1476 14103 19531 804 94 518 566 24663 672 586 107080 8982 313221 19068 25251 51769 12864 114007 7927 12426 27916
internal_value=-5.39761e-10 0.000283615 0.00105947 -0.000231611 -0.00481633 -0.00774967 -0.00329012 -0.0120191 -0.00692184 0.00355346 -0.0161025 0.000863271 -0.00185562 -0.00296889 -0.0156468 0.00324746 -0.000700952 0.00114067 0.00664072 0.00941421 0.00323572 0.00569651
internal_weight=2960.09 2912.55 2534.85 1998.35 377.702 300.744 222.44 94.431 273.559 128.009 84.8924 1724.79 806.867 760.471 70.9182 917.922 427.923 405.008 489.999 377.297 369.692 312.324
internal_count=1214191 966458 961742 947639 4716 3912 2436 1246 227597 1190 1152 720042 360802 351820 38599 359240 212055 160286 147185 121934 147422 134996
is_linear=0
shrinkage=0.04


Tree=205
num_leaves=23
num_cat=0
split_feature=13 15 15 27 12 28 18 15 26 28 31 12 5 27 2 3 12 16 1 2 6 18
split_gain=7.80168 7.21097 8.76513 7.01895 6.9075 9.73709 8.34407 7.16035 6.76588 9.78182 9.91867 8.77974 12.577 7.12715 10.9246 8.55377 10.614 7.72887 7.94636 7.07768 11.9002 8.6077
threshold=0.0010178629308938982 6.4960203170776376 6.20959496498108 0.47795742750167852 0.6772570312023164 0.45687146484851843 3.2339509725570683 4.7578821182250985 0.97964814305305492 0.68989682197570812 6.0890424251556405 0.91535034775733959 0.35288615524768835 0.27543367445468908 0.014420171268284323 0.13314308226108554 0.97513338923454296 4.956571340560914 0.55202105641365062 0.081922095268964781 0.49861070513725286 0.45602893829345709
decision_type=2 2 2 2 2 2 2 2 2 2 2 2 2 2 2 2 2 2 2 2 2 2
left_child=-1 2 4 -3 5 6 -2 -7 9 10 -6 -11 -13 19 -15 16 -16 -17 -19 -12 21 -21
right_child=1 3 -4 -5 8 7 -8 -9 -10 11 13 12 -14 14 15 17 -18 18 -20 20 -22 -23
leaf_value=-0.0099096616250353743 0.012709814806322488 0.014079360077561959 -0.019143942100457313 -0.012109256798629411 0.0082124752524854391 -0.0024233672797118627 -0.012060658368557763 0.01216573188147136 -0.0041529654163618051 -0.013861866388873753 -0.0041370255853469149 -0.016500703098809875 0.014708455898075453 0.012746934828819561 -0.011462369659409508 -0.0069757402733652352 0.007159434924300683 0.017452557979443332 -0.015265317108793116 -0.014312617627929194 -0.010441809318949341 0.011522027914279814
leaf_weight=111.91712523564001 16.014446387396504 91.456970406265555 27.686557438596537 11.590322906652089 251.45063705608004 208.62450428382152 211.15811752208168 61.525538609987564 310.59900484850596 15.014602479692256 732.2783952890652 14.663268204336417 198.68025904216483 139.05643193674769 134.89740022433671 33.824648441106547 65.760827980147951 78.748360973568197 5.9027923177927724 14.801371052380999 61.598543123101081 165.23084446059374
leaf_count=314320 2791 14623 8372 1673 14161 255948 400353 33240 2217 362 134413 694 3834 5474 6755 1359 1505 1587 147 861 2879 6623
internal_value=-7.8141e-10 0.000422349 1.49224e-05 0.0103232 0.000279365 -0.00393501 -0.00985221 0.0012149 0.0012358 0.00212829 0.00104793 0.00971502 0.0119207 -0.000258259 0.00380607 -0.000358661 -0.00530937 0.0077868 0.0137994 -0.00218963 0.00364194 0.00875663
internal_weight=2962.48 2850.56 2747.52 103.047 2719.83 497.323 227.173 270.15 2222.51 1911.91 1683.55 228.358 213.344 1432.1 458.19 319.134 200.658 118.476 84.6512 973.909 241.631 180.032
internal_count=1214191 899871 883575 16296 875203 692332 403144 289188 182871 180654 175764 4890 4528 161603 16827 11353 8260 3093 1734 144776 10363 7484
is_linear=0
shrinkage=0.04


Tree=206
num_leaves=23
num_cat=0
split_feature=13 15 26 22 18 2 2 1 18 1 17 2 6 12 30 16 16 28 27 20 0 18
split_gain=7.37652 6.62983 8.53599 8.09677 8.64143 7.7987 8.72329 13.8042 11.6574 10.4581 7.6391 7.19203 7.4892 7.0663 10.0009 7.02737 11.834 7.76377 7.03374 10.2315 7.3296 6.97037
threshold=0.0010178629308938982 1.8688347935676577 0.97964814305305492 46.500000000000007 1.2943177223205569 0.094113882631063475 0.038657039403915412 0.2487229406833649 1.1230436563491824 0.28260605037212377 9.0494074821472186 0.049787836149334914 1.1144188642501833 0.98111200332641613 1.617009222507477 4.9245927333831796 4.8948321342468271 0.23225758224725726 0.38043312728405004 1.0000000180025095e-35 0.060563659295439727 2.3802301883697514
decision_type=2 2 2 2 2 2 2 2 2 2 2 2 2 2 2 2 2 2 2 2 2 2
left_child=-1 -2 5 4 -4 6 7 10 11 13 15 12 -8 14 -10 16 17 -3 19 20 -17 -16
right_child=1 2 3 -5 -6 -7 8 -9 9 -11 -12 -13 -14 -15 21 18 -18 -19 -20 -21 -22 -23
leaf_value=-0.0096679244512716239 -0.0044413412845228008 0.0022526664845610054 -0.01956705863055715 0.0065951020909710062 -0.0032303534510130282 0.0057370624466601605 -0.018104184257695537 0.0080026954261764611 0.0044028539346883024 -0.013890621935992055 -0.018109664417050659 0.011233372625609979 0.015594450696735785 0.016517948365996939 -0.025417451545244232 0.0053596679172761763 -0.02839308422198147 -0.02133043913087411 0.016831904514546886 -0.016424449041177597 -0.014632457128531331 -0.0021751601075944418
leaf_weight=111.1426772658192 379.91033377140911 127.67645442235408 66.226422885403736 68.240010529887513 178.28364226621034 639.65237117700508 23.872079481670486 428.93542050476526 102.00684825022256 181.17280836142413 30.690087858038737 100.30347718390794 6.5099373189732423 22.389964880983825 32.293080046194746 277.80906501880736 22.934193513503601 16.728588381119152 40.285538025216283 38.073915777973241 23.021883662778919 44.381875109131045
leaf_count=314320 219068 45698 592 545 2082 146009 1750 149824 37792 90238 20048 3672 91 671 3710 89045 11446 10559 6027 16391 8300 36313
internal_value=-1.46309e-09 0.000409308 0.00116983 -0.00490704 -0.00825016 0.00206879 0.000496749 0.00265399 -0.0037047 -0.00719096 -0.00138925 0.00627867 -0.00880994 -0.000782227 -0.0037106 -0.000141795 -0.00673904 -0.00168384 0.00286796 0.000773225 0.00340819 -0.0137672
internal_weight=2962.54 2851.4 2471.49 312.75 244.51 2158.74 1519.09 1006.16 512.93 382.245 577.22 130.685 30.382 201.072 178.682 546.53 167.339 144.405 379.19 338.905 300.831 76.675
internal_count=1214191 899871 680803 3219 2674 677584 531575 357338 174237 168724 207514 5513 1841 78486 77815 187466 67703 56257 119763 113736 97345 40023
is_linear=0
shrinkage=0.04


Tree=207
num_leaves=23
num_cat=0
split_feature=8 17 13 0 5 24 17 12 17 17 28 8 9 24 22 0 5 8 4 29 27 30
split_gain=7.70948 7.82545 7.15941 7.69855 6.95425 13.6732 6.64189 8.06046 10.2769 8.17971 8.78691 7.13156 9.98784 6.76447 6.43586 6.38356 6.65063 12.118 9.4401 14.0175 7.48525 7.0856
threshold=0.9234740436077119 9.3968939781188983 0.15816279500722888 0.1799740865826607 0.9689697027206422 2.1383330821990971 7.9019322395324716 0.27862021327018743 7.439265489578248 7.6527798175811776 0.19834478944540027 0.57013472914695751 0.57147628068923961 2.5249279737472539 26.500000000000004 0.28129945695400244 0.60399428009986889 0.36997793614864355 0.28908985853195196 0.82976034283638012 0.45122282207012182 2.4351477622985844
decision_type=2 2 2 2 2 2 2 2 2 2 2 2 2 2 2 2 2 2 2 2 2 2
left_child=1 2 3 -1 5 -2 7 14 15 13 -11 12 -8 -10 -4 16 17 21 -18 -20 -21 -9
right_child=4 -3 6 -5 -6 -7 11 8 9 10 -12 -13 -14 -15 -16 -17 18 -19 19 20 -22 -23
leaf_value=-0.011255852131271709 0.018679256220671493 -0.016328169810296021 0.0016367065113321673 0.014091865341120242 0.0011857457446138569 -0.013676558716579449 -0.0068559597152567341 -0.0051553155380521746 -0.029198254116526576 -0.022664530156837955 0.01027542662976523 0.014014429702032769 0.014926661058226326 0.0033276678107523501 -0.020462815316623417 0.015565189744064385 0.0052583980574059039 0.017163528026352154 -0.012576996545015458 0.019722780069035002 -0.0079108404101576203 0.0071138551571817699
leaf_weight=165.08253282219334 79.524493320810507 49.805246587301326 29.857067682618435 12.968672386171873 1471.9392693782409 19.326426008973385 99.153845258735316 171.1827776752898 36.639393970589481 8.456426326198196 33.51323894633606 86.713286232465009 38.710308235509956 10.677492992688711 51.937546742273526 34.952614156340132 119.87818438188515 74.380189875766519 201.73039962486473 30.659109439468011 18.480522161582485 118.88735185593032
leaf_count=399699 8737 62318 124803 6396 228879 6311 65963 38181 7566 3605 1978 21515 9360 1263 185582 378 10581 6769 11569 289 233 12216
internal_value=-5.22929e-10 -0.00215747 -0.00151556 -0.00875842 0.00191573 0.011678 -0.000344298 -0.00182809 -0.00061736 -0.0127325 0.000554378 0.00568729 -0.000143862 -0.0225585 -0.0130964 0.000932401 3.71952e-05 0.00382185 -0.00368584 -0.00799757 0.00974991 -5.72147e-05
internal_weight=2964.46 1393.67 1343.86 178.051 1570.79 98.8509 1165.81 941.232 859.438 89.2866 41.9697 224.577 137.864 47.3169 81.7946 770.151 735.199 364.45 370.748 250.87 49.1396 290.07
internal_count=1214191 970264 907946 406095 243927 15048 501851 405013 94628 14412 5583 96838 75323 8829 310385 80216 79838 57166 22672 12091 522 50397
is_linear=0
shrinkage=0.04


Tree=208
num_leaves=23
num_cat=0
split_feature=12 0 2 2 15 26 28 27 28 24 5 15 29 31 13 31 15 18 24 1 26 26
split_gain=7.08496 9.59251 11.9358 10.7209 8.24417 7.50485 9.70988 7.12147 12.4383 7.09321 7.01861 6.94155 8.87961 6.89092 6.71737 6.5462 6.76123 6.21224 6.20623 7.5288 11.3226 8.36716
threshold=0.6602836847305299 0.1408096253871918 0.07647965103387834 0.056867305189371116 4.5271940231323251 0.97964814305305492 0.71719485521316539 0.96805655956268322 0.8647388517856599 2.6020033359527592 1.7691159248352053 2.1383330821990971 0.67478796839714061 5.7899181842803964 0.0913653038442135 7.6024212837219247 4.6491756439208993 6.1380589008331308 3.5408543348312382 0.51253026723861705 0.93302914500236522 0.81158882379531871
decision_type=2 2 2 2 2 2 2 2 2 2 2 2 2 2 2 2 2 2 2 2 2 2
left_child=1 2 -1 -3 17 6 11 8 -7 -8 14 12 -2 -13 -4 -11 -17 -5 19 21 -21 -15
right_child=5 3 10 4 -6 7 9 -9 -10 15 -12 13 -14 18 -16 16 -18 -19 -20 20 -22 -23
leaf_value=-0.013705383895709576 -0.0075485394922751971 0.015464455233940523 -0.018168338925828892 0.0049892148715861553 0.0085789580572968194 -0.0028631420424332079 0.013211444618241431 0.013640627956369252 -0.025162812304868068 0.011278643900208619 -0.020844434587763711 0.0089059306453752457 0.010650682097938203 -0.0018027453060213813 0.0071773405944439749 -0.026511489278308265 0.0069717082042092043 -0.018350624547591957 0.0081295583089208891 -0.019260817813371373 0.011106623101831435 0.0051294896341723207
leaf_weight=210.83445079102557 252.48929845921475 62.20115168016514 9.4946839992662699 20.999076507264931 43.679740409018905 267.57210445321834 169.99136354505026 22.026186618662905 37.83502210790266 17.513071708090138 10.534379158850923 187.63848102029874 42.191270241171878 735.20157651897875 122.00592399289121 15.186066647351256 10.156563038442981 50.463636055185475 158.37431113408365 59.36063837644042 19.872265392797999 435.23280048758897
leaf_count=497055 116195 49709 29192 7976 13838 2631 3528 99 322 158 12382 23196 1283 230519 135440 719 126 55286 25896 1985 152 6504
internal_value=-6.41671e-10 -0.00414503 -0.00788543 0.00332108 -0.00395044 0.000917463 0.00179856 -0.00462768 -0.00633591 0.00969751 0.00108684 0.000862821 -0.0046788 0.00190898 0.00419267 -0.00410333 -0.0149167 -0.0117217 0.000920322 -5.0612e-05 -0.0112533 0.000796663
internal_weight=2960.85 530.213 352.869 177.344 115.142 2430.64 2103.21 327.433 305.407 212.847 142.035 1890.36 294.681 1595.68 131.501 42.8557 25.3426 71.4627 1408.04 1249.67 79.2329 1170.43
internal_count=1214191 800878 674069 126809 77100 413313 410261 3052 2953 4531 177014 405730 117478 288252 164632 1003 845 63262 265056 239160 2137 237023
is_linear=0
shrinkage=0.04


Tree=209
num_leaves=23
num_cat=0
split_feature=8 25 10 5 1 15 22 17 22 15 14 14 18 12 17 1 31 13 30 15 9 22
split_gain=7.26207 7.69059 9.11645 7.06066 14.4666 7.85222 8.92796 7.92169 7.77511 9.45199 9.81151 7.56986 10.4313 7.60096 6.58481 6.55231 6.43147 6.45059 6.32254 7.7461 6.32009 6.28925
threshold=0.9234740436077119 1.0000000180025095e-35 0.0098837832920253294 1.3629146218299868 0.25519257783889776 4.2268071174621591 40.500000000000007 9.3922867774963397 45.500000000000007 2.3502402305603032 2.3934130668640141 3.1551792621612553 2.277118563652039 0.97400242090225231 8.9875092506408709 0.73127394914627086 6.7510843276977548 0.46454060077667242 1.4245278835296633 3.113268375396729 0.41729764640331274 46.500000000000007
decision_type=2 2 2 2 2 2 2 2 2 2 2 2 2 2 2 2 2 2 2 2 2 2
left_child=1 2 -1 4 -2 6 7 18 9 -8 -11 -6 13 -13 -7 -12 17 -10 20 -20 -5 -18
right_child=3 -3 -4 5 11 14 8 -9 16 10 15 12 -14 -15 -16 -17 21 -19 19 -21 -22 -23
leaf_value=-0.018451574702117557 -0.00083186360267426505 0.011576312218889198 -0.002017065533503763 -0.0036144258394355351 0.015752373006789062 0.0050939617390963164 0.0025331741275105143 0.017691522384817946 -0.018797923244423996 0.0083978623580884017 -0.036794712617345467 0.017869295102252398 -0.017945598229710823 -0.0068646708471110712 -0.014701960009396558 0.005445009859026081 0.0069940308067789406 0.012670382157353657 -0.012411500837853057 0.0018801600191549676 0.014941382512215853 -0.015814040002082651
leaf_weight=46.640009863825298 305.14077482792982 53.229131251807985 1291.1338005591706 49.339006057062534 197.3732918690115 398.40899963066863 21.502579361323569 28.542312390376992 3.6518247472081375 6.8004483535072486 42.380126506753868 44.368184796738205 21.50403118148165 24.57386634289287 19.205989497883365 3.9514208342952761 20.28085307338165 43.961347857664578 107.54408945494265 120.74416003981537 52.653760631225623 58.646689176140171
leaf_count=514804 55473 9775 445685 6856 32643 40610 6411 3793 1598 4118 6705 401 1866 240 2509 316 2571 6520 34988 17809 6038 12462
internal_value=-1.28613e-10 -0.00209679 -0.00272269 0.00185857 0.00526285 -0.000238638 -0.00331004 0.000516374 -0.00983623 -0.0192647 -0.0270902 0.0115353 0.00168074 0.00930028 0.00386103 -0.0328652 -0.00327163 0.00741297 -0.00144416 -0.0050908 0.00644379 -0.00982594
internal_weight=2961.58 1391 1337.77 1570.57 592.96 977.614 559.999 358.823 201.175 74.6346 53.132 287.819 90.4461 68.9421 417.615 46.3315 126.541 47.6132 330.281 228.288 101.993 78.9275
internal_count=1214191 970264 960489 243927 90623 153304 110185 69484 40701 17550 11139 35150 2507 641 43119 7021 23151 8118 65691 52797 12894 15033
is_linear=0
shrinkage=0.04


Tree=210
num_leaves=23
num_cat=0
split_feature=8 17 5 1 0 5 1 26 15 1 14 4 2 5 2 18 28 0 18 17 30 30
split_gain=7.41525 6.76147 6.59397 15.5384 11.8502 11.9362 7.59773 7.65017 7.72597 8.10791 10.1883 7.39582 7.3688 16.2728 10.5885 10.4172 9.89885 10.9181 8.92266 7.59751 7.26101 7.20532
threshold=0.9234740436077119 9.3102660179138201 1.2948824763298037 0.25519257783889776 0.13894943892955783 0.96238839626312267 0.30867354571819311 0.81158882379531871 3.3140207529067998 0.22614195942878726 3.3924698829650883 0.22960910946130755 0.10672112926840784 1.6036304831504824 0.017112603411078457 1.0657715201377871 0.41987481713294988 0.17180383205413821 1.2351780533790591 6.2156071662902841 1.980674207210541 2.0300462245941167
decision_type=2 2 2 2 2 2 2 2 2 2 2 2 2 2 2 2 2 2 2 2 2 2
left_child=1 -1 3 4 5 20 7 21 -9 10 -10 -8 13 15 18 -13 -14 -18 -15 -20 -2 -4
right_child=2 -3 6 -5 -6 -7 11 8 9 -11 -12 12 16 14 -16 -17 17 -19 19 -21 -22 -23
leaf_value=-0.0015073501767795504 0.016585041476236285 -0.014987004841498197 0.0055713997601634074 0.013054106629087726 0.022534701305941811 -0.0097214995402768022 0.018844804691942996 -0.0031665111783102783 0.0085511474815756789 0.020476174582405464 -0.024366546197055011 0.0014986038546429151 -0.019552215078221954 -0.013027639502269444 -0.006276437236773829 -0.024338426599378616 0.0096806619107888577 -0.004937477313739053 -0.0096261496212127328 0.028667432079865929 -0.0096563667015611074 -0.0080892777047771244
leaf_weight=1337.4766926849566 47.819156925166112 52.560656127829361 112.71719030832344 228.13369510970438 20.015407992671044 164.17023781034766 14.670124264825061 62.350888982140532 86.030041359921597 91.219806285088907 7.9988555418976821 31.325154876161832 25.668114168992588 7.6536204306175923 101.01000541338897 94.701068902916518 159.16615888413651 149.41326377677888 5.1258294646429468 32.256094784919469 16.208960715111743 114.79626807938234
leaf_count=904272 4930 65992 29250 25558 1607 33212 1379 2379 1290 1410 321 360 6041 81 16410 27065 20843 15523 1758 4075 5515 44920
internal_value=-7.08775e-10 -0.00212045 0.00187602 0.0057524 -0.00120427 -0.00414506 0.000154641 0.0039172 0.00864167 0.0125747 0.0036778 -0.00274052 -0.00356007 -0.00832161 0.000891008 -0.0182783 0.000444884 0.00266979 0.0151863 0.0224932 0.00953489 -0.00137173
internal_weight=2962.49 1390.04 1572.45 476.347 248.214 228.198 1096.1 475.113 247.6 185.249 94.0289 620.989 606.319 272.072 146.046 126.026 334.248 308.579 45.0355 37.3819 64.0281 227.513
internal_count=1214191 970264 243927 70822 45264 43657 173105 79570 5400 3021 1611 93535 92156 49749 22324 27425 42407 36366 5914 5833 10445 74170
is_linear=0
shrinkage=0.04


Tree=211
num_leaves=23
num_cat=0
split_feature=3 3 3 14 26 15 28 26 25 0 12 15 15 6 18 18 15 26 22 6 17 6
split_gain=7.31967 28.223 20.4961 8.21827 7.22856 7.93885 7.09758 9.16574 9.90024 7.75223 6.68366 6.36624 6.23865 6.63109 5.71426 8.62485 7.36081 11.1466 7.62886 7.08115 6.69787 8.77336
threshold=0.057607917115092284 0.0028937865281477575 0.022492461837828163 1.1629040241241457 0.80383363366127025 2.1383330821990971 0.0096824499778449553 0.97964814305305492 1.0000000180025095e-35 0.040484447032213218 0.6772570312023164 2.9700856208801274 3.2384861707687382 0.36478887498378759 0.29086543619632726 0.055232372134923942 4.0689902305603036 0.90415155887603771 34.500000000000007 0.18995435535907748 5.6750385761260995 0.45738311111927038
decision_type=2 2 2 2 2 2 2 2 2 2 2 2 2 2 2 2 2 2 2 2 2 2
left_child=1 3 -3 11 10 -6 9 -8 12 -2 -4 -1 -9 -14 15 16 17 -5 -18 -16 21 -21
right_child=6 2 4 14 5 -7 7 8 -10 -11 -12 -13 13 -15 19 -17 18 -19 -20 20 -22 -23
leaf_value=-0.0011737996843518349 -0.010148031808411699 -0.034403858414452017 -0.017791580597665127 -0.024182784759976848 0.0080005442962143743 -0.024774850326939615 0.0043225416754180618 -0.020499175362211162 0.010170058298394737 0.00870441507542692 0.0092133633482369102 -0.027711088825508701 -0.017775999334286825 0.0036348312344803573 0.0048323711079504049 -0.02283587721512326 -0.013303509984511979 0.012171454828030795 0.022777867268725785 0.003539019758237102 0.00050969411587340851 -0.018642286196424284
leaf_weight=30.171432077977727 128.21098394223463 57.831028947812001 9.347349785084246 22.097493742213373 10.925999096681606 31.816755931460648 1129.495379182782 48.31700943618489 42.186089928691217 38.180210453154359 52.80573327438367 19.533324894619398 23.702802985289964 66.03121518552507 534.14838733201782 30.163751371803755 5.7045131058384895 15.180866802809758 21.935324361783387 42.564710068285535 539.46230407609187 62.347910555687463
leaf_count=96138 44755 193538 33551 4894 465 1545 360330 509 468 7040 25268 93915 240 544 142769 4005 472 104 1145 15551 164296 22649
internal_value=-5.57817e-10 -0.00197513 -0.017182 9.69608e-06 -0.00551937 -0.0164683 0.00198831 0.00298398 -0.00519066 -0.00557391 0.00324909 -0.0144972 -0.0102545 -0.00323601 0.000684386 -0.00826403 0.000651036 -0.00993518 0.0137751 0.00146979 -0.00134884 -0.0101181
internal_weight=2962.16 1486.04 162.727 1323.31 104.896 42.7428 1476.12 1309.73 180.237 166.391 62.1531 49.7048 138.051 89.734 1273.61 95.0819 64.9182 37.2784 27.6398 1178.52 644.375 104.913
internal_count=1214191 800305 254367 545938 60829 2010 413886 362091 1761 51795 58819 190053 1293 784 355885 10620 6615 4998 1617 345265 202496 38200
is_linear=0
shrinkage=0.04


Tree=212
num_leaves=23
num_cat=0
split_feature=26 26 12 5 24 22 27 8 13 15 23 28 15 28 15 18 16 28 22 12 30 23
split_gain=7.47893 10.3978 9.4404 8.1544 8.48363 6.96987 7.7852 6.69215 6.56289 6.46602 6.29888 6.25963 9.30809 8.01161 6.85623 6.69768 6.23833 6.19334 11.3123 7.67807 6.05635 5.96601
threshold=0.97964814305305492 0.88382774591445934 0.6602836847305299 0.69514328241348278 1.7005987167358401 46.500000000000007 0.96805655956268322 0.99376392364501964 0.60306569933891307 0.89587974548339855 3.5000000000000004 0.60532721877098095 3.4175922870635991 0.38959158957004553 1.7005987167358401 1.9410021901130678 4.8247368335723886 0.68989682197570812 16.500000000000004 0.91535034775733959 0.70171770453453075 2.5000000000000004
decision_type=2 2 2 2 2 2 2 2 2 2 2 2 2 2 2 2 2 2 2 2 2 2
left_child=1 2 3 -1 16 6 7 9 -3 -2 -6 12 -9 -14 -13 -16 -5 19 -19 -4 -7 -21
right_child=5 8 17 4 10 20 -8 11 -10 -11 -12 14 13 -15 15 -17 -18 18 -20 21 -22 -23
leaf_value=-0.015803816596324967 0.0060190054015819144 0.0166675554469842 0.0079301841282378716 -0.011751446634828647 -0.015507054254365927 0.01769199585899903 0.011225870100384569 -0.012905532496540266 0.0038188999359776254 -0.023516282030554492 0.010117965792141852 0.0078125791413969307 -0.0082459721135305537 0.018330012030006955 -0.027254533569037686 -0.0051614540073226071 0.0049673879249932376 -0.016263811387219357 0.013445033730504499 0.0016961020206075529 -0.0032273501808966465 -0.0035929117113045902
leaf_weight=91.76027941428066 9.8798441250546585 65.726565163151463 166.19078490920401 34.19473377534041 85.277264698728743 26.204156820815115 23.104736211851559 34.842338149135685 475.44862275273863 64.632420248757626 11.152959935049749 17.454391782115636 20.032256028214761 45.079884309481713 36.674487479729578 52.691444512545786 179.3181982581562 15.814008675777584 113.24308729979475 675.57086871140621 50.708494970196625 670.66087922875579
leaf_count=343951 134 1136 29797 62991 169476 299 267 374 12967 1303 22003 224 149 258 293 910 192106 1188 2741 175827 505 195292
internal_value=-5.43437e-10 0.000777502 -0.000535236 -0.0059523 -0.0026329 -0.00515486 -0.00783009 -0.00972699 0.00565348 -0.0193513 -0.0118711 -0.00552613 0.00166665 0.0101444 -0.0118231 -0.0160585 0.00188385 0.000818443 0.00889687 7.51888e-05 0.00511544 -0.000945824
internal_weight=2965.66 2584.36 2043.18 401.703 309.943 381.304 304.392 281.287 541.175 74.5123 96.4302 206.775 99.9545 65.1121 106.82 89.3659 213.513 1641.48 129.057 1512.42 76.9127 1346.23
internal_count=1214191 1209475 1195372 790527 446576 4716 3912 3645 14103 1437 191479 2208 781 407 1427 1203 255097 404845 3929 400916 804 371119
is_linear=0
shrinkage=0.04


Tree=213
num_leaves=23
num_cat=0
split_feature=26 26 28 29 1 15 17 0 12 6 0 4 9 26 27 6 3 0 8 17 2 9
split_gain=7.5538 10.264 10.6591 11.1068 9.67824 8.36599 8.08909 10.2147 8.20213 8.02131 10.083 9.15049 9.07862 8.56743 7.67285 11.6995 7.61583 8.56852 7.47343 7.09653 6.87388 6.89236
threshold=0.97964814305305492 0.78973713517189037 0.1130361706018448 0.14021408557891848 0.1059592366218567 4.3372693061828622 6.5517940521240243 0.079660274088382735 0.98446542024612438 0.61903205513954174 0.21079399436712268 0.91892123222351085 0.0010970159200951459 0.93302914500236522 0.28336521983146673 1.1913692355155947 0.16380618512630465 0.0899033658206463 0.59179851412773143 4.1190040111541757 0.011425491422414781 0.43367239832878118
decision_type=2 2 2 2 2 2 2 2 2 2 2 2 2 2 2 2 2 2 2 2 2 2
left_child=1 2 14 5 20 19 -6 8 -8 12 11 13 -9 16 -1 -16 17 -11 -13 -4 21 -3
right_child=-2 4 3 -5 6 -7 7 9 -10 10 -12 18 -14 -15 15 -17 -18 -19 -20 -21 -22 -23
leaf_value=-0.0073793367563575411 -0.0051758882809946399 -0.021900723359200531 -0.010579576397416973 -0.00073143091518526018 0.0062921634172395267 -0.0046489219730826313 -0.0097810229786273305 -0.0011593599202900701 0.013079850528943225 0.0091453857882919549 -0.01653652027346603 -0.01511894074373338 0.016521333681630977 0.013343759528382357 0.01545677297856793 -0.020570993965660891 0.0046077692771536545 -0.027629082081318514 0.021022711011613807 0.019558300115022853 0.018326515091596111 0.01075888965405049
leaf_weight=496.33969048103768 381.91332152134601 8.4031850976780351 7.8446022772037898 739.57529228224701 442.73944883887998 35.291379136482931 205.94198130414043 78.041915120803424 19.67977854172932 7.8708920859598939 47.808106350037633 3.6226671213371437 100.52750656192075 23.13062687648744 47.711083675111468 9.8426486320124678 27.090224639905045 33.494141270133696 42.539572421128923 96.034149919138059 95.328015331827373 14.305044150379215
leaf_count=389860 4716 532 6491 682083 21398 13428 11315 3343 178 316 4536 263 3902 387 12131 3475 1411 2864 3872 45799 1502 389
internal_value=-6.77459e-10 0.000782249 -0.00147394 0.00126723 0.00358016 0.0112255 0.00226968 -0.000804663 -0.0073165 0.00331795 -0.00246813 0.00320334 0.00914247 -0.00418638 -0.00576812 0.00716236 -0.0110555 -0.0202135 0.0159994 0.0165532 0.0139706 -0.00432759
internal_weight=2965.08 2583.16 1432.64 878.745 1150.52 139.17 1032.49 589.747 225.622 364.126 185.556 137.748 178.569 91.5859 553.893 57.5537 68.4553 41.365 46.1622 103.879 118.036 22.7082
internal_count=1214191 1209475 1153267 747801 56208 65718 53785 32387 11493 20894 13649 9113 7245 4978 405466 15606 4591 3180 4135 52290 2423 921
is_linear=0
shrinkage=0.04


Tree=214
num_leaves=23
num_cat=0
split_feature=26 26 28 4 16 7 17 1 2 17 18 14 9 30 22 15 17 17 17 27 8 23
split_gain=7.79713 9.27717 9.56394 13.8107 10.0951 8.78448 7.35508 7.14217 9.2124 7.93907 8.26419 9.41669 7.32807 6.99582 6.90501 6.89784 7.12009 7.98029 7.31776 6.8905 6.4686 9.761
threshold=0.97964814305305492 0.78283172845840465 0.080209389328956618 0.11324520781636239 4.9559447765350351 0.61348608136177074 8.8415904045104998 0.1059592366218567 0.011425491422414781 7.6011524200439462 2.5697745084762578 2.5001558065414433 0.43367239832878118 1.9436404109001162 46.500000000000007 1.4978661537170412 7.9019322395324716 6.5517940521240243 9.8548717498779315 0.087433051317930235 0.99376392364501964 2.5000000000000004
decision_type=2 2 2 2 2 2 2 2 2 2 2 2 2 2 2 2 2 2 2 2 2 2
left_child=1 2 -1 6 5 -5 -4 8 12 -9 11 13 -3 -11 20 -6 17 19 -18 -17 -2 -22
right_child=14 7 3 4 15 -7 -8 9 -10 10 -12 -13 -14 -15 -16 16 18 -19 -20 -21 21 -23
leaf_value=-0.0059465818703693012 -0.017087076524135488 -0.02468563642824757 0.0066205946677097465 -0.011223251741797492 -0.01136878973850527 0.0052944848356123973 0.028512524115188738 0.0043594421886418181 0.016995283181045043 -0.030110643699383245 -0.012591471984052761 0.0045540773449928807 0.0086718102595376174 0.0061629637890260412 0.0049939393770514614 0.016829835503929788 0.015346489712457587 -0.0060588740094661879 -0.015179440263357602 0.00069383908933213373 -0.013091329544415999 0.0030210674880989806
leaf_weight=478.27954047291234 79.284252601748449 9.5244598885155956 139.20817983541792 207.27242816662596 44.284541584740168 60.908582770585213 23.008749235214054 775.22914469828402 101.88194995025515 14.103918575769059 91.366265005082596 185.51795766697614 14.939814864570506 8.6875301767140609 76.936299048592446 54.429053487612919 98.082879336108192 144.12491432622397 6.1811385550206515 126.19686014874179 96.916400501600947 130.84421302414285
leaf_count=363142 1476 576 67023 261638 70204 47198 8045 40402 1679 645 14361 3016 429 107 804 36007 61139 125426 12869 95569 1246 1190
internal_value=9.58522e-11 0.000796548 -0.00143446 0.000992516 -0.00136018 -0.00741632 0.011201 0.00335386 0.0119971 0.00223669 -0.00321808 0.00128162 -0.00770944 -0.0186211 -0.00524297 0.0021538 0.00377681 0.000731905 0.0123667 0.00618399 -0.00788464 -0.00409731
internal_weight=2967.21 2583.23 1381.98 903.697 741.48 268.181 162.217 1201.25 126.346 1074.9 299.676 208.309 24.4643 22.7914 383.981 473.299 429.015 324.751 104.264 180.626 307.045 227.761
internal_count=1214191 1209475 1148260 785118 710050 308836 75068 61215 2684 58531 18129 3768 1005 752 4716 401214 331010 257002 74008 131576 3912 2436
is_linear=0
shrinkage=0.04


Tree=215
num_leaves=23
num_cat=0
split_feature=26 15 16 28 4 3 15 3 1 14 22 27 13 14 6 27 26 26 17 7 22 16
split_gain=8.17374 9.52351 7.16644 9.37721 10.0293 8.18797 7.83383 7.48262 7.45415 19.6758 8.61917 9.1549 10.2921 7.79375 7.77712 6.80221 6.71748 6.56675 6.96015 7.32836 8.30578 8.66545
threshold=0.97964814305305492 1.8688347935676577 4.9743888378143319 0.080209389328956618 0.073672004044055953 0.040592283010482795 6.6180710792541513 0.0028937865281477575 0.55202105641365062 3.3225247859954838 38.500000000000007 0.24244493991136554 0.19920570403337481 3.2053925991058354 0.33196201920509344 0.26474970579147344 0.69901371002197277 0.35338135063648229 3.2769666910171513 0.08657569065690042 23.500000000000004 4.8772296905517587
decision_type=2 2 2 2 2 2 2 2 2 2 2 2 2 2 2 2 2 2 2 2 2 2
left_child=1 -1 6 4 16 7 17 8 9 10 11 -5 -13 -14 -12 -16 -4 -3 -19 -20 21 -21
right_child=-2 2 3 5 -6 -7 -8 -9 -10 -11 14 12 13 -15 15 -17 -18 18 19 20 -22 -23
leaf_value=-0.00529099786619717 -0.0053646389894917842 -0.017997434078614951 -0.0041001075013778442 0.0036329032223918214 -0.022139803736954358 0.009024342058014518 0.012788781738463711 -0.016553108206128299 0.013067903236648351 -0.027946829446736179 0.01537656920053016 0.01139841770138127 -0.03229950072585358 0.0083477183793765168 -0.013360024752073577 0.0086519046559644739 0.01080279835829904 -0.01082787185266108 0.0065611888907979544 -0.0018950700508687096 -0.00014267563219201904 -0.028507226456164731
leaf_weight=343.54142217450499 384.41032061041278 27.220868298500591 155.3122123577358 82.136314427807065 27.503052653795635 515.39238200988109 55.366592241466378 23.976246451765576 81.640532294290551 25.767614883139458 104.28274255899629 9.6086716792738098 29.690835686729883 4.9650733909134024 30.593324086409666 40.447781153213668 58.42980851520133 90.55664291042126 213.03521115967044 46.558581375601079 590.2629802086758 25.848010315036049
leaf_count=301662 4716 123305 119526 49716 18596 132666 11050 42859 16230 1986 30779 5242 15002 252 12753 9373 1103 34649 50957 28854 183802 19113
internal_value=6.48058e-10 0.000816265 0.00177287 0.00388463 -0.00306026 0.00566451 -0.000636646 0.00155294 0.00298363 0.000157002 0.00337663 -0.00439029 -0.0172039 -0.0259108 0.00891099 -0.00130623 0.000274582 -0.00150483 -0.000860621 0.000280707 -0.00180587 -0.0137017
internal_weight=2966.55 2582.14 2238.6 1189.75 241.245 948.502 1048.85 433.109 409.133 327.492 301.725 126.401 44.2646 34.6559 175.324 71.0411 213.742 993.482 966.261 875.705 662.67 72.4066
internal_count=1214191 1209475 907813 456083 139225 316858 451730 184192 141333 125103 123117 70212 20496 15254 52905 22126 120629 440680 317375 282726 231769 47967
is_linear=0
shrinkage=0.04


Tree=216
num_leaves=23
num_cat=0
split_feature=26 26 12 5 24 13 27 7 5 28 14 0 6 23 22 0 0 29 29 9 30 24
split_gain=7.97348 9.80948 9.06928 7.79311 8.2705 6.69231 6.37202 6.76168 11.0963 7.31054 6.94629 7.92617 6.83636 6.3067 6.21313 8.1785 8.35464 8.3015 7.44844 7.71557 9.98044 6.7601
threshold=0.97964814305305492 0.88382774591445934 0.6602836847305299 0.69514328241348278 1.7005987167358401 0.60306569933891307 0.8270852565765382 0.7679525911808015 1.8563855886459353 0.51445010304451 3.3924698829650883 0.075041104108095183 1.2932289242744448 3.5000000000000004 46.500000000000007 0.25344176590442663 0.028834160417318348 0.99979683756828319 0.92155727744102489 0.4263321608304978 0.86243858933448803 1.2424533367156985
decision_type=2 2 2 2 2 2 2 2 2 2 2 2 2 2 2 2 2 2 2 2 2 2
left_child=1 2 3 -1 -5 -3 7 10 -9 -10 -7 -12 -13 -6 15 16 -2 -17 19 21 -21 -18
right_child=14 5 -4 4 13 6 -8 8 9 -11 11 12 -14 -15 -16 17 18 -19 -20 20 -22 -23
leaf_value=-0.015487432006930214 0.0018925952484303819 0.016586948970775561 0.00085213491928445612 0.0019173395136821366 -0.015373320523363496 0.0036324429729282905 -0.015237077651310367 0.01566289200414801 0.0066576529926724174 -0.02555859284998338 0.0072890950926921593 -0.031097151221347836 0.0067383629465053007 0.010198083906913463 0.0044210560725164803 -0.0095778703642766978 -0.0071359102683528422 0.015698668645367529 -0.031830262358820145 -0.025469624603728269 0.004164473966201284 -0.033296321328901771
leaf_weight=90.71725075784633 58.641582184984145 66.530402706181121 1642.5446407615404 212.29473112978286 84.664474332615669 252.62073975291014 17.469462130429747 134.11541625387781 17.411616195488481 11.114793248492331 16.193903427105397 20.457640106789771 6.0920739011198739 11.234065054346386 77.344945761086819 29.645145528342255 42.874869874423894 34.88658353354549 27.411664602689598 13.030872883369737 77.552644566430899 24.352629264685675
leaf_count=343951 1291 1136 404845 255097 169476 4956 1035 4369 581 1355 203 375 93 22003 804 362 303 360 551 165 607 273
internal_value=-1.88027e-10 0.000806997 -0.000470011 -0.00580175 -0.00255362 0.0055382 0.0036824 0.00471419 0.011006 -0.00927072 0.00100265 -0.0122817 -0.0229471 -0.0116976 -0.0052886 -0.00778613 -0.0110453 0.0043598 -0.0150286 -0.0103873 -0.00220689 -0.0196967
internal_weight=2969.2 2583.46 2041.46 398.911 308.193 542.006 475.476 458.006 162.642 28.5264 295.364 42.7436 26.5497 95.8985 385.741 308.396 243.864 64.5317 185.223 157.811 90.5835 67.2275
internal_count=1214191 1209475 1195372 790527 446576 14103 12967 11932 6305 1936 5627 671 468 191479 4716 3912 3190 722 1899 1348 772 576
is_linear=0
shrinkage=0.04


Tree=217
num_leaves=23
num_cat=0
split_feature=3 3 3 16 28 0 7 16 18 12 3 22 31 1 2 3 16 22 3 22 18 18
split_gain=6.84543 26.4358 21.2008 6.49741 6.07735 7.60081 7.47956 6.9156 13.8837 8.76917 6.83539 7.31695 6.46755 10.2429 5.78703 7.06448 6.32875 5.76431 5.68911 5.79518 5.6084 8.23185
threshold=0.057607917115092284 0.0028937865281477575 0.022492461837828163 4.9848062992095956 0.0096824499778449553 0.040484447032213218 0.08657569065690042 4.9260170459747323 2.0692632198333745 0.97770684957504284 0.12466229498386384 18.500000000000004 3.113268375396729 0.68219920992851268 0.0062219831161201009 0.12710126489400866 4.9063270092010507 27.500000000000004 0.17430504411458972 9.5000000000000018 0.29086543619632726 0.055232372134923942
decision_type=2 2 2 2 2 2 2 2 2 2 2 2 2 2 2 2 2 2 2 2 2 2
left_child=1 20 -3 -4 5 18 17 8 9 14 11 -9 -10 -14 -8 -16 -17 -6 19 -2 21 -1
right_child=4 2 3 -5 6 -7 7 10 12 -11 -12 -13 13 -15 15 16 -18 -19 -20 -21 -22 -23
leaf_value=-9.8442248681026079e-05 0.011185642758938897 -0.034303070424994732 -0.014442819552467212 0.0040240981766970696 0.019004084245758276 0.0090543472874072238 0.020822681435185963 -0.01187099112000287 -0.0017329005969751623 -0.0080741058903480885 0.0012400494951208859 0.011285228881730749 -0.023427677781640132 0.0057319472714240155 -0.01337682744111689 0.013156845471984219 -0.015925164778587648 0.0038547942712140806 -0.001416935840760254 -0.021436590721668081 0.00077485317552314164 -0.022768997729000852
leaf_weight=67.80032942921207 3.804479011597663 57.034780270287399 48.097589411093793 57.120415452022712 64.864764381377313 37.642621888344934 40.558671413320326 16.035592293202569 76.998608140421652 54.025378770386851 556.47269734547433 219.02866057669956 75.154884974054653 20.510182255809241 20.381545204533722 67.018909921049271 5.4724071462660495 101.21799913715438 69.336181147582579 53.82596059564878 1223.8205100817638 31.284297951766575
leaf_count=16196 543 193538 31288 29541 13784 7040 1875 9145 20329 2359 145235 45815 86566 9159 1461 2547 227 23589 21254 22958 520087 9655
internal_value=-3.82192e-10 -0.00191292 -0.0166528 -0.00493841 0.00191652 -0.00512482 0.00282809 0.00163861 -0.00290317 0.0045394 0.0037154 0.00928562 -0.0107895 -0.0172252 0.00985337 0.00350449 0.00929704 0.0105147 -0.00968275 -0.0179475 6.27863e-06 -0.00868739
internal_weight=2967.51 1485.16 162.253 105.218 1482.35 164.609 1317.74 1151.66 360.121 187.457 791.537 235.064 172.664 95.6651 133.432 92.8729 72.4913 166.083 126.967 57.6304 1322.91 99.0846
internal_count=1214191 800305 254367 60829 413886 51795 362091 324718 124523 8469 200195 54960 116054 95725 6110 4235 2774 37373 44755 23501 545938 25851
is_linear=0
shrinkage=0.04


Tree=218
num_leaves=23
num_cat=0
split_feature=26 26 12 31 31 10 10 25 6 4 31 31 16 2 13 23 22 5 18 30 5 5
split_gain=6.4474 8.81951 8.39721 7.68165 12.7968 9.27014 7.15162 6.8598 8.8639 7.78707 9.37768 9.05844 8.94769 11.6366 6.63417 6.55548 6.15669 6.13797 6.11927 5.72689 7.94786 13.1824
threshold=0.97964814305305492 0.88382774591445934 0.6602836847305299 8.9077382087707537 3.4334666728973393 0.47865854203701025 0.002432426437735558 1.0000000180025095e-35 0.0017312591080553832 0.49539437890052801 8.1347699165344256 7.7612791061401376 4.9711363315582284 0.093174476176500334 0.60306569933891307 2.5000000000000004 48.500000000000007 1.7691159248352053 2.7765965461730961 2.7071197032928471 1.8806140422821047 1.6953707337379458
decision_type=2 2 2 2 2 2 2 2 2 2 2 2 2 2 2 2 2 2 2 2 2 2
left_child=1 2 3 4 5 -1 -5 9 -9 12 11 15 -2 17 -3 -11 -12 -14 -6 -16 21 -21
right_child=7 14 -4 6 18 -7 -8 8 -10 10 16 -13 13 -15 19 -17 -18 -19 -20 20 -22 -23
leaf_value=0.0047871771263116028 0.01205551578549474 0.016133370104570752 0.00078425006860621512 -0.010181713598310225 0.0046025567157401536 -0.0092225873251228201 0.024238271397243955 -0.014353143480090296 0.013026089373086996 -0.02426680385286201 -0.02644139751186602 0.010385619687822582 -0.035883103397141881 0.0071871250845566949 0.006786961344125886 -0.0032293380689937617 0.0026498099618047612 0.0052411116050254626 -0.023217135534140038 -0.0061904003142294562 -0.020321227302609643 0.016623365578047288
leaf_weight=133.30738203122701 52.886457707325462 67.322341318652434 1642.9867812916521 8.3471023999415497 11.320140090081962 151.52220522263485 15.918522715002437 17.221690890022728 56.340919495460184 27.812207116450736 62.596801152025364 37.30816327087814 14.67113120738941 25.613862608336603 289.69347724300178 73.752722421909311 11.8212817893218 4.5991038659412871 77.438262744139365 112.88744663158923 21.973865617877436 50.545001958426383
leaf_count=127312 786 1136 404845 118814 1376 46154 17901 248 623 476 593 261 720 154 6594 754 84 17 478970 3304 1341 1728
internal_value=-3.51821e-10 0.000724834 -0.000486524 -0.00562491 -0.00713149 -0.00272569 0.0128822 -0.00476323 0.00566576 -0.00732922 -0.011458 -0.00467998 0.00190524 -0.0100721 0.00520882 -0.0106489 -0.0220538 -0.0276308 -0.0195623 0.00336013 -0.00206753 0.00141692
internal_weight=2967.89 2583.26 2040.84 397.854 373.588 284.83 24.2656 384.624 73.5626 311.062 213.291 138.873 97.7706 44.8841 542.422 101.565 74.4181 19.2702 88.7584 475.1 185.406 163.432
internal_count=1214191 1209475 1195372 790527 653812 173466 136715 4716 871 3845 2168 1491 1677 891 14103 1230 677 737 480346 12967 6373 5032
is_linear=0
shrinkage=0.04


Tree=219
num_leaves=23
num_cat=0
split_feature=26 14 16 26 6 9 25 6 16 15 18 29 15 12 28 28 24 2 15 8 27 27
split_gain=6.75597 8.7493 7.67723 7.38488 8.48206 12.8223 6.22281 8.541 7.34874 6.75966 9.05971 6.68159 11.239 6.2096 9.23449 6.5635 6.6888 8.80003 6.18547 5.9427 5.79311 13.4042
threshold=0.97964814305305492 1.8815903663635256 4.739781618118287 0.30171613395214086 0.15688692033290866 0.34891735017299658 1.0000000180025095e-35 0.0017312591080553832 1.8999999761581423 3.2384861707687382 0.15431035310029986 0.88422259688377391 3.6762205362319951 0.27862021327018743 0.43552540242671972 0.71719485521316539 2.6020033359527592 0.22477746754884723 6.688976764678956 0.03342667035758496 0.69110804796218883 0.62014630436897289
decision_type=2 2 2 2 2 2 2 2 2 2 2 2 2 2 2 2 2 2 2 2 2 2
left_child=1 2 19 -4 -5 -6 8 -8 -2 10 -10 -11 -13 14 18 20 -17 -18 -3 -1 21 -15
right_child=6 13 3 4 5 -7 7 -9 9 11 -12 12 -14 15 -16 16 17 -19 -20 -21 -22 -23
leaf_value=-0.00086829742352257961 0.012192346493831272 -0.020622863729151387 -0.017390333092290169 0.0037716197475224067 -0.01980402139920915 0.0022283461177405287 -0.014402569516690311 0.012367809025047584 0.012306001311601518 -1.5396400146615542e-05 -0.020420337125881396 0.010795700895486648 -0.028549628407856145 0.0017968392477668617 0.0010642184047096818 0.012191968740891197 -0.01348710267442256 0.018009510520471821 0.011738533488659065 -0.021643617073184612 0.011563612368380424 -0.022230800793168144
leaf_weight=36.28818299056141 20.046125038337777 52.806937377013526 32.843339610996225 311.21932176537962 63.940712409992614 94.504689130364909 17.406249684023351 56.294803917575337 8.8255251245573145 151.49523694385061 94.505530124169582 10.749599484563076 26.318866506053382 1445.6464375901035 149.27177494365316 184.92317440868101 34.907960842723696 11.052512009628115 4.4904426633947869 49.695364810959603 81.804380651918109 28.146977438098475
leaf_count=57348 208 103390 192034 256300 115107 116260 248 623 36 1689 1389 91 432 70742 159586 3419 932 109 1114 130581 1395 1158
internal_value=1.27691e-10 0.000743267 -0.00350416 -0.00149265 -4.15576e-05 -0.00731068 -0.00486856 0.00508 -0.00730385 -0.00900228 -0.016786 -0.00410634 -0.0172702 0.00200864 -0.00441274 0.00277157 0.00892532 -0.00404809 -0.0167193 -0.0138796 0.00180705 0.00119122
internal_weight=2967.18 2581.54 588.492 502.508 469.665 158.445 385.642 73.7011 311.941 291.895 103.331 188.564 37.0685 1993.05 206.569 1786.48 230.884 45.9605 57.2974 85.9835 1555.6 1473.79
internal_count=1214191 1209475 867630 679701 487667 231367 4716 871 3845 3637 1425 2212 523 341845 264090 77755 4460 1041 104504 187929 73295 71900
is_linear=0
shrinkage=0.04


Tree=220
num_leaves=23
num_cat=0
split_feature=26 14 16 26 6 9 12 28 28 24 5 15 8 16 23 4 4 17 3 1 6 7
split_gain=7.9176 8.89009 7.23439 6.977 7.94502 11.9456 6.07048 7.99234 6.82326 8.09976 6.49327 5.81753 5.77411 5.70796 7.90242 8.56314 11.6706 7.27567 7.05725 6.59277 6.28263 8.81517
threshold=0.97964814305305492 1.8815903663635256 4.739781618118287 0.30171613395214086 0.15688692033290866 0.34891735017299658 0.27862021327018743 0.43552540242671972 0.73082149028778087 3.8176519870758061 0.38045319914817816 6.688976764678956 0.03342667035758496 1.8999999761581423 2.5000000000000004 0.76890552043914806 0.66286209225654613 7.7419674396514901 0.025899167172610763 0.39832730591297155 1.0000000180025095e-35 0.3531502783298493
decision_type=2 2 2 2 2 2 2 2 2 2 2 2 2 2 2 2 2 2 2 2 2 2
left_child=1 2 12 -4 -5 -6 7 11 -8 10 -10 -3 -1 -2 18 16 17 20 19 -15 -16 -22
right_child=13 6 3 4 5 -7 8 -9 9 -11 -12 -13 -14 14 15 -17 -18 -19 -20 -21 21 -23
leaf_value=-0.0007862169719299488 0.010679188610244002 -0.019675307974564613 -0.017062499800446166 0.0035602306277448155 -0.019349399545921679 0.0019844374274988977 0.0018972157939183768 0.00080142380602486621 -0.010736663243414735 -0.011389069585694741 0.013877118837415639 0.011611646989566848 -0.02128501046454517 -0.0054350543594881544 0.0078677028496735319 0.0069175543152447672 -0.030765223134943193 0.010290461238012159 -0.0049245224500160155 -0.033682701010195722 0.0078662338517397207 -0.023057588186898684
leaf_weight=36.238524146154816 24.484502622555738 51.99026107920804 32.424375704841054 311.91028633796145 63.019631765429324 94.952719483152919 1575.8157397388052 149.36443905371027 11.583312045775527 19.014004053198732 180.82419358080278 4.4710407863771016 49.197446138206146 26.1850091957931 19.424309188863845 94.812583408096998 19.146642038263963 39.017214293545294 77.192493271488274 31.106534759877832 14.770631525199859 42.416236889999709
leaf_count=57348 264 103390 192034 256300 115107 116260 73692 159586 408 333 3322 1114 130581 1154 113 892 227 230 873 492 87 384
internal_value=-1.31418e-10 0.000807411 -0.00347771 -0.00152722 -0.000121986 -0.0071715 0.00208212 -0.00428089 0.00283466 0.00942056 0.0119381 -0.0158234 -0.0135837 -0.00524856 -0.00657658 -0.00187608 -0.00811281 -0.00221151 -0.0139159 -0.0234984 -0.00903161 -0.0150884
internal_weight=2969.36 2580.81 587.743 502.307 469.883 157.972 1993.06 205.826 1787.24 211.422 192.408 56.4613 85.436 388.556 364.072 229.588 134.775 115.628 134.484 57.2915 76.6112 57.1869
internal_count=1214191 1209475 867630 679701 487667 231367 341845 264090 77755 4063 3730 104504 187929 4716 4452 1933 1041 814 2519 1646 584 471
is_linear=0
shrinkage=0.04


Tree=221
num_leaves=23
num_cat=0
split_feature=26 28 26 10 7 28 31 17 22 16 22 27 28 16 29 15 16 28 13 17 17 1
split_gain=7.28183 8.89461 13.3481 9.72381 9.23512 9.81459 8.57707 7.14414 7.06844 11.37 10.091 8.83896 8.0441 12.1303 10.8484 10.6509 7.84151 12.7963 8.64272 7.22812 10.1536 12.7394
threshold=0.97964814305305492 0.080209389328956618 0.78973713517189037 0.0013608087901957335 0.10205914825201036 0.71719485521316539 3.3315663337707524 8.8415904045104998 38.500000000000007 4.9732379913330087 40.500000000000007 0.76216021180152904 0.53169122338294994 4.9224615097045907 0.65940755605697643 4.0342013835906991 4.8184869289398202 0.13065080344676974 0.84555059671401989 6.5395848751068124 7.9745314121246347 0.36975719034671789
decision_type=2 2 2 2 2 2 2 2 2 2 2 2 2 2 2 2 2 2 2 2 2 2
left_child=1 2 -1 6 7 8 -3 -5 11 12 -11 16 14 -14 -10 -16 18 -18 -6 -19 21 -21
right_child=-2 3 -4 4 5 -7 -8 -9 9 10 -12 -13 13 -15 15 -17 17 19 -20 20 -22 -23
leaf_value=-0.006062710465392771 -0.0050416507232553531 0.0030687351571005161 0.011949346059234431 0.0066533367422351121 -0.012438960433057419 0.0084467401702328204 -0.020377038138859441 0.026970215946432272 -0.00355678595889573 0.020188222424396857 0.0042238071470295461 0.017217190841833353 -0.0015340970373562755 -0.036237351924597747 -0.0094125431510232137 0.022561949746978126 0.013214815061146785 -0.00171725399050443 0.010255821262785915 -0.027035639758029712 -0.0018659559421905856 -0.0049761798353090544
leaf_weight=482.11802377348113 387.42154390195446 40.268786361841677 66.547400645961716 157.45665175492638 26.284758308092705 276.95545361476161 47.121103116671264 27.168797802722452 240.07641202067714 68.204095142476376 383.62703228537578 24.279567255370011 44.725332451664485 16.05412070224429 17.074918902917034 46.765191710995168 42.304339984993589 194.40200089128342 100.1816146222003 91.592116248222112 107.68087623419331 80.588372578611484
leaf_count=363269 4716 97589 1016 29778 16755 11818 513645 3812 35706 5391 36049 933 2738 1003 978 896 10446 23075 10574 20228 16755 7021
internal_value=-4.12165e-10 0.000773173 -0.00370325 0.00199359 0.00259905 0.00167475 -0.0103676 0.0108752 0.000362689 0.00284291 0.0070186 -0.00266928 -0.0023797 -0.0145252 0.000434578 0.0138934 -0.0036723 -0.00584312 0.00497308 -0.00778087 -0.0117883 -0.0175507
internal_weight=2968.9 2581.48 548.665 2032.81 1945.42 1760.8 87.3899 184.625 1483.84 816.527 451.831 667.314 364.696 60.7795 303.917 63.8401 643.034 516.568 126.466 474.263 279.861 172.18
internal_count=1214191 1209475 364285 845190 233956 200366 611234 33590 188548 82761 41440 105787 41321 3741 37580 1874 104854 77525 27329 67079 44004 27249
is_linear=0
shrinkage=0.04


Tree=222
num_leaves=23
num_cat=0
split_feature=26 28 26 10 31 4 28 27 13 6 5 22 16 28 1 18 2 2 27 22 17 12
split_gain=6.54595 8.9356 11.8061 9.21938 8.19663 7.80931 8.32997 6.97019 7.71634 7.34544 7.77276 6.63028 9.02194 8.73512 9.63214 8.93918 7.86439 7.51619 7.98627 9.66627 7.44841 8.25794
threshold=0.97964814305305492 0.080209389328956618 0.78973713517189037 0.0013608087901957335 3.3315663337707524 0.11324520781636239 0.71719485521316539 0.72895118594169628 0.25821970403194433 0.52685409784317028 1.3918756246566775 38.500000000000007 4.8262665271759042 0.12741123139858249 0.1530847102403641 1.8884204030036928 0.049787836149334914 0.039974719285964973 0.28063926100730902 27.500000000000004 4.5163240432739267 0.036831980571150787
decision_type=2 2 2 2 2 2 2 2 2 2 2 2 2 2 2 2 2 2 2 2 2 2
left_child=1 2 -1 4 -3 -5 7 8 -7 -9 -11 12 17 -14 -15 16 -16 -10 -19 -20 -17 -22
right_child=-2 3 -4 5 -6 6 -8 9 11 10 -12 -13 13 14 15 20 -18 18 19 -21 21 -23
leaf_value=-0.0059809523556854354 -0.0047808066567802936 0.002965285938409497 0.010900850256841472 0.010045609251761029 -0.020020595877444158 -0.0079359680376924219 0.0078962487354261573 0.0222720636197236 -0.0058294107652743397 -0.017976589194371152 0.013067961951919319 0.0035230283301011097 0.012995426952669182 -0.025604956440321864 0.0088347231648845687 0.0073528517506579851 -0.0069490045354975404 0.021610292130656291 0.015033641260496142 -0.023936106958150002 0.0078128371935599454 -0.016495018846347402
leaf_weight=481.48019505292586 387.33970012631471 40.312631355598711 67.262511529440417 189.74742963090512 46.354720599537671 169.4314731521672 278.63847259178851 36.363484305058137 39.364373425356064 14.645702795581657 17.245046472487502 690.32042816905823 30.849993672864912 28.98530124687511 102.4765677255964 26.515638234833716 82.093811178452597 52.123974869745894 11.435890090079626 9.8375466353952543 20.013610156236609 147.03067464623564
leaf_count=363269 4716 97589 1016 34877 513645 88301 11817 859 7377 1156 378 43814 3106 4459 4157 2854 2452 3885 801 993 9733 12937
internal_value=-6.14313e-10 0.000732722 -0.00375359 0.00195563 -0.0101282 0.00254249 0.00168011 0.000463624 -0.000179791 0.0120837 -0.00207703 0.000934076 -0.00231605 -0.004913 -0.00654906 -0.00446628 0.00181805 0.00734901 0.0142683 -0.00487871 -0.0102537 -0.0133059
internal_weight=2969.87 2582.53 548.743 2033.79 86.6674 1947.12 1757.37 1478.73 1410.48 68.2542 31.8907 1241.05 550.727 437.966 407.116 378.13 184.57 112.762 73.3974 21.2734 193.56 167.044
internal_count=1214191 1209475 364285 845190 611234 233956 199079 187262 184869 2393 1534 96568 52754 39698 36592 32133 6609 13056 5679 1794 25524 22670
is_linear=0
shrinkage=0.04


Tree=223
num_leaves=23
num_cat=0
split_feature=26 14 25 6 29 20 29 17 12 15 12 28 15 12 28 2 24 22 3 2 14 0
split_gain=6.32618 8.57383 5.98616 7.26057 7.12504 5.86275 8.21065 6.34846 5.86164 5.84806 5.81634 5.64713 5.47229 5.39616 8.05069 6.09207 7.1145 5.30665 6.36307 5.85441 5.29211 5.82647
threshold=0.97964814305305492 1.8815903663635256 1.0000000180025095e-35 0.0017312591080553832 0.5438746213912965 1.0000000180025095e-35 0.45713098347187048 6.2176032066345224 0.9732196331024171 4.9663290977478036 0.9771767556667329 0.9998844861984254 3.1567740440368657 0.27862021327018743 0.40799407660961157 0.22477746754884723 1.8688347935676577 47.500000000000007 0.063662458211183562 0.19502636045217517 1.846702575683594 0.1408096253871918
decision_type=2 2 2 2 2 2 2 2 2 2 2 2 2 2 2 2 2 2 2 2 2 2
left_child=1 20 4 -4 5 6 7 -2 11 -9 -10 -6 -12 14 -3 -15 -17 18 -16 -20 21 -1
right_child=2 13 3 -5 8 -7 -8 9 10 -11 12 -13 -14 15 17 16 -18 -19 19 -21 -22 -23
leaf_value=-0.0035483940085138765 0.001426044858567437 -0.016465801620200084 -0.012992048387684696 0.011759337845388341 -0.017989942126863116 0.017328062707505289 0.010336517132392484 -0.036344855436080847 0.0085425633608970375 0.00657174496361735 -0.023277423135444279 0.0041732238741255014 0.00092540449037972262 0.0020230413220732814 -0.011074553058926016 0.001213171085001813 0.020391630704245055 0.014533017584246513 0.010252138224547026 -0.015941815513785981 -0.019566542880626848 0.013024133489820094
leaf_weight=538.19342684678827 19.433967164368369 50.151556428971844 17.311317905074247 56.238320908007154 127.36950819462254 20.262330082361586 28.503581057317206 11.881460627223531 38.049290199880488 3.1161541766487053 17.498150073164197 17.381058984778065 31.152273739688098 1674.9693042711046 63.253457191689165 61.645542497211864 55.006994852974458 25.377883294150138 58.305164079192707 7.6770367092278766 21.305443152596467 26.449617437757183
leaf_count=808728 395 93278 248 623 1672 296 150 548 156 124 104 213 187 75830 74253 1220 705 18496 66903 11160 17570 41332
internal_value=7.68169e-10 0.000721042 -0.00469411 0.00507589 -0.00706387 0.00273905 -0.00368979 -0.0150143 -0.0105551 -0.028366 -0.00198077 -0.015231 -0.0102643 0.00196981 -0.00404663 0.00267608 0.0111527 0.000737291 -0.00282097 0.00550747 -0.0034953 -0.00255895
internal_weight=2970.53 2582.34 388.197 73.5496 314.648 83.1975 62.9352 34.4316 231.45 14.9976 86.6997 144.751 48.6504 1996.39 204.765 1791.62 116.653 154.614 129.236 65.9822 585.948 564.643
internal_count=1214191 1209475 4716 871 3845 1513 1217 1067 2332 672 447 1885 291 341845 264090 77755 1925 170812 152316 78063 867630 850060
is_linear=0
shrinkage=0.04


Tree=224
num_leaves=23
num_cat=0
split_feature=26 14 16 26 6 9 8 15 12 15 18 12 28 15 28 6 9 17 12 15 2 18
split_gain=6.67959 8.22246 7.492 6.7942 7.44253 10.8852 6.02081 5.37155 8.65276 6.02303 6.09613 5.79918 9.94064 5.9214 6.76568 6.96317 8.52585 6.4535 6.15968 6.48414 7.1106 6.25477
threshold=0.97964814305305492 1.8815903663635256 4.739781618118287 0.30171613395214086 0.15688692033290866 0.34891735017299658 0.03342667035758496 6.4960203170776376 0.97657823562622081 6.20959496498108 0.36620551347732549 0.27862021327018743 0.4138521552085877 5.4445774555206308 0.5510675609111787 1.1022899150848391 0.16204559803009036 6.1851787567138681 0.97967565059661876 4.4005842208862314 0.010403487831354143 1.2351780533790591
decision_type=2 2 2 2 2 2 2 2 2 2 2 2 2 2 2 2 2 2 2 2 2 2
left_child=1 2 6 -4 -5 -6 -1 9 -9 11 -11 12 -3 18 15 16 -15 -16 -13 20 21 -20
right_child=-2 7 3 4 5 -7 -8 8 -10 10 -12 13 -14 14 17 -17 -18 -19 19 -21 -22 -23
leaf_value=-0.00064462242715964085 -0.0048167669661088137 -0.019067688819316569 -0.016811461552585033 0.0035324627733945625 -0.018639327141518912 0.0018590905597234478 -0.021551832545348395 0.016116618987444244 -0.014677404862920461 0.011076420657201198 -0.024112474792975052 0.00082901431001392728 0.00075317412748014559 -0.0066363719847029106 -0.0053524268845092154 -0.021804688570293235 0.01577642531884162 0.027965067153468252 -0.021399655159238667 -0.0070060834729986391 0.016027945415608823 0.0069890405045389412
leaf_weight=36.16192954080077 389.13359885066257 45.483472655087724 32.006563525411877 311.72254203626551 61.813467205142558 94.216668141348293 49.078404157512011 73.327407365561157 9.5437444271046825 4.3386090068634102 17.39371331557868 1370.4967275168917 147.1524608938094 38.239015068469598 8.1658191405276721 5.5750963278260306 57.007310332873203 34.338837097864598 9.0704928081886447 29.418469015439769 119.11970302852933 26.548526990964092
leaf_count=57348 4716 93411 192034 256300 115107 116260 130581 5743 161 75 3380 66717 163824 1640 178 358 1885 377 398 620 2387 691
internal_value=-1.04642e-09 0.000742227 -0.00339081 -0.00140169 -1.74433e-05 -0.00689517 -0.0136812 0.0019649 0.0113717 0.00150023 -0.0158107 0.00178135 -0.00463678 0.00253237 0.0100446 0.00358589 0.00700266 0.0217639 0.00178004 0.00845033 0.0116358 -0.00334647
internal_weight=2969.35 2580.22 585 499.759 467.753 156.03 85.2403 1995.22 82.8712 1912.35 21.7323 1890.62 192.636 1697.98 143.326 100.821 95.2463 42.5047 1554.65 184.157 154.739 35.619
internal_count=1214191 1209475 867630 679701 487667 231367 187929 341845 5904 335941 3455 332486 257235 75251 4438 3883 3525 555 70813 4096 3476 1089
is_linear=0
shrinkage=0.04


Tree=225
num_leaves=23
num_cat=0
split_feature=26 14 16 26 12 17 25 6 16 23 4 6 2 0 8 15 12 12 28 17 16 4
split_gain=7.05239 7.82025 6.33497 6.39917 6.83138 8.03604 6.08156 7.34833 7.07025 11.5945 9.7408 8.84271 6.54529 13.4088 5.36773 5.30833 8.57682 5.59476 9.72344 5.16199 6.81313 5.33167
threshold=0.97964814305305492 1.8815903663635256 4.739781618118287 0.30171613395214086 0.97936591506004345 6.2176032066345224 1.0000000180025095e-35 0.0017312591080553832 4.973576784133912 2.5000000000000004 0.49101486802101141 1.232597887516022 0.093174476176500334 0.17438238859176639 0.03342667035758496 6.4960203170776376 0.97657823562622081 0.27862021327018743 0.4138521552085877 6.6864848136901864 4.8656089305877694 0.76890552043914806
decision_type=2 2 2 2 2 2 2 2 2 2 2 2 2 2 2 2 2 2 2 2 2 2
left_child=1 2 14 -4 -5 -6 8 -8 10 -10 -2 12 13 -11 -1 17 -17 18 -3 21 -21 -12
right_child=6 15 3 4 5 -7 7 -9 9 11 19 -13 -14 -15 -16 16 -18 -19 -20 20 -22 -23
leaf_value=-0.00056109946200860706 0.011755798785475191 -0.019027034082228646 -0.016466828638724423 0.0015701053411250076 0.0013249002309768444 -0.029021967544173615 -0.013095585486640473 0.011687892421179662 -0.027724477377738227 -0.03203804390567027 -0.010797674119494328 0.014181846421332467 -0.00079878367375263144 0.01125615247802046 -0.020362256306714684 0.01604687265238177 -0.014600317079481336 0.0022279082853208713 0.00051983264974496434 -0.028256843992235395 -0.0016381630448429598 0.01186104977982007
leaf_weight=36.174806987752476 52.219709582459473 45.737338338925156 31.678762968420244 423.22238154840414 27.302906159336771 16.903198087782926 17.625888856076926 56.218518558402138 47.043581924224782 29.512422717147274 20.822442877954018 21.053626775887096 56.196296467658613 10.232143249329964 47.883249708025943 73.194685553641875 9.5657476366541214 1718.4042249055469 149.23266652227335 22.595572240003094 31.631975637950745 26.275797574646276
leaf_count=57348 791 94382 192034 463912 9659 14096 248 623 1078 274 172 113 444 72 130581 5743 161 76094 165465 339 304 258
internal_value=1.99771e-10 0.000764808 -0.00327399 -0.00144856 -0.00010715 -0.0134922 -0.00493318 0.00491598 -0.00730346 -0.0128256 -0.000980444 -0.0051234 -0.0102986 -0.0208699 -0.0128064 0.00195517 0.0113125 0.00149372 -0.00477017 -0.00801063 -0.0154022 0.00170685
internal_weight=2970.73 2579.3 583.165 499.107 467.428 44.2061 391.428 73.8444 317.584 164.038 153.545 116.994 95.9409 39.7446 84.0581 1996.13 82.7604 1913.37 194.97 101.326 54.2275 47.0982
internal_count=1214191 1209475 867630 679701 487667 23755 4716 871 3845 1981 1864 903 790 346 187929 341845 5904 335941 259847 1073 643 430
is_linear=0
shrinkage=0.04


Tree=226
num_leaves=23
num_cat=0
split_feature=26 15 16 17 0 2 0 28 0 2 12 1 17 28 5 13 15 3 6 9 15 3
split_gain=6.4867 7.25892 6.35368 6.34883 5.73183 5.56232 7.9253 10.1552 7.54684 11.1546 9.80654 7.33784 12.249 6.98581 6.81269 7.21971 7.07575 6.75789 9.02646 7.46879 6.7571 6.75563
threshold=0.97964814305305492 1.8688347935676577 4.4159207344055185 9.8548717498779315 0.12864161282777789 0.094113882631063475 0.033225746825337417 0.79240158200263988 0.041878338903188712 0.034578060731291778 0.97967565059661876 0.15987547487020495 6.3977622985839853 0.27144192159175878 0.54738000035285961 0.051620904356241233 5.6920459270477304 0.13867734372615817 0.41877101361751562 0.23536900430917743 5.6920459270477304 0.17289555072784427
decision_type=2 2 2 2 2 2 2 2 2 2 2 2 2 2 2 2 2 2 2 2 2 2
left_child=1 -1 4 5 -3 8 13 17 21 -10 11 12 -11 -7 -13 -16 -17 18 19 -8 -20 -4
right_child=-2 2 3 -5 -6 6 7 -9 9 10 -12 14 -14 -15 15 16 -18 -19 20 -21 -22 -23
leaf_value=-0.0046339817824943928 -0.0047392144924128469 -0.020136691370478417 -0.0042149624042124899 -0.011674174067934012 0.0078574425367315751 0.0050794281682898443 -0.0020605122875358233 0.014837279636569708 0.0079010592958637625 -0.017202255389781589 0.016386011047365773 0.0098958881631483267 0.017338811205247332 0.022257958797362237 0.013613916110528763 -0.013595840181296344 0.0052027228329772357 0.0066339854531352596 -0.01412720420319152 0.0184453074309383 0.010724816414762552 0.0044453747483749828
leaf_weight=339.67008745711519 390.27035014440344 29.002100441061771 553.01393058988003 44.256820518237419 10.413627922997987 95.944229834330599 101.93569030026907 79.1498649285694 424.01548069588131 14.213914046158264 33.18123797737735 26.68114370373695 45.727358359695359 62.671677952217578 12.759927451075042 191.64576356742657 32.609825861597585 142.86827826018538 115.6012896582676 28.558309094164031 12.868761780804332 184.66733413334077
leaf_count=301662 4716 28750 382139 35980 3871 21126 25241 13585 129324 6539 895 20596 10248 10510 9569 73706 5670 30299 36589 6535 1880 54761
internal_value=-9.59983e-10 0.000732007 0.00156202 0.00187234 -0.0126473 0.0022027 0.00530169 0.00262395 0.000871261 0.00359045 -0.00160769 -0.00388835 0.00785963 0.0127844 -0.00674839 -0.00894683 -0.0107569 -8.36041e-05 -0.0038985 0.00342061 -0.0110431 -0.00201652
internal_weight=2971.73 2581.46 2241.79 2202.37 39.4157 2158.11 639.598 480.982 1518.52 780.835 356.819 323.638 59.9413 158.616 263.697 237.016 224.256 401.832 258.964 130.494 128.47 737.681
internal_count=1214191 1209475 907813 875192 32621 839212 145765 114129 693447 256547 127223 126328 16787 31636 109541 88945 79376 100544 70245 31776 38469 436900
is_linear=0
shrinkage=0.04


Tree=227
num_leaves=23
num_cat=0
split_feature=26 14 15 18 12 15 30 22 28 28 26 31 28 24 18 16 29 27 13 10 12 31
split_gain=6.65929 7.27028 5.43601 6.40587 5.64198 8.71137 10.1108 8.59492 9.31502 13.1205 8.15379 5.82515 8.90377 8.59835 8.56156 9.95548 8.21072 7.51326 6.11716 5.60538 6.43794 5.95001
threshold=0.97964814305305492 1.3162323236465456 6.4960203170776376 1.160492539405823 0.6602836847305299 4.7492611408233651 1.0764033198356631 36.500000000000007 0.4138521552085877 0.51101851463317882 0.88382774591445934 6.0799095630645761 0.68989682197570812 2.6020033359527592 1.6907935142517092 4.973576784133912 0.85474041104316723 0.35224071145057684 0.56248685717582714 0.051385266706347472 0.0031321046408265833 3.3315663337707524
decision_type=2 2 2 2 2 2 2 2 2 2 2 2 2 2 2 2 2 2 2 2 2 2
left_child=1 -1 4 -4 5 7 -7 19 -9 -10 -8 16 -13 14 -14 18 -6 -17 -16 20 21 -3
right_child=-2 2 3 -5 11 6 10 8 9 -11 -12 12 13 -15 15 17 -18 -19 -20 -21 -22 -23
leaf_value=-0.0061338227853832529 -0.0047902228660810257 0.0086119411070215719 -0.0074028232574866485 0.015296710640082737 0.0088367644563096398 0.018579114949208522 -0.013222883051956125 -0.024303109143965679 0.015005317387453105 -0.01530818487890886 0.014193444943049064 -0.00022016901339387391 0.019778282200944592 -0.006948788212553343 0.0085679185262748942 0.023501661284259852 -0.020109398758068352 -0.0030685441654336497 -0.022744917223828393 -0.0079668310911381688 0.015120932312192494 -0.016937654933423689
leaf_weight=214.96256686427614 391.95983353075553 19.831995872345061 19.364678570093531 74.428645736561464 254.71789238741258 45.4618932983945 42.487293257322165 60.28730775023314 28.351138111680768 47.246332757557809 16.486948505210876 1393.4218315318101 92.856863031673129 40.993996909819543 8.4291409077141015 27.179201899951295 7.3637278548558234 27.649971388505946 20.888357129588258 71.630243809466947 46.279420288772712 19.771045425072288
leaf_count=518221 4716 31654 991 11634 10402 18548 53281 107187 29047 49120 1167 154906 1241 1003 318 626 128 625 809 11874 8482 198211
internal_value=-7.42877e-10 0.000743401 0.00139165 0.0103484 0.000978049 -0.003294 0.00622479 -0.00677574 -0.0137716 -0.0035149 -0.00461175 0.00189788 0.000977282 0.00830524 0.0120207 0.00226868 0.00731426 0.011696 -0.0138527 -0.00027865 0.0062958 -0.00498639
internal_weight=2972.05 2580.09 2365.13 93.7933 2271.33 397.834 104.436 293.397 135.885 75.5975 58.9742 1873.5 1611.42 217.998 177.004 84.1467 262.082 54.8292 29.3175 157.513 85.8825 39.603
internal_count=1214191 1209475 691254 12625 678629 508571 72996 435575 185354 78167 54448 170058 159528 4622 3619 2378 10530 1251 1127 250221 238347 229865
is_linear=0
shrinkage=0.04


Tree=228
num_leaves=23
num_cat=0
split_feature=26 28 26 12 18 18 7 16 15 22 18 4 16 2 30 27 3 3 17 4 17 17
split_gain=6.24928 6.91558 11.1964 7.73022 7.3941 8.49918 6.47272 6.53216 11.5538 9.49977 8.35043 7.30888 7.24245 8.71212 7.23404 6.95794 6.69353 6.59041 6.47633 6.33763 7.44196 6.33617
threshold=0.97964814305305492 0.080209389328956618 0.78973713517189037 0.0017737454036250713 5.3883748054504403 8.998077869415285 0.10205914825201036 4.973576784133912 4.1510088443756112 23.500000000000004 0.29086543619632726 0.87314841151237499 4.849590778350831 0.0038327715592458849 4.5300085544586191 0.78077369928359996 0.26602202653884893 0.14308203756809237 5.3008110523223886 0.073672004044055953 8.9875092506408709 8.853879928588869
decision_type=2 2 2 2 2 2 2 2 2 2 2 2 2 2 2 2 2 2 2 2 2 2
left_child=1 2 19 4 -3 -6 -5 9 10 12 -9 16 -8 -14 15 -13 17 -11 -12 20 -1 -19
right_child=-2 3 -4 6 5 -7 7 8 -10 11 18 14 13 -15 -16 -17 -18 21 -20 -21 -22 -23
leaf_value=-0.0019379466844040361 -0.0046338064445580465 0.010190531061814572 0.010934348601632138 0.0092357178136574097 -0.024648678822662303 0.0022128468212424019 -0.0023273237276765458 -0.01538529046029093 0.0096000209543981151 -0.0030395925365420467 -0.0082095165806030813 0.015031977027571912 0.0026773422360971211 -0.034830313289927944 -0.013157850110803481 -0.012200601945934099 -0.01696583189690121 0.0089601581829622766 0.0033959239732047996 -0.017167607206712301 -0.021157103696502724 -0.018631321883425835
leaf_weight=393.69465208221465 392.98303437152572 16.951751465498063 67.720066896030403 185.45735326669478 40.690308628508348 27.566544138184781 54.165661764531706 38.841270157201848 335.80105381388944 383.38453887147512 79.832569144738386 106.4512346485011 12.095548929250638 23.945023140008402 12.966878712789365 9.6394462988514515 31.711870448209993 136.70274347430268 537.41625932391185 54.971007131962665 25.431897128080266 5.331799825364782
leaf_count=283925 4716 22178 1016 33588 499109 90002 11594 4296 21689 61611 11009 2682 2127 5225 713 249 3496 9066 65494 48418 30926 1062
internal_value=-1.76136e-10 0.000720768 -0.00325751 0.00178867 -0.00936541 -0.0149037 0.00232035 0.00154721 0.0036828 -0.00119328 0.000555578 0.000479909 -0.0126987 -0.024395 0.00869197 0.0119825 -0.00154211 -0.00031172 0.00178797 -0.00546867 -0.00356998 0.00676707
internal_weight=2973.75 2580.77 541.818 2038.95 85.2086 68.2569 1953.74 1768.29 991.891 776.395 656.09 686.189 90.2062 36.0406 129.058 116.091 557.131 525.419 617.249 474.098 419.127 142.035
internal_count=1214191 1209475 364285 845190 611289 589111 233901 200313 102488 97825 80799 78879 18946 7352 3644 2931 75235 71739 76503 363269 314851 10128
is_linear=0
shrinkage=0.04


Tree=229
num_leaves=23
num_cat=0
split_feature=26 1 28 26 2 2 3 3 9 15 4 28 23 22 29 4 5 6 6 28 18 16
split_gain=6.73154 6.99083 7.43683 12.4869 6.69466 10.7053 9.14117 14.9819 7.0733 6.5394 11.4021 8.50871 7.5532 6.52251 6.27881 6.17171 10.7957 6.09178 5.47296 9.11353 8.5077 8.30806
threshold=0.97964814305305492 0.24404653161764148 0.28244429826736456 0.73549595475196849 0.082713048905134215 0.074245244264602675 0.023523150011897091 0.0040232955943793067 0.99947062134742748 4.388237953186036 0.22264087200164798 0.011600714176893236 3.5000000000000004 15.500000000000002 0.35167782008647924 0.22960910946130755 1.1192067265510561 1.6348308324813845 0.4756207168102265 0.15764384716749194 2.0971044301986699 4.5419442653656015
decision_type=2 2 2 2 2 2 2 2 2 2 2 2 2 2 2 2 2 2 2 2 2 2
left_child=1 4 3 -3 5 6 7 -1 9 10 11 13 -13 -8 -11 16 -4 -10 20 -20 -6 -21
right_child=-2 2 15 -5 18 -7 8 -9 17 14 -12 12 -14 -15 -16 -17 -18 -19 19 21 -22 -23
leaf_value=-0.0043151087385753812 -0.0047935988345911467 -0.010914592394421656 -0.0013393852425705585 0.026770621265059059 0.014524228434151354 -0.02661354877328621 0.012145807706809229 -0.033132344176765242 0.014106785654476111 0.00049780439529933777 -0.017078313602335936 0.013029611720575561 -0.010170911929876359 -0.012932389603317341 0.018812018595650376 0.0013114510301828154 0.026121442793373899 -0.014435079796277095 0.0070810989076067381 0.012742750920735346 -0.0017897088829527557 -0.022486171630130204
leaf_weight=401.99306795905989 395.28059188435282 13.640956909856866 45.048640600861404 36.774631660188561 107.49358137638319 20.080588559629405 12.469868865651959 21.619119598631642 83.146435517989971 100.68458524584344 71.361023969619737 85.506001309751923 21.223743389358447 70.70658845090793 32.980972641600147 1232.359507846377 34.736695400839039 5.5468706728479438 51.256473832897257 6.820162870086846 87.078314316148465 36.703993269026796
leaf_count=276563 4716 16927 32188 1409 5011 12322 3519 130926 14511 32654 43653 28964 10357 37269 7216 473046 3672 1951 12128 1959 49916 13314
internal_value=-3.32941e-10 0.00075032 0.00270903 0.0164553 -0.00144746 -0.00310057 -0.00229566 -0.00651598 0.00145807 -0.00091332 -0.00454714 0.000780455 0.00793998 -0.00827263 0.00601159 0.0020604 0.0121941 0.01104 0.00377704 -0.0038375 0.00749253 -0.0156165
internal_weight=2974.51 2579.23 1362.56 50.4156 1216.67 927.319 907.238 423.612 483.626 394.933 261.267 189.906 106.73 83.1765 133.666 1312.14 79.7853 88.6933 289.353 94.7806 194.572 43.5242
internal_count=1214191 1209475 527242 18336 682233 599905 587583 407489 180094 163632 123762 80109 39321 40788 39870 508906 35860 16462 82328 27401 54927 15273
is_linear=0
shrinkage=0.04


Tree=230
num_leaves=23
num_cat=0
split_feature=8 27 9 18 31 6 5 17 18 12 8 29 6 15 24 28 0 12 5 22 15 0
split_gain=6.04568 7.6156 9.77419 7.72549 7.793 7.62786 6.14503 10.1462 6.49439 5.36565 5.08628 8.43512 7.21934 5.70469 5.50762 4.86289 9.59176 4.82293 5.79454 4.92918 5.78043 4.4716
threshold=0.40390202403068548 0.66854631900787365 0.53646740317344677 1.8645637631416323 9.6425895690917987 1.1400616168975832 0.52589064836502086 7.3142197132110605 2.6858360767364506 0.92787966132164013 0.30069732666015631 0.29225672781467443 1.1144188642501833 3.2769666910171513 0.89587974548339855 0.101200208067894 0.021228804253041748 0.97770684957504284 0.77697262167930614 45.500000000000007 6.661853790283204 0.032263349741697318
decision_type=2 2 2 2 2 2 2 2 2 2 2 2 2 2 2 2 2 2 2 2 2 2
left_child=1 2 3 4 9 -3 7 8 -2 -1 12 21 14 -14 -4 -5 -17 18 19 20 -18 -12
right_child=6 5 10 15 -6 -7 -8 -9 -10 -11 11 -13 13 -15 -16 16 17 -19 -20 -21 -22 -23
leaf_value=0.012384628757145751 0.027174566694804031 0.019072907354573683 -0.00039184462511809132 -0.023301758004432807 -0.025170030095579905 -0.014968152652761101 0.00060807755752986152 -0.014190445143871012 -0.010339850550711261 -0.0033355934797460736 -0.012407112297893538 -0.020938162743149177 -0.019864743725486765 0.0057547227731448202 0.023696159066074248 0.0050011832724961482 -0.032567089753577076 0.0049344356470952732 0.0096738916351870284 -0.0014167884700674897 0.008516624723061049 0.019485326438765323
leaf_weight=30.720040063588158 33.890520509372436 32.654705897768622 21.329939424053975 53.201448945983572 13.546957216615509 5.8278171699296299 2306.8661698542583 8.8287847616361983 3.4424924156959937 228.67737062382514 2.3505378617599026 19.240244188923839 11.50560809409046 30.775830506449893 40.118335927422322 48.10306786428751 40.988129690489302 10.209653922274127 4.0004477294029348 13.790194502136783 2.0897098897388551 12.244038245130808
leaf_count=17232 7961 7843 7367 107123 22062 3361 572367 10918 8389 152091 955 11355 8326 6284 10024 87769 143518 2083 2174 20968 2002 2019
internal_value=-2.96621e-10 -0.00347711 -0.00467538 -0.00751711 -0.00312608 0.0118937 0.000929044 0.0140046 0.0222617 -0.00108326 0.00440991 -0.00757478 0.00864142 -0.00368295 0.0164502 -0.0139171 -0.00824834 -0.016726 -0.0205428 -0.0237973 -0.029345 0.0113927
internal_weight=2974.4 621.374 582.892 445.327 272.944 38.4825 2353.03 46.1618 37.333 259.397 137.565 33.8348 103.73 42.2814 61.4483 172.383 119.181 71.0781 60.8685 56.868 43.0778 14.5946
internal_count=1214191 614556 603352 557022 191385 11204 599635 27268 16350 169323 46330 14329 32001 14610 17391 365637 258514 170745 168662 166488 145520 2974
is_linear=0
shrinkage=0.04


Tree=231
num_leaves=23
num_cat=0
split_feature=26 13 15 12 18 31 12 28 27 29 5 0 29 2 2 4 2 27 28 18 2 3
split_gain=6.5754 7.14446 7.41825 6.62424 6.59894 16.9543 9.20642 7.73484 7.36123 7.08271 8.62943 7.07628 6.81543 9.57826 9.1701 10.2314 8.1191 8.26847 10.1359 6.49105 7.56835 7.17232
threshold=0.97964814305305492 0.015134900342673065 6.4960203170776376 0.97657823562622081 3.757416963577271 0.89587974548339855 0.01842296123504639 0.35231268405914312 0.26997691392898565 0.40504367649555212 0.53462344408035289 0.048757622018456466 0.63861912488937389 0.16852113604545596 0.24637097865343097 1.1168596148490908 0.08117230981588365 0.11594486609101297 0.24659918248653415 2.0397878885269169 0.10791660845279695 0.21588108688592914
decision_type=2 2 2 2 2 2 2 2 2 2 2 2 2 2 2 2 2 2 2 2 2 2
left_child=1 -1 4 -4 6 7 -3 9 -9 10 -6 -11 16 19 15 -15 -8 18 -18 21 -21 -14
right_child=-2 2 3 -5 5 -7 12 8 -10 11 -12 -13 13 14 -16 -17 17 -19 -20 20 -22 -23
leaf_value=-0.0077575549102317266 -0.0047308141558379379 0.022884238297242399 0.01561220612203539 -0.0096099345763775088 -0.01789207537759642 -0.018822831418754914 -0.0019274404783346424 0.012245028127658125 -0.0013932374235964737 -0.00078925849871908126 0.0030796705922766406 -0.034359062634776838 0.013924582911590303 -0.026158229280044111 0.0082733780699979515 0.012863160380341354 0.0027699511352419098 0.0001761789063294861 0.023311779934095292 -0.0052320490057264678 0.014451439331396461 -0.0067918463594491829
leaf_weight=139.24529194990646 396.22468289541257 22.952313575854077 83.350603894372853 13.210855048631855 30.608255586675682 81.451315389659044 949.0246205485646 105.38813005183999 136.3279647681577 17.94695265576911 129.61281989740996 14.306838251003795 230.10981034721044 33.096153223523288 29.738595612696372 7.5786678816657504 92.040384591437942 245.66704080151885 60.096726298708745 93.687090644740238 34.769525803189026 24.092828319844557
leaf_count=366389 4716 7297 14989 472 32869 529965 129370 36435 27865 5136 30409 6083 3074 678 381 88 4001 8799 1359 2721 662 433
internal_value=-5.7745e-10 0.000743633 0.0012595 0.0115835 0.000785693 -0.00316971 0.00191577 0.000124359 0.00480327 -0.00569859 -0.00174247 -0.0202874 0.00152342 0.00570955 -0.00711858 -0.017784 8.35084e-05 0.00481057 0.0118216 0.00819123 0.000754663 0.0117784
internal_weight=2970.53 2574.3 2435.06 96.5615 2338.5 515.642 1822.85 434.191 241.716 192.475 160.221 32.2538 1799.9 453.073 70.4134 40.6748 1346.83 397.804 152.137 382.659 128.457 254.203
internal_count=1214191 1209475 843086 15461 827625 668762 158863 138797 64300 74497 63278 11219 151566 8037 1147 766 143529 14159 5360 6890 3383 3507
is_linear=0
shrinkage=0.04


Tree=232
num_leaves=23
num_cat=0
split_feature=26 8 9 6 1 7 5 22 5 13 6 0 1 22 27 2 16 0 17 2 8 9
split_gain=7.45794 7.66148 8.56823 6.90537 9.10219 8.91487 8.4152 6.14131 6.60844 5.6096 5.59743 7.75381 5.58555 5.41896 7.35184 7.02442 14.5087 8.2314 6.50541 7.24537 7.74402 6.13746
threshold=0.97964814305305492 0.3794813752174378 0.38907641172409063 0.15688692033290866 0.02065281663089991 0.53832983970642101 0.027373435907065872 15.500000000000002 0.43489459156990057 0.57572400569915783 0.062750712037086501 0.0025345354806631808 0.35298147797584539 46.500000000000007 0.85798928141593944 0.0062219831161201009 4.9714753627777108 0.028834160417318348 6.6864848136901864 0.17725872248411181 0.61393472552299511 0.46533460915088659
decision_type=2 2 2 2 2 2 2 2 2 2 2 2 2 2 2 2 2 2 2 2 2 2
left_child=1 2 3 4 7 -5 -6 -1 -9 -4 11 -8 -11 14 15 16 -2 -17 21 20 -20 -19
right_child=13 -3 9 5 6 -7 10 8 -10 12 -12 -13 -14 -15 -16 17 -18 18 19 -21 -22 -23
leaf_value=0.0079878331217819003 0.018663320643681532 0.0019401899372957494 -0.0099026917042899631 -0.019947997070286373 0.010401884075537897 0.0085384562414706211 0.0048483125783835004 -0.018599595654905522 0.010941272242588132 0.011746128337762873 0.0077536749706393487 -0.02127427105095794 -0.0053320899529843415 0.0039129478940285794 0.0070641236189607961 0.0040533282976082932 -0.018495817576648605 -0.016382934380600046 0.0029008217322381534 -0.0061869096700177522 -0.033476146899671384 0.0036236094396785139
leaf_weight=15.11100366784663 30.016577689195401 2017.9747624961274 28.469770225750437 84.260094030178436 90.999173477362717 15.64265954842409 24.011881355074024 85.925299322699374 7.2419183633904813 104.36622289894001 25.477845001218327 38.729329984337937 35.182431736307706 80.199545840379415 41.902362207074475 36.275211405280061 19.216787891011336 36.722116402674146 9.0598099133931083 40.474656052745559 60.085322447359431 45.54524550919632
leaf_count=13598 569 628026 25196 136069 77149 4931 21029 159409 5776 26271 25236 67595 19190 804 468 260 654 364 71 428 702 396
internal_value=2.16058e-10 0.000794977 -0.0033266 -0.0065486 -0.00316325 -0.0151166 0.00239874 -0.0117937 -0.0154654 0.00405289 -0.00607517 -0.0119847 0.00737181 -0.00501526 -0.00730853 -0.00964986 0.00348543 -0.0125116 -0.0156887 -0.0217621 -0.0289455 -0.00611453
internal_weight=2972.89 2573.39 555.418 387.399 287.496 99.9028 179.218 108.278 93.1672 168.018 88.2191 62.7412 139.549 399.498 319.298 277.396 49.2334 228.162 191.887 109.62 69.1451 82.2674
internal_count=1214191 1209475 581449 510792 369792 141000 191009 178783 165185 70657 113860 88624 45461 4716 3912 3444 1223 2221 1961 1201 773 760
is_linear=0
shrinkage=0.04


Tree=233
num_leaves=23
num_cat=0
split_feature=26 8 9 3 27 31 11 28 12 28 27 6 6 0 28 27 16 6 30 7 4 16
split_gain=7.35826 7.18361 7.88191 7.23886 7.04002 6.4291 8.23551 7.74775 6.12416 5.34858 12.0426 7.53622 8.99893 8.1528 7.67343 9.99244 8.62384 8.528 8.44971 8.68166 8.65597 11.7319
threshold=0.97964814305305492 0.3794813752174378 0.38907641172409063 0.035083813592791564 0.69110804796218883 7.8121080398559579 1.0000000180025095e-35 0.49678570032119757 0.92787966132164013 0.71719485521316539 0.39793096482753759 0.42602665722370153 0.40877628326416021 0.0025345354806631808 0.52816101908683788 0.1188332922756672 4.973576784133912 1.1144188642501833 3.4468903541564946 0.49698314070701605 0.41423617303371435 4.9655795097351083
decision_type=2 2 2 2 2 2 2 2 2 2 2 2 2 2 2 2 2 2 2 2 2 2
left_child=1 2 4 -4 5 6 7 -1 -8 11 -11 12 -3 -13 17 -16 -17 18 19 -15 21 -20
right_child=-2 9 3 -5 -6 -7 8 -9 -10 10 -12 13 -14 14 15 16 -18 -19 20 -21 -22 -23
leaf_value=-0.023597508632321098 -0.0049728727980832207 0.0025814899149735953 -0.0059837858100339541 0.010109772841092357 0.013988832142072825 -0.015176966759415033 0.015301045500304505 0.0047541982545822184 -0.0026815315950920737 0.01611497775262569 -0.00052517042416993793 -0.013623949394828583 0.021491976546497323 -0.0025340182650389269 0.016199744474122545 -0.022962489965922234 -0.0029701027145297132 0.0094321601837473023 0.015391507163118609 0.011283147408791201 -0.023658029945941336 -0.017726696424244581
leaf_weight=41.678851288032774 400.81782182062261 928.70698472140305 65.600485983388921 102.78840467883492 16.814718753722332 112.46059729740949 26.422497639152198 17.817855641356743 170.43553712887899 117.33347299300317 152.09912517471548 73.695058394259718 32.423748640241115 227.96117559145222 15.00385816208262 52.660336727034633 84.725039751306042 155.02484371144271 27.184409700039055 95.126950318814636 38.36115290201883 21.708315763881956
leaf_count=130660 4716 305570 37480 33177 4019 200974 17757 36495 120887 33273 35746 30332 7221 71870 4522 23927 27602 32634 6873 22871 17741 7844
internal_value=5.90694e-10 0.000789992 -0.00320799 0.00385611 -0.0063121 -0.00758249 -0.00380613 -0.0156445 0.000355116 0.00189581 0.00703871 0.00106972 0.00343417 -0.00180868 -0.000425016 -0.00809859 -0.0116713 0.00174813 -0.00131018 0.00175078 -0.0116591 0.000173883
internal_weight=2976.85 2576.03 554.019 168.389 385.63 368.815 256.355 59.4967 196.858 2022.01 269.433 1752.58 961.131 791.451 717.756 152.389 137.385 565.367 410.342 323.088 87.2539 48.8927
internal_count=1214191 1209475 581449 70657 510792 506773 305799 167155 138644 628026 69019 559007 312791 246216 215884 56051 51529 159833 127199 94741 32458 14717
is_linear=0
shrinkage=0.04


Tree=234
num_leaves=23
num_cat=0
split_feature=26 13 15 15 12 31 31 28 18 26 3 17 17 29 2 29 26 1 1 2 0 0
split_gain=6.95839 7.05501 7.14135 6.63866 6.50252 8.3624 11.8852 9.33377 6.46784 6.36464 11.5628 7.87152 7.18653 6.00436 6.5529 8.2617 11.7672 8.93346 7.80602 8.03541 7.32208 8.53967
threshold=0.97964814305305492 0.015134900342673065 6.4960203170776376 6.1495356559753427 0.6602836847305299 8.9077382087707537 3.4334666728973393 0.37197098135948187 3.1146284341812138 0.73130863904953014 0.22840274870395663 7.3142197132110605 5.5234570503234872 0.63861912488937389 0.12613368779420855 0.42781341075897222 0.81158882379531871 0.13074083626270297 0.25519257783889776 0.011425491422414781 0.032758831977844245 0.10746451839804651
decision_type=2 2 2 2 2 2 2 2 2 2 2 2 2 2 2 2 2 2 2 2 2 2
left_child=1 -1 3 4 5 6 7 8 -3 12 11 -11 -9 14 15 16 -6 -17 19 -18 -16 -22
right_child=-2 2 -4 -5 13 -7 -8 9 -10 10 -12 -13 -14 -15 20 17 18 -19 -20 -21 21 -23
leaf_value=-0.007700406784232755 -0.0048277959155469735 0.018046497905573475 0.011364366154832333 -0.014549885669815819 -0.00098424611239011938 0.015950997821131064 -0.017259593404292412 -0.013071439361394802 -0.011501393627106069 0.010864790082057176 -0.027201638541748702 -0.010577889477278777 0.017962828687276763 0.0059488606908126409 0.015538559643274608 0.013969155455349521 -0.014375924442067154 -0.0086225350697728461 0.019259413371911453 0.008344021063210456 -0.0083742921499097532 0.0093302208010246773
leaf_weight=138.53344561323411 402.02105659347899 4.1655511381396186 97.489317466542616 34.205952129123034 711.41609908897044 23.61328480418149 85.141427948311502 6.8849918478495615 118.1699628923717 73.252769501095827 12.705516861406066 31.556592940021801 60.264143406026847 473.77725997164816 83.359594619818381 22.288403776787163 23.356143445620546 254.53376397119609 74.565296024724375 90.72975949809188 70.646194163717155 85.102200990363599
leaf_count=366389 4716 68 15461 10097 125587 113905 410711 10521 73586 7469 1834 3681 39077 8074 1977 847 575 13243 877 1211 2445 1840
internal_value=1.13923e-10 0.000769273 0.00128019 0.000813442 0.00110323 -0.0033721 -0.00490338 -0.00104021 -0.00920762 0.00456554 -0.00119739 0.00404969 0.0134989 0.00210038 0.000780034 -0.000463663 0.00140604 -0.00637995 0.0100158 0.002909 0.00667439 0.00127886
internal_weight=2977.78 2575.76 2437.22 2339.73 2305.53 415.754 392.141 307 122.336 184.664 117.515 104.809 67.1491 1889.77 1416 1176.89 900.067 276.822 188.651 114.086 239.108 155.748
internal_count=1214191 1209475 843086 827625 817528 660852 546947 136236 73654 62582 12984 11150 49598 156676 148602 142340 128250 14090 2663 1786 6262 4285
is_linear=0
shrinkage=0.04


Tree=235
num_leaves=23
num_cat=0
split_feature=26 8 9 6 1 7 5 3 25 31 15 8 22 1 31 17 5 27 31 27 23 3
split_gain=7.22911 7.22151 7.31613 7.18428 8.61375 8.22323 7.02858 5.96573 5.72962 9.97949 6.84714 7.34962 6.9868 7.48657 9.47234 8.52524 9.58628 6.78895 5.65613 6.84802 7.32349 5.41196
threshold=0.97964814305305492 0.3794813752174378 0.37881179153919226 0.15688692033290866 0.02065281663089991 0.53832983970642101 0.027373435907065872 0.035083813592791564 1.0000000180025095e-35 8.0610079765319842 0.89587974548339855 0.41058802604675299 43.500000000000007 0.23951384425163272 8.1347699165344256 5.8622088432312021 0.95567318797111522 0.12032872810959817 8.022707939147951 0.85798928141593944 3.5000000000000004 0.16989417374134066
decision_type=2 2 2 2 2 2 2 2 2 2 2 2 2 2 2 2 2 2 2 2 2 2
left_child=1 2 3 4 21 -5 -6 -4 10 -10 17 -12 13 -13 15 -15 -17 -2 19 20 -18 -1
right_child=8 -3 7 5 6 -7 -8 -9 9 -11 11 12 -14 14 -16 16 18 -19 -20 -21 -22 -23
leaf_value=-0.016967177341927424 0.024149698513538868 0.0018946323507731541 -0.0053354171906686192 -0.019912569996968051 0.0098036555289731687 0.0074672591229212465 -0.0052829618276338131 0.0092092935727149938 -0.0090007747206764747 0.016903134143039386 -0.030978203036588384 0.0057205574854993189 0.0012263308069951505 0.0094003144577448003 -0.027593290531740165 0.014369360844282806 -0.037132729022485114 -0.0087304760200819457 0.0045724585332390724 0.0065061708866555349 -0.0034734003038434207 0.0014067274760663096
leaf_weight=71.44609855324299 12.350870228379792 2021.2893951614406 66.473696901886967 81.199841875376592 91.822051822029351 16.164338071270777 87.031973513078555 103.45113769239009 37.748194657255226 38.535870148549293 13.130101616261525 29.028020170793752 107.5724397291724 29.560302640067675 50.152254608092335 9.3983936377508126 31.260338626429075 11.09486281019417 10.645545097038847 7.0033979573690877 16.790942881823867 35.337667832666824
leaf_count=164942 130 628026 39661 132991 77146 4818 113856 34198 626 245 1074 182 813 232 449 40 510 151 48 68 148 13837
internal_value=9.44039e-10 0.000786376 -0.00322668 -0.00624213 -0.00281602 -0.0150949 0.00257136 0.00353918 -0.00490539 0.00452734 -0.00716831 -0.00883316 -0.00684071 -0.0113808 -0.01474 -0.00671134 -0.0134126 0.0106321 -0.01876 -0.023281 -0.0279953 -0.011287
internal_weight=2978.49 2574.22 552.927 383.002 285.638 97.3642 178.854 169.925 404.272 76.2841 327.987 304.542 291.412 183.839 154.811 104.659 75.0986 23.4457 65.7002 55.0547 48.0513 106.784
internal_count=1214191 1209475 581449 507590 369781 137809 191002 73859 4716 871 3845 3564 2490 1677 1495 1046 814 281 774 726 658 178779
is_linear=0
shrinkage=0.04


Tree=236
num_leaves=23
num_cat=0
split_feature=26 15 16 17 29 15 3 5 2 0 18 2 4 15 3 7 6 0 28 18 28 27
split_gain=6.78027 6.71978 5.89384 6.11223 6.61126 5.74734 5.20281 4.97502 4.72236 7.66186 13.9854 9.55169 9.11054 12.2044 9.08432 8.99784 8.85073 7.57368 8.47378 7.83604 8.51221 9.47301
threshold=0.97964814305305492 1.8688347935676577 4.4159207344055185 9.8548717498779315 0.87012913823127758 2.4414010047912602 0.30090439319610601 1.5633471012115481 0.087664227932691588 0.041878338903188712 1.9883807301521303 0.030424637719988826 0.44336004555225378 6.1892895698547372 0.22840274870395663 0.4207282960414887 1.1913692355155947 0.033225746825337417 0.79240158200263988 2.252284169197083 0.32710324227809912 0.15233442932367328
decision_type=2 2 2 2 2 2 2 2 2 2 2 2 2 2 2 2 2 2 2 2 2 2
left_child=1 7 5 8 -5 -3 -7 -1 9 -4 14 16 -13 -14 15 -11 -12 -10 19 20 21 -19
right_child=-2 2 3 4 -6 6 -8 -9 17 10 11 12 13 -15 -16 -17 -18 18 -20 -21 -22 -23
leaf_value=-0.0062762831524146682 -0.0047559474611415841 0.0066919428363099347 -0.0020925309370576298 -0.017376622645886561 0.013495714321817762 -0.026506138892966827 0.0088736468509224894 0.0073245167008650774 0.011807762985920652 0.0027492112282791106 0.0073599505739142621 0.00069414237911844619 -0.022497065296756179 0.015005244078465327 -0.0073576051037292254 0.016033199641679548 -0.015676316708248129 -0.018844707271621752 0.013238755982841029 0.0049231893397617852 -0.011456814461515899 0.011351566415106632
leaf_weight=294.5251041265094 403.48118188316175 12.453096333966185 709.70625678380736 38.62422955960642 6.3616512548571782 22.423723252598169 3.1686367755312395 41.51844089752808 176.02583653237525 137.9873178867615 169.34532957810967 86.692670328337101 75.090715678567506 9.3775429153819783 42.233698908112274 208.3948057041639 21.764902664477859 11.977762983068542 83.835939693069406 231.6832897629339 129.76001989848783 62.224515908175817
leaf_count=285977 4716 9012 432507 35211 769 22126 1483 15685 35337 11873 98382 62229 54929 1915 1390 4845 10727 616 14487 105090 2902 1983
internal_value=5.47589e-10 0.000760682 0.00155635 0.00185101 -0.0113504 -0.0123283 -0.0208633 -0.00443279 0.00217758 0.000872914 0.00366639 -0.00197273 -0.0085913 -0.0171859 0.00884085 0.0109669 0.00408739 0.00486624 0.00233552 -1.26898e-05 -0.00558747 0.00481812
internal_weight=2978.66 2575.18 2239.13 2201.09 44.9859 38.0455 25.5924 336.044 2156.1 1460.59 750.887 362.271 171.161 84.4683 388.616 346.382 191.11 695.507 519.482 435.646 203.962 74.2023
internal_count=1214191 1209475 907813 875192 35980 32621 23609 301662 839212 678797 246290 228182 119073 56844 18108 16718 109109 160415 125078 110591 5501 2599
is_linear=0
shrinkage=0.04


Tree=237
num_leaves=23
num_cat=0
split_feature=26 8 9 6 1 7 5 3 10 18 30 28 6 9 30 0 2 18 5 6 6 9
split_gain=6.88804 6.7424 7.36991 6.83212 7.753 7.51814 7.39565 6.13448 5.48831 7.86717 10.539 6.16547 7.74199 6.9833 6.43547 10.2466 6.80591 6.17652 5.25901 5.14285 9.15724 6.95423
threshold=0.97964814305305492 0.3794813752174378 0.38907641172409063 0.15688692033290866 0.02065281663089991 0.53832983970642101 0.027373435907065872 0.035083813592791564 0.0013608087901957335 6.1673347949981698 0.57520237565040599 0.68989682197570812 1.2932289242744448 0.29263879358768469 1.5985863804817202 0.24015979468822482 0.22477746754884723 1.6619560122489931 0.43489459156990057 0.42602665722370153 0.40877628326416021 0.99947062134742748
decision_type=2 2 2 2 2 2 2 2 2 2 2 2 2 2 2 2 2 2 2 2 2 2
left_child=1 2 3 4 18 -5 -6 -4 9 -3 -11 19 13 14 15 -13 17 -16 -1 20 -10 -21
right_child=-2 8 7 5 6 -7 -8 -9 11 10 -12 12 -14 -15 16 -17 -18 -19 -20 21 -22 -23
leaf_value=-0.013605171470767142 -0.0047851280931879223 0.009109096379960397 -0.0054214438706598764 -0.019281919460919231 0.0097788569442711134 0.0069134974770081216 -0.0056849326241668044 0.0094365498702953018 0.0024101485853195836 0.01303023998904175 -0.022949273102189031 0.017413305991628446 -0.01563929453142052 0.014042451626588646 0.0018302013654017935 -0.018577629300068163 0.010997711811497786 -0.02629048409012185 0.011048174308399255 -0.0039909842347050578 0.021493531792605599 0.003887336700847766
leaf_weight=97.115628371915022 404.80604342173456 22.953105220098223 64.898976116940787 82.103477870718336 91.5030000602668 16.236794501202041 87.376548753562361 103.05628338658715 875.40663606181283 9.9245254907232816 44.912289792468471 44.917159283061892 12.71185800186913 167.18495048979992 18.656639826860555 7.6039321094167454 14.144813547340616 21.591393655685692 8.3066542375827321 481.26565574326753 32.475933993217154 272.77249865820841
leaf_count=172510 4716 54041 37480 136069 77149 4931 113860 33177 96237 47613 363689 1345 763 6034 230 247 189 1567 6273 42828 1908 11335
internal_value=1.19199e-10 0.000767224 -0.00312133 -0.00613946 -0.00277289 -0.0147179 0.00232425 0.0037133 0.00183387 -0.00797817 -0.0154322 0.00226428 0.00757923 0.00916861 0.000998017 0.0100646 -0.00796001 -0.0154853 -0.0108737 0.00130719 0.00331951 -0.00112743
internal_weight=2981.92 2577.12 550.597 382.642 284.302 98.3403 178.88 167.955 2026.52 77.7899 54.8368 1948.73 286.811 274.099 106.914 52.5211 54.3928 40.248 105.422 1661.92 907.883 754.038
internal_count=1214191 1209475 581449 510792 369792 141000 191009 70657 628026 465343 411302 162683 10375 9612 3578 1592 1986 1797 178783 152308 98145 54163
is_linear=0
shrinkage=0.04


Tree=238
num_leaves=23
num_cat=0
split_feature=26 8 7 30 1 15 9 17 17 6 17 18 28 2 12 5 3 15 3 31 6 6
split_gain=6.88532 6.40741 6.68791 8.02108 11.0989 7.67908 7.32853 7.10119 6.41311 6.21862 5.77114 5.64928 6.05082 5.39627 6.81558 6.53448 6.15369 6.87045 9.37614 6.46847 6.26445 6.32197
threshold=0.97964814305305492 0.9234740436077119 0.7679525911808015 2.086773276329041 0.30633343756198889 1.7005987167358401 0.84246250987052929 8.0065340995788592 9.3968939781188983 1.3791379332542422 5.5234570503234872 2.1462519168853764 0.72339150309562694 0.21882317215204242 0.0081809018738567846 1.145476281642914 0.17289555072784427 2.1383330821990971 0.20625790953636172 8.9077382087707537 0.52685409784317028 0.12484990432858468
decision_type=2 2 2 2 2 2 2 2 2 2 2 2 2 2 2 2 2 2 2 2 2 2
left_child=1 2 6 4 7 -5 8 -4 13 -8 -7 -12 -13 14 -1 -15 -16 -18 19 -19 21 -20
right_child=-2 -3 3 5 -6 10 9 -9 -10 -11 11 12 -14 15 16 -17 17 18 20 -21 -22 -23
leaf_value=-0.020306957896211814 -0.0047706389353657577 0.0027328178876901911 -0.023532387696982619 -0.024880141708282164 0.021773489807179115 -0.01753117092611671 0.0098093257411899764 0.011991007803688303 -0.01924470320074681 -0.0083769748244183796 0.016570651723862708 0.0065987818650125206 -0.024291598624781301 0.020148578709409944 -0.0048530788353807154 -0.011540688583652472 -0.010770966732178604 0.020274964389516221 -0.0046187074982352409 -0.0073333216536381508 -0.01578818116597646 0.013619578060858928
leaf_weight=27.378227950883115 406.83445499714162 1301.7222937925749 10.345838009117985 9.747757128188935 61.522889233611579 8.0836245598837859 116.56347558389098 7.8811659889568082 30.632187969197048 31.064935526371187 35.341705753517999 19.780116015103889 5.9308723346878756 23.127756499442743 630.0945932112096 7.5181134838186372 41.499629563444614 64.5648778105151 61.843066306752007 11.214168808603061 25.372186922792025 43.731345964881257
leaf_count=417280 4716 240994 3421 5504 7355 2291 31584 1191 58338 15743 317 6965 4303 10550 367279 3285 8909 4517 9148 3059 2716 4726
internal_value=1.45732e-09 0.000769285 -0.00124383 0.00619948 0.0144059 -0.00278437 -0.00234889 -0.00936596 -0.00362248 0.00569379 0.00308127 0.00789369 -0.00533376 -0.00291344 -0.00351909 0.0114478 -0.00277309 0.00249024 0.00552654 0.0158107 -0.00112444 0.00346077
internal_weight=2981.8 2574.96 1273.24 158.634 79.7499 78.8841 1114.6 18.227 966.976 147.628 69.1363 61.0527 25.711 936.344 905.698 30.6459 878.32 248.225 206.726 75.779 130.947 105.574
internal_count=1214191 1209475 968481 31347 11967 19380 937134 4612 889807 47327 13876 11585 11268 831469 817634 13835 400354 33075 24166 7576 16590 13874
is_linear=0
shrinkage=0.04


Tree=239
num_leaves=23
num_cat=0
split_feature=26 14 25 31 16 31 29 5 9 15 6 31 2 15 16 6 5 26 15 23 7 12
split_gain=6.66228 6.15989 5.49496 8.87176 5.80952 5.55467 11.1395 8.2265 7.74234 7.00252 6.72939 6.16739 4.91319 4.80748 7.40216 6.70431 8.40271 7.20124 6.04804 8.42612 5.79681 5.67574
threshold=0.97964814305305492 1.3162323236465456 1.0000000180025095e-35 8.0610079765319842 4.9852454662323007 8.1347699165344256 0.52642717957496654 1.5268197655677798 0.46813052892684942 5.349482774734498 1.2058480978012087 7.8824751377105722 0.15585903823375705 5.3913497924804696 4.9092381000518808 0.11303622648119928 1.8563855886459353 0.77677834033966076 5.3205649852752694 3.5000000000000004 0.9663875699043275 0.97770684957504284
decision_type=2 2 2 2 2 2 2 2 2 2 2 2 2 2 2 2 2 2 2 2 2 2
left_child=1 -1 5 12 -5 11 -7 8 -8 10 -9 -2 -4 18 -15 20 17 -17 -3 -20 -16 -19
right_child=2 13 3 4 -6 6 7 9 -10 -11 -12 -13 -14 14 15 16 -18 21 19 -21 -22 -23
leaf_value=-0.0056862591525152009 -0.0063496351397612063 0.00091788297482668603 0.0036976535342772461 -0.0035611867797495974 0.025110382867671401 0.0044855828596354229 -0.020497852022985829 -0.045506475669318668 0.0075491114109357375 0.00030143209083113669 -0.0023804036090917355 0.0088710433606164971 -0.020629769103560087 -0.005609272448661197 0.0047633037849889679 0.0024587668091780759 -0.018978868440273557 0.024042804384086611 -0.028210175566593079 0.0076415504757090273 -0.018038023364198776 -0.0057066126745971826
leaf_weight=207.79658200283848 159.91158424424702 2025.7011223774743 23.106332739171194 13.496647218915312 24.570963768106594 36.691491205507191 19.694670317803684 25.428694500413258 25.451718393873307 9.140101270779267 8.2946605868128227 47.351847355625068 14.901648455244866 64.239834319759666 85.81373289398374 48.695416761146191 3.6791228302531627 93.058454915123093 16.366386885846513 11.71464396750673 11.929799292081496 7.6133097531273952
leaf_count=518221 1652 630577 297 115 130 1168 189 290 155 53 63 275 329 16076 14233 19400 1090 2195 4253 1751 1595 84
internal_value=3.8122e-11 0.000757214 -0.00468523 0.00456709 0.016319 -0.00687711 -0.0132265 -0.0203149 -0.00618441 -0.0312128 -0.0378695 -0.00262403 -0.00815072 0.00134397 0.00586529 0.00890689 0.0138734 0.0158227 0.00062539 -0.0151747 0.000564486 0.0214807
internal_weight=2984.65 2576.61 408.04 76.0756 38.0676 331.965 124.701 88.0098 45.1464 42.8635 33.7234 207.263 38.008 2368.81 315.03 250.79 153.046 149.367 2053.78 28.081 97.7435 100.672
internal_count=1214191 1209475 4716 871 245 3845 1918 750 344 406 353 1927 626 691254 54673 38597 22769 21679 636581 6004 15828 2279
is_linear=0
shrinkage=0.04


Tree=240
num_leaves=23
num_cat=0
split_feature=15 14 15 17 28 22 8 4 17 18 23 5 31 30 18 15 2 18 17 23 17 20
split_gain=5.56271 8.78392 7.62427 8.09404 7.42567 6.4791 8.5504 12.571 12.1266 7.95275 5.86495 5.75616 9.22224 6.57013 5.35169 9.151 6.74744 6.61836 9.26753 8.58689 6.91279 8.23881
threshold=3.5694335699081425 1.0642340183258059 3.7726949453353886 9.3102660179138201 0.0082011120393872278 25.500000000000004 0.70035317540168773 0.41423617303371435 4.8903210163116464 1.198590159416199 4.5000000000000009 1.4390984773635866 8.3079695701599139 2.83436131477356 0.10364061221480371 4.0689902305603036 0.14252918958663943 0.64517706632614147 5.2958111763000497 2.5000000000000004 7.7419674396514901 1.0000000180025095e-35
decision_type=2 2 2 2 2 2 2 2 2 2 2 2 2 2 2 2 2 2 2 2 2 2
left_child=-1 -2 4 5 -3 6 -4 9 -9 -8 -10 -6 13 -13 15 -7 -17 18 -16 -20 21 -19
right_child=1 2 3 -5 11 14 7 8 10 -11 -12 12 -14 -15 17 16 -18 20 19 -21 -22 -23
leaf_value=-0.0019096268152484998 -0.018501207668204452 -0.012444409023763434 -0.015109550046597987 -0.014912866543265882 0.016379962029267253 -0.015746567635153915 -0.012852229388454924 0.016302644515182867 -0.025765614141659569 0.019224101961180819 0.0081904189364649001 -0.03034902357007023 0.014301252193035015 0.0035604549827320986 -0.029962174698635779 0.022795751793995289 -0.01199321430981932 0.0025596770466938352 0.0099627967036195267 -0.013220848648478386 0.0088675625371443835 -0.0093589944621116899
leaf_weight=1337.1649069618002 24.327486894210097 14.355333369111802 72.206548293550327 39.73300367411457 118.46918955122351 7.1531373918863883 8.1154954104713379 11.17011554174803 35.503557666288089 50.026591162853492 4.9781757997975538 9.2044529918381404 25.586106268690855 13.913003434652067 13.319083952187269 50.910587228792451 4.0873013538694059 742.04579046390177 43.536244699870053 39.013717727563517 226.04033454647674 95.967510525958232
leaf_count=744036 114544 4957 42440 17983 30449 780 283 1471 7365 7029 416 2090 1476 2525 1308 3093 99 161280 2015 3628 42427 22497
internal_value=-5.159e-12 0.00155006 0.00196148 0.0009597 0.00946317 0.00151115 -0.00534161 0.00180737 -0.011429 0.0135178 -0.0207946 0.0119406 0.000191311 -0.0150282 0.00256679 0.0131592 0.0187629 0.0018916 -0.00768235 -0.0012386 0.00281769 0.00110051
internal_weight=2986.83 1649.66 1625.34 1443.81 181.528 1404.07 182 109.794 51.6518 58.1421 40.4817 167.173 48.7036 23.1175 1222.07 62.151 54.9979 1159.92 95.869 82.55 1064.05 838.013
internal_count=1214191 470155 355611 314114 41497 296131 59004 16564 9252 7312 7781 36540 6091 4615 237127 3972 3192 233155 6951 5643 226204 183777
is_linear=0
shrinkage=0.04


Tree=241
num_leaves=23
num_cat=0
split_feature=26 8 18 12 18 18 22 29 30 6 17 5 2 15 2 28 29 5 8 3 22 5
split_gain=6.01752 6.73015 5.44086 9.09193 9.08592 6.72747 7.15282 6.72565 11.0958 7.17889 7.15736 7.02991 7.59183 7.23558 6.57938 6.98531 7.75319 7.35066 7.02118 6.57123 6.08411 8.11827
threshold=0.97964814305305492 0.9234740436077119 3.757416963577271 0.91968709230422985 8.998077869415285 0.23994313180446628 24.500000000000004 0.76069810986518871 2.7766972780227666 1.1528213620185854 7.439265489578248 0.45292082428932195 0.065598975867033019 4.5163240432739267 0.22477746754884723 0.48977114260196691 0.55239713191986095 0.78245833516120922 0.74908423423767101 0.23401433974504474 34.500000000000007 0.71004286408424389
decision_type=2 2 2 2 2 2 2 2 2 2 2 2 2 2 2 2 2 2 2 2 2 2
left_child=1 2 3 -1 -4 6 -5 9 19 10 20 -11 13 -13 15 -6 -17 -18 -19 -9 -7 -22
right_child=-2 -3 4 5 14 7 -8 8 -10 11 -12 12 -14 -15 -16 16 17 18 -20 -21 21 -23
leaf_value=0.013110590643237477 -0.0044618543396204831 0.0027237620748574698 -0.022930188074820321 0.0058789931978337293 -0.0109367251697068 -0.0052781437154587772 -0.019239003406682411 0.016946342911350897 -0.011056526659484501 -0.0058218226255967054 -0.0094112445734255944 0.03032367371940976 -0.0057135330526733022 -0.010378809607924087 0.018237268269435274 0.016980003604785628 0.0081219726291268893 -0.027782605250522549 0.0073709914059305152 -0.013001445260747093 0.0086032306909703433 -0.0048687642076518638
leaf_weight=67.798143205894007 406.59418246672794 1307.1250598146539 35.009207270318029 20.425410498950782 116.63805811468063 215.75598823934808 50.316248858394715 93.371339284326496 29.292201560105241 26.660811812874272 183.89067950511537 32.52706508377014 13.265979903491823 3.2804316434230705 11.704597075985928 30.561078341406244 26.019441533187546 17.953466867874685 8.3358626894887475 5.8815373200341119 174.93819366119499 108.45193219610405
leaf_count=25117 4716 240994 436943 7617 111829 97976 31374 1620 654 3599 104455 1237 684 350 2314 17717 8477 5969 1613 106 97155 11675
internal_value=-7.50043e-10 0.000717897 -0.0013484 -4.56838e-05 -0.00656241 -0.00110252 -0.0121567 -9.55602e-05 0.00801795 -0.0015565 -0.0028887 0.00939389 0.0172465 0.0251431 -0.00293547 -0.00498881 0.00365899 -0.00559982 -0.0176765 0.0141441 -0.000348075 0.00345735
internal_weight=2985.8 2579.2 1272.08 1025.86 246.222 958.058 70.7417 887.316 128.545 758.771 683.037 75.7343 49.0735 35.8075 211.213 199.508 82.8698 52.3088 26.2893 99.2529 499.146 283.39
internal_count=1214191 1209475 968481 383619 584862 358502 38991 319511 2380 317131 311261 5870 2271 1587 147919 145605 33776 16059 7582 1726 206806 108830
is_linear=0
shrinkage=0.04


Tree=242
num_leaves=23
num_cat=0
split_feature=3 3 3 14 5 29 15 3 18 15 6 29 22 22 15 15 13 2 22 18 26 7
split_gain=5.63811 15.429 23.9395 6.78947 6.28983 8.21779 7.82108 7.04434 5.71448 9.5927 7.13538 7.07438 5.978 5.68855 5.62879 11.2714 8.14594 8.27771 7.9562 7.15532 7.67033 7.63075
threshold=0.072977595031261458 0.0028937865281477575 0.025899167172610763 1.1629040241241457 1.4782678484916689 0.31993943452835089 2.1383330821990971 0.027244737371802333 0.29086543619632726 5.1029059886932382 0.18995435535907748 0.84311452507972728 42.500000000000007 52.500000000000007 4.9522936344146737 5.4445774555206308 0.99997213482856762 0.035930652171373374 49.500000000000007 2.7206075191497807 0.69524323940277111 0.18970406800508502
decision_type=2 2 2 2 2 2 2 2 2 2 2 2 2 2 2 2 2 2 2 2 2 2
left_child=1 3 -3 -1 -4 -6 -7 -8 9 -5 11 -10 -13 -2 19 -16 -17 -18 -19 20 -12 -21
right_child=13 2 4 8 5 6 7 -9 10 -11 14 12 -14 -15 15 16 17 18 -20 21 -22 -23
leaf_value=-0.013607865931737004 0.0020849412056638552 -0.031236194248559581 0.001763400360340648 -0.014372230012780613 0.0085745750140762307 0.0067125841408015516 0.0090995564271560102 -0.039182470227458965 0.0062256347963365556 0.012580072500147659 -0.0074862430157406883 -0.017056967339393263 0.0078978018001273059 -0.020019389716968858 -0.024274726531434559 -0.019580952465642763 0.02155874047482724 -0.016842439431270687 0.01471399708144755 0.0095252653973058703 0.0060865378925986958 -0.010542751794859083
leaf_weight=46.21855456127696 1419.8282107335781 57.565818020725203 127.1546461479399 77.25252411475185 11.564874162851991 6.5385488050496887 1.8782337173424846 19.074665302598987 488.46060424759048 19.405335820355504 75.307113636171493 32.023377951119187 16.816682630364994 8.9421573450258602 38.037809689338246 13.83549760952428 24.483647134818398 22.322445650965619 11.735496511292693 30.118107581400238 306.37818252982106 132.50170108407366
leaf_count=190053 389412 201706 66291 9413 1738 1128 97 4119 137027 1207 24044 4720 1022 3762 11127 5156 2928 4181 456 14540 6624 133440
internal_value=-2.76997e-10 -0.00165866 -0.0111382 1.44757e-06 -0.00279975 -0.0149869 -0.024542 -0.0333129 0.000590571 -0.00828905 0.00137356 0.00474736 -0.00858256 0.00180842 -0.00142493 -0.00925114 0.000632815 0.00756987 -0.00509721 0.000300906 0.00328585 -0.00648955
internal_weight=2987.44 1558.67 223.777 1334.9 166.211 39.0563 27.4914 20.9529 1288.68 96.6579 1192.02 537.301 48.8401 1428.77 654.72 110.415 72.3771 58.5416 34.0579 544.305 381.685 162.62
internal_count=1214191 821017 275079 545938 73373 7082 5344 4216 355885 10620 345265 142769 5742 393174 202496 23848 12721 7565 4637 178648 30668 147980
is_linear=0
shrinkage=0.04


Tree=243
num_leaves=23
num_cat=0
split_feature=26 8 9 29 30 24 18 29 24 5 14 9 3 15 3 22 20 14 31 25 31 5
split_gain=5.98894 6.63897 6.2278 6.65177 9.84591 7.96451 5.67895 9.78076 6.77913 8.54997 5.24496 5.81636 6.6079 8.5953 6.22788 6.01754 5.58801 5.08277 5.06424 4.86805 8.87448 5.73269
threshold=0.97964814305305492 0.9234740436077119 0.70834773778915416 0.75323060154914867 2.6110332012176518 1.0000000180025095e-35 0.85931196808815014 0.70956259965896618 1.2424533367156985 0.1824695020914078 2.5620021820068364 0.505079746246338 0.17289555072784427 2.1383330821990971 0.20476148277521136 22.500000000000004 1.0000000180025095e-35 2.9412250518798833 6.3673260211944589 1.0000000180025095e-35 8.0610079765319842 1.7310650348663332
decision_type=2 2 2 2 2 2 2 2 2 2 2 2 2 2 2 2 2 2 2 2 2 2
left_child=1 2 3 10 5 -5 -4 8 -8 -10 11 12 -1 15 16 -14 -15 -6 -13 21 -21 -2
right_child=19 -3 6 4 17 -7 7 -9 9 -11 -12 18 13 14 -16 -17 -18 -19 -20 20 -22 -23
leaf_value=-0.0062521586647327279 -0.0032769196551195863 0.0027065832301995424 0.015858300262141627 0.0012218146444088456 -0.024074392201557798 0.021193157789279743 -0.0030812727547578174 -0.01650586745031558 -0.011387914464028195 0.018446924674831923 -0.011594381605732562 0.017327655240458421 0.0062621050901878498 0.019330309486458502 0.00026928842811121435 -0.023126989701684857 -0.012930788134762113 0.0019487160039792647 -0.0023544126679562525 -0.0084285818281308253 0.016044566691688196 -0.015262015789556051
leaf_weight=500.33306556524235 253.70688355528182 1309.3397439938308 44.611530206445423 74.833216285782555 14.622167705641798 47.518196835139292 74.151904191453696 30.682631944830973 12.08105394118604 65.393680163543536 116.10327413439859 31.461447593068783 11.773105297337166 52.365240511392756 109.30168611108974 21.831789897280544 2.914929015351162 20.764899634024914 38.007010123995542 37.846241787199688 38.082071477798308 79.294167851267957
leaf_count=677056 2999 240994 2085 16060 11188 9292 28066 13241 4948 21893 9647 16945 12399 18112 58673 22351 2383 628 43514 626 245 846
internal_value=-5.78006e-10 0.000718203 -0.00133891 -0.00264938 0.0047087 0.00999342 0.00453558 0.00108433 0.00544483 0.0130246 -0.00400019 -0.00271784 -0.00383877 0.00226161 0.00613274 -0.013756 0.015909 -0.0117393 0.00761813 -0.00443697 0.00428473 -0.00649256
internal_weight=2987.02 2578.09 1268.75 1041.83 157.738 122.351 226.921 182.309 151.627 77.4747 884.092 767.988 698.52 198.187 164.582 33.6049 55.2802 35.3871 69.4685 408.929 75.9283 333.001
internal_count=1214191 1209475 968481 898248 37168 25352 70233 68148 54907 26841 861080 851433 790974 113918 79168 34750 20495 11816 60459 4716 871 3845
is_linear=0
shrinkage=0.04


Tree=244
num_leaves=23
num_cat=0
split_feature=3 3 3 14 5 29 6 15 6 22 14 0 7 4 5 4 8 29 2 17 17 2
split_gain=5.46758 14.9735 22.6104 6.46371 5.74022 8.47707 6.93096 5.52558 5.10279 7.02364 9.28397 6.95573 8.92065 9.19739 13.5268 13.2339 11.4715 11.102 8.33514 7.14996 7.14104 7.05702
threshold=0.072977595031261458 0.0028937865281477575 0.025899167172610763 1.1629040241241457 1.5159144997596743 0.31993943452835089 1.2058480978012087 2.9700856208801274 0.18995435535907748 16.500000000000004 1.6222324371337893 0.012733212206512691 0.14396177232265475 0.73379895091056835 1.3629146218299868 0.91892123222351085 0.80703139305114757 0.34948821365833288 1.0000000180025095e-35 8.6130485534667987 8.8415904045104998 0.027163083665072921
decision_type=2 2 2 2 2 2 2 2 2 2 2 2 2 2 2 2 2 2 2 2 2 2
left_child=1 3 -3 7 -4 -6 -7 -1 9 10 -5 -10 21 14 16 -15 20 -18 -16 -19 -14 -13
right_child=-2 2 4 8 5 6 -8 -9 11 -11 -12 12 13 15 18 -17 17 19 -20 -21 -22 -23
leaf_value=-0.00062510030991153433 0.0017792237551299741 -0.030754640714558207 0.0011344747703107708 0.0096406664917759767 0.0098185973962337837 -0.035303424553645969 0.003278297008601543 -0.026040450545754795 -0.01204349783967777 0.0044184586604716237 -0.0272053405918718 -0.0033729856553168357 -0.0097160328244148796 0.015203033136842735 0.010436463813035457 -0.0049589756445902865 -0.01075018429188042 0.022068302456755669 -0.020521886010744585 -0.014939295395632872 0.0129177795474979 0.018473623988971229
leaf_weight=28.116256757576963 1430.8239833519351 56.37488229460152 132.73715040579376 11.821814375427268 9.7169928018961382 16.556525371728529 8.1616514153009785 17.639475643611917 80.710823288502979 549.87793840142763 16.57809975181101 32.692793761766779 143.49765387767127 89.200498728261266 9.7740032225285614 102.03204122906698 21.183012228389316 59.052911923971351 98.174691075411147 2.5074107468483353 17.22666271214888 55.935512123766898
leaf_count=96138 393174 201706 67144 7425 1470 3767 992 93915 31520 137234 4563 8361 92031 9769 1398 15337 4629 5121 18982 825 10076 8614
internal_value=-2.01441e-10 -0.00163328 -0.0109777 1.92335e-07 -0.00294895 -0.0154023 -0.0252893 -0.0133362 0.00057206 0.00333364 -0.0133513 -0.00168601 -0.000194616 -0.00216931 -0.00595284 0.00473375 -0.000543954 0.0108019 -0.0170716 0.0186839 -0.00667556 0.01089
internal_weight=2990.39 1559.57 223.547 1336.02 167.172 34.4352 24.7182 45.7557 1290.27 578.278 28.3999 711.988 631.277 542.649 351.416 191.233 243.468 82.7433 107.949 61.5603 160.724 88.6283
internal_count=1214191 821017 275079 545938 73373 6229 4759 190053 355885 149222 11988 206663 175143 158168 133062 25106 112682 10575 20380 5946 102107 16975
is_linear=0
shrinkage=0.04


Tree=245
num_leaves=23
num_cat=0
split_feature=15 27 30 15 12 8 0 12 8 28 31 28 18 13 24 15 18 30 15 28 28 7
split_gain=5.24424 8.30456 6.19057 5.85082 5.74925 5.64685 7.12721 7.98252 6.64943 6.06553 5.83756 5.81219 5.54403 5.52978 5.50056 8.27575 5.35108 5.34994 5.29739 5.14785 13.5153 5.13806
threshold=6.4960203170776376 0.47795742750167852 1.0061321854591372 6.1748266220092782 0.97657823562622081 0.40390202403068548 0.12703170627355578 0.71133798360824596 0.021380676887929443 0.81193733215332042 7.4042761325836191 0.49678570032119757 0.36620551347732549 0.50377893447875988 1.7005987167358401 3.979637980461121 2.966698527336121 0.57520237565040599 5.744603395462037 0.23519399017095569 0.39558291435241705 0.42937469482421881
decision_type=2 2 2 2 2 2 2 2 2 2 2 2 2 2 2 2 2 2 2 2 2 2
left_child=3 2 21 5 -4 6 7 11 16 14 -10 -1 -5 -11 -8 -16 -9 -3 -7 -12 -21 -2
right_child=1 17 4 12 -6 18 9 8 10 13 19 -13 -14 -15 15 -17 -18 -19 -20 20 -22 -23
leaf_value=-0.025505084775963211 -0.016051842321215551 0.008904267474361155 0.021676720859878863 0.0093307197079392241 -0.0064880626380624754 0.00036587994506503713 0.016060800940469966 -0.00021816557021253949 -0.0010347016870778962 0.01194404396563928 -0.021349110059270239 0.00069693005595563001 -0.020997913251698766 -0.020416062826662581 -0.02344748277752378 0.013490343113450091 0.020618427000116207 -0.025595405627569234 0.0095029330407379528 0.0091633950579204145 -0.023078964242516414 0.012000692992323203
leaf_weight=39.464078459882273 13.28310391832605 5.2995964978731527 62.884518219953634 6.4400594478482267 9.1079471663223313 2165.3361682347881 59.215010031876091 176.58165800178932 114.13600757952247 5.0425871848914321 57.464409033738434 17.936117077531264 28.774600911324058 14.146206532832196 9.0242523041213207 10.566390015162538 12.171051474033503 8.553491345343728 96.577454316931835 40.747602778022838 25.798116465049361 9.5337703509923113
leaf_count=189168 5375 309 12382 719 1393 568485 21299 147741 39646 875 87906 69061 12500 4660 7909 2050 6459 1598 12638 14469 6739 810
internal_value=-5.5016e-10 0.00824147 0.0125619 -0.00033846 0.0177568 -0.000111123 -0.00358923 -0.00557477 -0.00346416 0.00583108 -0.00777732 -0.018429 -0.0146145 -0.0107336 0.010619 -0.00569853 0.0020952 -0.0141974 0.000796118 -0.0134428 -0.00471827 -0.00424531
internal_weight=2988.08 108.662 94.8093 2879.42 71.9925 2844.21 582.293 484.299 426.899 97.9944 238.146 57.4002 35.2147 19.1888 78.8057 19.5906 188.753 13.8531 2261.91 124.01 66.5457 22.8169
internal_count=1214191 21867 19960 1192324 13775 1179105 597982 561189 302960 36793 148760 258229 13219 5535 31258 9959 154200 1907 581123 109114 21208 6185
is_linear=0
shrinkage=0.04


Tree=246
num_leaves=23
num_cat=0
split_feature=26 15 6 9 2 2 1 26 26 30 28 26 22 16 13 29 23 26 2 18 24 2
split_gain=5.53791 6.01312 5.016 8.66535 8.14621 9.28849 7.72863 8.07012 6.32148 5.36973 4.94182 6.05657 5.60518 5.58138 6.43842 8.76093 5.66145 7.1085 5.78974 5.23762 5.23132 5.12766
threshold=0.97964814305305492 1.8688347935676577 0.048754690214991576 0.44921663403511053 0.082713048905134215 0.26735170185565954 0.0076285821851342925 0.67737483978271495 0.78973713517189037 2.3808916807174687 0.11007575318217279 0.78973713517189037 15.500000000000002 4.9743888378143319 0.80101704597473156 0.3905631303787232 2.5000000000000004 0.74885335564613353 0.068140637129545226 1.0932304859161379 4.5950689315795907 0.0015999326715245845
decision_type=2 2 2 2 2 2 2 2 2 2 2 2 2 2 2 2 2 2 2 2 2 2
left_child=1 2 6 -4 8 -6 7 -1 -5 -8 11 12 19 14 15 -12 17 -17 -18 -3 -19 -13
right_child=-2 10 3 4 5 -7 9 -9 -10 -11 13 21 -14 -15 -16 16 18 20 -20 -21 -22 -23
leaf_value=-0.023293467942961762 -0.0042707136279884822 -0.010597641359635626 -0.018123140614396665 -0.0050039080610634517 -0.025246747146076786 0.012026802301236761 0.012057502690451104 0.012017241523797089 0.014934460822706894 -0.0054912714644985618 -0.019625601359686513 -0.013310670395696698 -0.0051017377926537424 0.0045550595906754931 0.0017910768613331029 0.0067220725554476904 -0.0070419995389410864 -0.027859828398344486 0.014579979101287374 0.016853067160247228 0.0078402678783437135 0.011861018329918942
leaf_weight=23.103767130380678 408.20397447059759 7.9377732962103087 73.946847685150772 42.258550415042293 25.426092402550296 8.3432318122180487 74.78230669953183 7.7546295012216424 42.25398572037443 34.47827077673594 47.68186005273148 7.0090251188062203 410.75444474751231 928.37660991689472 642.33751388713802 17.972262317542089 24.492166862456372 20.029705175592884 41.517072870122206 27.739946196264214 3.6825054025212003 65.158264824369326
leaf_count=50168 4716 4331 93635 42745 20544 3050 54817 319 3544 32840 57061 339 285325 302416 188110 22486 21140 1865 10831 12864 218 827
internal_value=-2.68246e-10 0.000690376 -0.00425297 -0.00828901 -0.00120746 -0.015394 0.00146737 -0.0136506 0.00549015 0.0065237 0.0014379 -0.00195912 -0.00372595 0.00246394 4.02756e-06 -0.00704538 -0.000281173 -0.0104735 0.00668635 0.00976265 -0.0216345 0.00809388
internal_weight=2985.24 2577.04 332.348 192.229 118.282 33.7693 140.119 30.8584 84.5125 109.261 2244.69 518.599 446.432 1726.09 797.713 155.376 107.694 41.6845 66.0092 35.6777 23.7122 72.1673
internal_count=1214191 1209475 301662 163518 69883 23594 138144 50487 46289 87657 907813 303686 302520 604127 301711 113601 56540 24569 31971 17195 2083 1166
is_linear=0
shrinkage=0.04


Tree=247
num_leaves=23
num_cat=0
split_feature=26 8 18 12 18 22 20 6 31 9 9 28 1 24 22 18 29 6 22 9 28 27
split_gain=5.36323 5.85387 5.69814 7.60107 7.02262 10.3842 9.29639 7.89634 7.06347 6.72617 7.53625 6.19024 5.629 5.4627 6.11109 5.66017 5.8905 5.36416 5.32495 6.70894 5.09735 4.9146
threshold=0.97964814305305492 0.67261725664138805 2.7206075191497807 0.91968709230422985 0.68685325980186474 29.500000000000004 1.0000000180025095e-35 0.86263784766197216 8.9077382087707537 0.505079746246338 0.16899706423282626 0.37478668987751013 0.22836862504482272 1.7005987167358401 24.500000000000004 1.3525660634040835 0.58933719992637645 1.0000000180025095e-35 19.500000000000004 0.13062641024589541 0.12741123139858249 0.96805655956268322
decision_type=2 2 2 2 2 2 2 2 2 2 2 2 2 2 2 2 2 2 2 2 2 2
left_child=1 2 3 -1 7 13 8 17 11 10 -4 12 -7 15 -15 -6 18 20 19 -17 -5 -2
right_child=21 -3 9 4 5 6 -8 -9 -10 -11 -12 -13 -14 14 -16 16 -18 -19 -20 -21 -22 -23
leaf_value=0.014199609969785462 -0.0054531727763795189 0.0022646250111853436 -0.0042201028302235521 -0.014674513085306611 -0.023913985308115449 0.0076325348331396656 -0.012161279977124989 0.0088482285044913338 -0.0022705771100875135 0.0027591287438282291 -0.021537835563704377 0.017567618100461476 -0.010908082391109582 0.0089615094352689315 -0.013588725812338253 0.013545482052468825 0.0079949142558418135 -0.020781372029808162 -0.020485341052428205 -0.015154963259415281 0.0052907386837489504 0.0096633110798986718
leaf_weight=46.661090948630203 381.36673935201497 1519.706955602921 113.07674086094539 26.755729430551639 30.351058707052118 157.20719181202332 38.851424197925326 26.634176510795442 103.50992940925158 77.987105624861897 58.535223265994091 94.782798678292238 22.005436897669142 52.863805675230878 17.890666129829128 18.804130268912786 29.263523264861306 56.395596429381669 33.539595637541879 13.813910672257292 37.8416728518323 28.634225290883478
leaf_count=16863 4400 316514 267045 45640 14214 86273 17340 1573 49013 98671 189227 2426 1894 22631 10727 10209 1204 22407 25126 4491 5987 316
internal_value=-1.11647e-10 0.000680793 -0.00159674 6.04182e-05 -0.000980121 0.000941918 0.00449401 -0.00851312 0.00647771 -0.00675168 -0.0109877 0.00974622 0.00489976 -0.00643668 0.00228292 -0.0111488 -0.00520529 -0.0127186 -0.0113272 0.000686725 -0.00383733 -0.0041925
internal_weight=2986.48 2576.48 1056.77 807.172 760.511 612.883 416.357 147.627 377.505 249.599 171.612 273.995 179.213 196.527 70.7545 125.772 95.4212 120.993 66.1576 32.618 64.5974 410.001
internal_count=1214191 1209475 892961 338018 321155 245548 156946 75607 139606 554943 456272 90593 88167 88602 33358 55244 41030 74034 39826 14700 51627 4716
is_linear=0
shrinkage=0.04


Tree=248
num_leaves=23
num_cat=0
split_feature=26 8 27 9 8 30 31 10 12 17 28 28 1 14 22 25 31 29 31 22 29 16
split_gain=6.07826 5.69828 6.59656 6.18904 6.68291 5.99731 5.92226 7.03598 6.92493 5.83982 5.42545 5.2385 8.03575 6.81391 6.61162 5.1563 8.98235 5.29106 7.41778 10.0116 6.47991 9.25129
threshold=0.97964814305305492 0.3794813752174378 0.69110804796218883 0.53646740317344677 0.3454707562923432 3.4868162870407109 9.6425895690917987 0.87500000000000011 0.92787966132164013 6.9092540740966806 0.49678570032119757 0.4666306227445603 0.02065281663089991 2.8720113039016728 13.500000000000002 1.0000000180025095e-35 8.0610079765319842 0.549810290336609 8.1347699165344256 48.500000000000007 0.47361293435096746 4.9905772209167489
decision_type=2 2 2 2 2 2 2 2 2 2 2 2 2 2 2 2 2 2 2 2 2 2
left_child=1 2 3 6 5 -5 7 10 -9 -4 -1 12 14 -13 -10 17 -17 20 -19 -20 21 -2
right_child=15 -3 9 4 -6 -7 -8 8 11 -11 -12 13 -14 -15 -16 16 -18 18 19 -21 -22 -23
leaf_value=-0.022946230238208347 0.0062926301695444579 0.0016994390879610569 0.020339481060721712 0.00050311447438587318 -0.019802647749672959 0.019183121958456305 -0.020694989262720474 0.014449518604525896 0.011584501676339622 -0.0093672923471149212 0.0013984537757580828 -0.024037885610225362 0.0040258329434764472 0.011273155115163764 -0.014976721866305512 -0.0081631043120136866 0.016477266194917052 -0.0038832425005511026 -0.024105315681763266 0.0069512599469362633 0.012868452685673406 -0.022542648169341702
leaf_weight=40.785044468432062 33.464265417456772 2033.418419677947 24.400417382449803 89.265878660870726 8.0089037611737677 30.10858029866813 33.306615191614185 26.999181167563393 10.529380758931323 8.3892541369716565 19.041810843665274 26.645120413652425 146.6646559858433 4.9837631365517145 73.604556975457399 38.316432776216971 37.587293427259283 158.88831788222888 71.117645615760921 16.087264967500232 36.353418782593508 21.530692021327923
leaf_count=167109 726 628026 5244 31787 4468 7612 74337 17908 6876 3448 56118 2562 72859 28 131093 626 245 1583 633 99 166 638
internal_value=-2.64576e-10 0.000727316 -0.00287972 -0.00407572 0.00336814 0.00633317 -0.00657701 -0.00469207 -0.00187335 0.0123261 -0.0161072 -0.00402144 -0.00159301 -0.0171025 -0.0107751 -0.00444306 0.00453643 -0.00653533 -0.00948819 -0.0182504 0.00157098 -0.00672792
internal_weight=2989.5 2576.15 542.733 509.943 127.383 119.374 382.56 349.254 289.427 32.7897 59.8269 262.427 230.799 31.6289 84.1339 413.345 75.9037 337.442 246.093 87.2049 91.3484 54.995
internal_count=1214191 1209475 581449 572757 43867 39399 528890 454553 231326 8692 223227 213418 210828 2590 137969 4716 871 3845 2315 732 1530 1364
is_linear=0
shrinkage=0.04


Tree=249
num_leaves=23
num_cat=0
split_feature=26 12 15 22 12 31 18 16 1 15 1 15 27 22 2 16 18 31 16 18 31 29
split_gain=6.0353 5.39823 8.33203 5.8563 6.23251 6.14898 8.28184 5.82719 5.77769 8.73783 5.98146 6.79007 5.3453 7.91881 9.08184 13.0093 7.35013 9.2141 8.57695 8.11975 5.58903 7.42563
threshold=0.97964814305305492 0.6602836847305299 4.7492611408233651 36.500000000000007 0.10764531418681146 3.7488808631896977 3.4643369913101201 4.8247368335723886 0.24647700041532519 3.7954261302948002 0.44368483126163488 3.3842465877532963 0.96805655956268322 45.500000000000007 0.0057155713438987741 4.9714753627777108 1.260837256908417 6.8167333602905282 4.9573163986206064 8.998077869415285 7.0630114078521737 0.97592997550964367
decision_type=2 2 2 2 2 2 2 2 2 2 2 2 2 2 2 2 2 2 2 2 2 2
left_child=1 2 3 4 5 -1 -7 -4 -5 10 -10 -12 13 14 15 -2 17 -16 19 -18 21 -20
right_child=12 -3 7 8 -6 6 -8 -9 9 -11 11 -13 -14 -15 16 -17 18 -19 20 -21 -22 -23
leaf_value=0.010726632312628557 0.020458981570219997 0.0015834753297009768 -0.013762254728349249 -0.021195364916348863 -0.010778863634451494 0.013984828535393965 -0.016081223820538025 0.0081416842207920545 0.011784031759837697 -0.021630283985396483 -0.019294222117480928 0.011674073648390047 0.010036832181923186 0.0038340147277574482 0.0023737916282581231 -0.015514400476705704 -0.025427580371202164 -0.029954661380335385 -0.02131591025552251 0.0019279472949709539 0.0063721488901895039 0.011105805156693379
leaf_weight=71.522440505427653 28.522124581170829 2113.6283427484027 13.590460340359924 56.574486415024268 62.162366449659658 13.138453715264914 33.184175569971671 118.68011559251812 39.407667931000617 24.26783711488136 20.841246770234708 9.6666319980281497 28.642514304674478 97.629946435537022 16.63575700347792 18.349935571889546 45.154210666558356 49.856679787859321 23.098792170303568 23.395242373360816 73.324021536473083 9.5971748854572052
leaf_count=67698 546 410261 18319 132868 19689 3178 316667 102988 66376 35430 30265 5736 316 944 91 635 632 343 362 150 524 173
internal_value=-3.94254e-12 0.000725241 -0.00314302 -0.00648474 -0.00144328 0.0039391 -0.00658469 0.00508197 -0.0120401 -0.0050341 0.00271228 -0.00902215 -0.00442227 -0.00572297 -0.00898339 0.00612412 -0.0120478 -0.0226135 -0.00701627 -0.0170345 0.000371183 -0.011427
internal_weight=2990.87 2576.66 463.036 330.765 180.007 117.845 46.3226 132.271 150.758 94.1834 69.9155 30.5079 414.206 385.564 287.934 46.8721 241.062 66.4924 174.569 68.5495 106.02 32.696
internal_count=1214191 1209475 799214 677907 407232 387543 319845 121307 270675 137807 102377 36001 4716 4400 3456 1181 2275 434 1841 782 1059 535
is_linear=0
shrinkage=0.04


end of trees

feature_importances:
bm_relative=504
coverage_description=369
log_location_inventory=341
filter=337
log_reviews=299
log_distance=283
geo=250
char_relative=237
location_probability=227
micro=227
log_price=195
coverage_params=192
title_length=178
description=174
rating=161
coverage_title=159
char=155
bm_description=151
bm_title_relative=144
bm_params=142
word_relative=137
bm_title=134
word=129
micro_confidence=112
bm_hybrid=110
query_length=69
history_count=44
message_forbidden=11
phone_hidden=10
exact_title_phrase=10
has_center=6
same_location=3

parameters:
[boosting: gbdt]
[objective: lambdarank]
[metric: ndcg]
[tree_learner: serial]
[device_type: cpu]
[data_sample_strategy: bagging]
[data: ]
[valid: ]
[num_iterations: 300]
[learning_rate: 0.04]
[num_leaves: 23]
[num_threads: 4]
[seed: 2026]
[deterministic: 1]
[force_col_wise: 1]
[force_row_wise: 0]
[histogram_pool_size: -1]
[max_depth: -1]
[min_data_in_leaf: 80]
[min_sum_hessian_in_leaf: 0.001]
[bagging_fraction: 1]
[pos_bagging_fraction: 1]
[neg_bagging_fraction: 1]
[bagging_freq: 0]
[bagging_seed: 26038]
[bagging_by_query: 0]
[feature_fraction: 0.9]
[feature_fraction_bynode: 1]
[feature_fraction_seed: 28694]
[extra_trees: 0]
[extra_seed: 4728]
[early_stopping_round: 0]
[early_stopping_min_delta: 0]
[first_metric_only: 0]
[max_delta_step: 0]
[lambda_l1: 0]
[lambda_l2: 10]
[linear_lambda: 0]
[min_gain_to_split: 0]
[drop_rate: 0.1]
[max_drop: 50]
[skip_drop: 0.5]
[xgboost_dart_mode: 0]
[uniform_drop: 0]
[drop_seed: 5409]
[top_rate: 0.2]
[other_rate: 0.1]
[min_data_per_group: 100]
[max_cat_threshold: 32]
[cat_l2: 10]
[cat_smooth: 10]
[max_cat_to_onehot: 4]
[top_k: 20]
[monotone_constraints: ]
[monotone_constraints_method: basic]
[monotone_penalty: 0]
[feature_contri: ]
[forcedsplits_filename: ]
[refit_decay_rate: 0.9]
[cegb_tradeoff: 1]
[cegb_penalty_split: 0]
[cegb_penalty_feature_lazy: ]
[cegb_penalty_feature_coupled: ]
[path_smooth: 0]
[interaction_constraints: ]
[verbosity: -1]
[saved_feature_importance_type: 0]
[use_quantized_grad: 0]
[num_grad_quant_bins: 4]
[quant_train_renew_leaf: 0]
[stochastic_rounding: 1]
[linear_tree: 0]
[max_bin: 255]
[max_bin_by_feature: ]
[min_data_in_bin: 3]
[bin_construct_sample_cnt: 200000]
[data_random_seed: 6654]
[is_enable_sparse: 1]
[enable_bundle: 1]
[use_missing: 1]
[zero_as_missing: 0]
[feature_pre_filter: 1]
[pre_partition: 0]
[two_round: 0]
[header: 0]
[label_column: ]
[weight_column: ]
[group_column: ]
[ignore_column: ]
[categorical_feature: ]
[forcedbins_filename: ]
[precise_float_parser: 0]
[parser_config_file: ]
[objective_seed: 199]
[num_class: 1]
[is_unbalance: 0]
[scale_pos_weight: 1]
[sigmoid: 1]
[boost_from_average: 1]
[reg_sqrt: 0]
[alpha: 0.9]
[fair_c: 1]
[poisson_max_delta_step: 0.7]
[tweedie_variance_power: 1.5]
[lambdarank_truncation_level: 60]
[lambdarank_norm: 1]
[label_gain: ]
[lambdarank_position_bias_regularization: 0]
[eval_at: 50]
[multi_error_top_k: 1]
[auc_mu_weights: ]
[num_machines: 1]
[local_listen_port: 12400]
[time_out: 120]
[machine_list_filename: ]
[machines: ]
[gpu_platform_id: -1]
[gpu_device_id: -1]
[gpu_device_id_list: ]
[gpu_use_dp: 0]
[num_gpu: 1]

end of parameters

pandas_categorical:null
